Loan ID,Borrower ID,Sector,Loan Type,Credit Rating,Rating Rank,Seniority,Collateral Type,Collateral Coverage,Origination Date,Maturity Date,Maturity Years,Committed Amount,Drawn Amount,Undrawn Amount,CCF,EAD,Base PD,Base LGD,Interest Rate
LN00001,BRW00001,Energy & Power,Working Capital / Revolving,BB,5,Senior Secured,Cash / Marketable Securities,0.4810000000,2024-09-30,2025-09-30,1.0000000000,2.8800000000,1.5100000000,1.3700000000,0.7500000000,2.5375000000,0.0139215684,0.1983000000,0.1592000000
LN00002,BRW00002,Healthcare,Term Loan,BBB,4,Senior Unsecured,Unsecured,0.0000000000,2023-07-09,2029-06-01,5.9000000000,5.2200000000,5.2200000000,0.0000000000,0.0000000000,5.2200000000,0.0028402414,0.4500000000,0.0786000000
LN00003,BRW00003,Textiles,Term Loan,B,6,Senior Secured,Cash / Marketable Securities,0.6370000000,2023-05-18,2029-01-27,5.7000000000,7.7700000000,7.7700000000,0.0000000000,0.0000000000,7.7700000000,0.0461372428,0.1493000000,0.4285000000
LN00004,BRW00004,Textiles,Term Loan,BB,5,Senior Secured,Real Estate,0.6690000000,2022-10-25,2026-11-30,4.1000000000,35.2300000000,35.2300000000,0.0000000000,0.0000000000,35.2300000000,0.0149093853,0.2096000000,0.1829000000
LN00005,BRW00005,Energy & Power,Term Loan,AA,2,Senior Secured,Plant & Machinery,0.6570000000,2022-04-06,2027-02-28,4.9000000000,11.4700000000,11.4700000000,0.0000000000,0.0000000000,11.4700000000,0.0005274888,0.2580000000,0.0616000000
LN00006,BRW00006,Infrastructure,Term Loan,CCC,7,Senior Secured,Plant & Machinery,0.9970000000,2023-09-09,2032-11-20,9.2000000000,11.8900000000,11.8900000000,0.0000000000,0.0000000000,11.8900000000,0.1377713794,0.2104000000,1.1580000000
LN00007,BRW00007,Agriculture,Term Loan,BB,5,Senior Secured,Cash / Marketable Securities,0.7420000000,2023-10-27,2030-02-13,6.3000000000,98.3500000000,98.3500000000,0.0000000000,0.0000000000,98.3500000000,0.0142383108,0.1163000000,0.1775000000
LN00008,BRW00008,Retail & Consumer,Term Loan,BB,5,Senior Unsecured,Plant & Machinery,0.7660000000,2022-09-01,2028-01-25,5.4000000000,7.5100000000,7.5100000000,0.0000000000,0.0000000000,7.5100000000,0.0169367308,0.3122000000,0.1932000000
LN00009,BRW00009,Healthcare,Working Capital / Revolving,A,3,Senior Unsecured,Receivables,0.6620000000,2023-05-30,2024-05-29,1.0000000000,7.2800000000,4.9500000000,2.3300000000,0.7500000000,6.6975000000,0.0008645708,0.3011000000,0.0696000000
LN00010,BRW00010,Financial Services,Term Loan,BBB,4,Senior Secured,Receivables,0.8430000000,2024-09-16,2031-02-09,6.4000000000,9.0600000000,9.0600000000,0.0000000000,0.0000000000,9.0600000000,0.0029646926,0.2025000000,0.0782000000
LN00011,BRW00011,Infrastructure,Term Loan,BBB,4,Senior Secured,Plant & Machinery,1.0200000000,2023-08-18,2031-08-18,8.0000000000,1.6300000000,1.6300000000,0.0000000000,0.0000000000,1.6300000000,0.0031904022,0.2100000000,0.0788000000
LN00012,BRW00012,Agriculture,Term Loan,B,6,Senior Secured,Plant & Machinery,0.8800000000,2023-12-15,2028-12-14,5.0000000000,2.8800000000,2.8800000000,0.0000000000,0.0000000000,2.8800000000,0.0447568102,0.2269000000,0.4218000000
LN00013,BRW00013,Manufacturing,Term Loan,BB,5,Senior Secured,Plant & Machinery,0.8870000000,2025-03-30,2033-07-17,8.3000000000,2.7000000000,2.7000000000,0.0000000000,0.0000000000,2.7000000000,0.0129631831,0.2258000000,0.1650000000
LN00014,BRW00014,Energy & Power,Working Capital / Revolving,B,6,Senior Unsecured,Unsecured,0.0000000000,2024-02-02,2025-02-01,1.0000000000,8.5600000000,6.0700000000,2.4900000000,0.7500000000,7.9375000000,0.0445730806,0.4500000000,0.4212000000
LN00015,BRW00015,Retail & Consumer,Term Loan,BBB,4,Senior Secured,Real Estate,0.4740000000,2023-08-28,2032-02-26,8.5000000000,3.7700000000,3.7700000000,0.0000000000,0.0000000000,3.7700000000,0.0033769409,0.2505000000,0.0844000000
LN00016,BRW00016,Retail & Consumer,Term Loan,A,3,Senior Unsecured,Unsecured,0.0000000000,2022-07-12,2027-04-30,4.8000000000,5.1500000000,5.1500000000,0.0000000000,0.0000000000,5.1500000000,0.0008527779,0.4500000000,0.0628000000
LN00017,BRW00017,Agriculture,Working Capital / Revolving,BB,5,Senior Unsecured,Unsecured,0.0000000000,2023-10-30,2024-10-29,1.0000000000,13.3000000000,7.6800000000,5.6200000000,0.7500000000,11.8950000000,0.0135974489,0.4500000000,0.1756000000
LN00018,BRW00018,Real Estate,Term Loan,AA,2,Senior Unsecured,Unsecured,0.0000000000,2025-07-02,2029-08-07,4.1000000000,10.6200000000,10.6200000000,0.0000000000,0.0000000000,10.6200000000,0.0004296925,0.4500000000,0.0558000000
LN00019,BRW00019,Agriculture,Term Loan,B,6,Senior Unsecured,Unsecured,0.0000000000,2022-03-11,2027-09-09,5.5000000000,3.8100000000,3.8100000000,0.0000000000,0.0000000000,3.8100000000,0.0441594420,0.4500000000,0.4195000000
LN00020,BRW00020,Energy & Power,Term Loan,BB,5,Senior Secured,Cash / Marketable Securities,0.3760000000,2023-11-03,2031-12-09,8.1000000000,2.2900000000,2.2900000000,0.0000000000,0.0000000000,2.2900000000,0.0155406718,0.2317000000,0.1909000000
LN00021,BRW00021,Infrastructure,Term Loan,BB,5,Senior Unsecured,Unsecured,0.0000000000,2025-01-03,2032-05-28,7.4000000000,13.9500000000,13.9500000000,0.0000000000,0.0000000000,13.9500000000,0.0138373751,0.4500000000,0.1750000000
LN00022,BRW00022,IT Services,Working Capital / Revolving,BBB,4,Senior Unsecured,Unsecured,0.0000000000,2023-02-16,2024-02-16,1.0000000000,9.7200000000,2.1200000000,7.6000000000,0.7500000000,7.8200000000,0.0030622908,0.4500000000,0.0811000000
LN00023,BRW00023,Infrastructure,Term Loan,CCC,7,Senior Unsecured,Unsecured,0.0000000000,2024-08-13,2033-08-13,9.0000000000,0.9000000000,0.9000000000,0.0000000000,0.0000000000,0.9000000000,0.1540587922,0.4500000000,1.2884000000
LN00024,BRW00024,IT Services,Term Loan,B,6,Senior Unsecured,Unsecured,0.0000000000,2024-09-04,2028-01-28,3.4000000000,3.2800000000,3.2800000000,0.0000000000,0.0000000000,3.2800000000,0.0552415300,0.4500000000,0.5009000000
LN00025,BRW00025,Infrastructure,Term Loan,BB,5,Senior Unsecured,Unsecured,0.0000000000,2022-10-15,2029-12-26,7.2000000000,5.2900000000,5.2900000000,0.0000000000,0.0000000000,5.2900000000,0.0127713363,0.4500000000,0.1557000000
LN00026,BRW00026,Healthcare,Term Loan,A,3,Subordinated,Unsecured,0.0000000000,2022-09-03,2032-07-27,9.9000000000,9.7700000000,9.7700000000,0.0000000000,0.0000000000,9.7700000000,0.0011060108,0.6500000000,0.0640000000
LN00027,BRW00027,IT Services,Term Loan,BBB,4,Senior Secured,Cash / Marketable Securities,0.9680000000,2024-01-21,2030-10-03,6.7000000000,11.1400000000,11.1400000000,0.0000000000,0.0000000000,11.1400000000,0.0031072072,0.1000000000,0.0881000000
LN00028,BRW00028,Energy & Power,Working Capital / Revolving,AA,2,Senior Unsecured,Receivables,0.7180000000,2024-08-30,2025-08-30,1.0000000000,5.9500000000,2.5400000000,3.4100000000,0.7500000000,5.0975000000,0.0004494115,0.2885000000,0.0668000000
LN00029,BRW00029,Real Estate,Term Loan,A,3,Senior Unsecured,Unsecured,0.0000000000,2022-09-09,2029-11-20,7.2000000000,8.0500000000,8.0500000000,0.0000000000,0.0000000000,8.0500000000,0.0010818812,0.4500000000,0.0634000000
LN00030,BRW00030,Financial Services,Term Loan,BB,5,Senior Secured,Real Estate,0.7910000000,2025-06-20,2033-12-19,8.5000000000,4.7800000000,4.7800000000,0.0000000000,0.0000000000,4.7800000000,0.0165997119,0.1840000000,0.1962000000
LN00031,BRW00031,Energy & Power,Term Loan,BB,5,Subordinated,Unsecured,0.0000000000,2023-02-27,2030-10-03,7.6000000000,2.2800000000,2.2800000000,0.0000000000,0.0000000000,2.2800000000,0.0138941857,0.6500000000,0.1734000000
LN00032,BRW00032,Real Estate,Term Loan,CCC,7,Senior Secured,Cash / Marketable Securities,0.7320000000,2023-10-25,2031-08-12,7.8000000000,3.4500000000,3.4500000000,0.0000000000,0.0000000000,3.4500000000,0.1688457156,0.1195000000,1.4183000000
LN00033,BRW00033,Agriculture,Term Loan,BBB,4,Senior Unsecured,Unsecured,0.0000000000,2022-09-23,2027-04-30,4.6000000000,4.5700000000,4.5700000000,0.0000000000,0.0000000000,4.5700000000,0.0029590117,0.4500000000,0.0865000000
LN00034,BRW00034,IT Services,Working Capital / Revolving,BBB,4,Senior Secured,Cash / Marketable Securities,0.7280000000,2024-06-21,2025-06-21,1.0000000000,4.3300000000,2.9400000000,1.3900000000,0.7500000000,3.9825000000,0.0030930820,0.1206000000,0.0900000000
LN00035,BRW00035,Manufacturing,Working Capital / Revolving,BBB,4,Senior Secured,Real Estate,0.6010000000,2022-10-25,2023-10-25,1.0000000000,0.6800000000,0.3800000000,0.3000000000,0.7500000000,0.6050000000,0.0034361846,0.2238000000,0.0899000000
LN00036,BRW00036,Textiles,Term Loan,A,3,Senior Unsecured,Unsecured,0.0000000000,2026-02-07,2036-01-01,9.9000000000,3.0100000000,3.0100000000,0.0000000000,0.0000000000,3.0100000000,0.0009584608,0.4500000000,0.0726000000
LN00037,BRW00037,Financial Services,Term Loan,A,3,Senior Secured,Cash / Marketable Securities,0.4820000000,2023-02-11,2027-09-18,4.6000000000,4.7400000000,4.7400000000,0.0000000000,0.0000000000,4.7400000000,0.0010939478,0.1983000000,0.0623000000
LN00038,BRW00038,IT Services,Working Capital / Revolving,BBB,4,Senior Secured,Plant & Machinery,0.7530000000,2025-11-19,2026-11-19,1.0000000000,3.3800000000,1.8500000000,1.5300000000,0.7500000000,2.9975000000,0.0028365592,0.2446000000,0.0821000000
LN00039,BRW00039,Real Estate,Term Loan,A,3,Senior Secured,Plant & Machinery,0.8640000000,2023-07-31,2032-07-30,9.0000000000,3.5000000000,3.5000000000,0.0000000000,0.0000000000,3.5000000000,0.0010897641,0.2290000000,0.0685000000
LN00040,BRW00040,IT Services,Term Loan,BB,5,Senior Secured,Receivables,0.9320000000,2025-05-18,2030-01-28,4.7000000000,7.3000000000,7.3000000000,0.0000000000,0.0000000000,7.3000000000,0.0154533026,0.1870000000,0.1824000000
LN00041,BRW00041,Infrastructure,Term Loan,BBB,4,Senior Unsecured,Unsecured,0.0000000000,2022-04-15,2027-10-14,5.5000000000,1.5200000000,1.5200000000,0.0000000000,0.0000000000,1.5200000000,0.0027447201,0.4500000000,0.0842000000
LN00042,BRW00042,Real Estate,Working Capital / Revolving,B,6,Senior Unsecured,Unsecured,0.0000000000,2023-01-26,2024-01-26,1.0000000000,0.8800000000,0.5800000000,0.3000000000,0.7500000000,0.8050000000,0.0487103914,0.4500000000,0.4529000000
LN00043,BRW00043,Infrastructure,Working Capital / Revolving,BB,5,Senior Secured,Cash / Marketable Securities,0.7870000000,2025-09-29,2026-09-29,1.0000000000,3.1600000000,2.8200000000,0.3400000000,0.7500000000,3.0750000000,0.0141793604,0.1021000000,0.1754000000
LN00044,BRW00044,Agriculture,Term Loan,BBB,4,Senior Unsecured,Unsecured,0.0000000000,2022-07-29,2026-09-03,4.1000000000,9.6200000000,9.6200000000,0.0000000000,0.0000000000,9.6200000000,0.0026202976,0.4500000000,0.0801000000
LN00045,BRW00045,IT Services,Working Capital / Revolving,B,6,Senior Secured,Cash / Marketable Securities,0.4540000000,2025-02-24,2026-02-24,1.0000000000,24.2300000000,10.5400000000,13.6900000000,0.7500000000,20.8075000000,0.0429475216,0.2071000000,0.3999000000
LN00046,BRW00046,Financial Services,Term Loan,B,6,Senior Unsecured,Unsecured,0.0000000000,2023-12-20,2028-08-31,4.7000000000,9.8000000000,9.8000000000,0.0000000000,0.0000000000,9.8000000000,0.0476971798,0.4500000000,0.4471000000
LN00047,BRW00047,Energy & Power,Term Loan,BBB,4,Senior Secured,Plant & Machinery,1.3000000000,2025-10-27,2030-06-03,4.6000000000,1.0300000000,1.0300000000,0.0000000000,0.0000000000,1.0300000000,0.0025671307,0.2100000000,0.0823000000
LN00048,BRW00048,Energy & Power,Term Loan,BBB,4,Senior Secured,Plant & Machinery,0.6950000000,2025-09-27,2028-11-02,3.1000000000,3.5500000000,3.5500000000,0.0000000000,0.0000000000,3.5500000000,0.0026989390,0.2526000000,0.0765000000
LN00049,BRW00049,IT Services,Term Loan,BB,5,Senior Secured,Cash / Marketable Securities,0.3720000000,2025-03-12,2030-10-17,5.6000000000,5.7900000000,5.7900000000,0.0000000000,0.0000000000,5.7900000000,0.0160133249,0.2329000000,0.1871000000
LN00050,BRW00050,Energy & Power,Term Loan,A,3,Senior Unsecured,Unsecured,0.0000000000,2024-01-06,2029-03-19,5.2000000000,5.3500000000,5.3500000000,0.0000000000,0.0000000000,5.3500000000,0.0010624274,0.4500000000,0.0598000000
LN00051,BRW00051,Financial Services,Term Loan,A,3,Senior Secured,Receivables,0.1960000000,2023-12-24,2027-03-06,3.2000000000,7.6900000000,7.6900000000,0.0000000000,0.0000000000,7.6900000000,0.0010715741,0.3157000000,0.0687000000
LN00052,BRW00052,IT Services,Term Loan,AAA,1,Senior Secured,Plant & Machinery,0.7980000000,2022-09-21,2030-01-08,7.3000000000,1.7900000000,1.7900000000,0.0000000000,0.0000000000,1.7900000000,0.0001890292,0.2383000000,0.0605000000
LN00053,BRW00053,Energy & Power,Working Capital / Revolving,BB,5,Senior Unsecured,Unsecured,0.0000000000,2025-07-02,2026-07-02,1.0000000000,4.7800000000,3.0300000000,1.7500000000,0.7500000000,4.3425000000,0.0167550876,0.4500000000,0.1912000000
LN00054,BRW00054,Infrastructure,Term Loan,BB,5,Senior Unsecured,Unsecured,0.0000000000,2023-02-24,2026-08-25,3.5000000000,6.8200000000,6.8200000000,0.0000000000,0.0000000000,6.8200000000,0.0154222375,0.4500000000,0.1913000000
LN00055,BRW00055,Energy & Power,Term Loan,BB,5,Senior Secured,Plant & Machinery,0.6560000000,2026-02-21,2031-05-05,5.2000000000,10.2300000000,10.2300000000,0.0000000000,0.0000000000,10.2300000000,0.0133171185,0.2582000000,0.1608000000
LN00056,BRW00056,Retail & Consumer,Term Loan,BB,5,Senior Unsecured,Unsecured,0.0000000000,2024-12-29,2034-02-03,9.1000000000,2.0000000000,2.0000000000,0.0000000000,0.0000000000,2.0000000000,0.0133967340,0.4500000000,0.1707000000
LN00057,BRW00057,Financial Services,Term Loan,BBB,4,Senior Unsecured,Plant & Machinery,0.4000000000,2025-06-17,2032-07-23,7.1000000000,3.1700000000,3.1700000000,0.0000000000,0.0000000000,3.1700000000,0.0031737859,0.3780000000,0.0963000000
LN00058,BRW00058,IT Services,Working Capital / Revolving,BB,5,Senior Secured,Receivables,0.4860000000,2025-08-31,2026-08-31,1.0000000000,0.3000000000,0.2000000000,0.1000000000,0.7500000000,0.2750000000,0.0135282477,0.2650000000,0.1736000000
LN00059,BRW00059,Infrastructure,Working Capital / Revolving,A,3,Senior Unsecured,Unsecured,0.0000000000,2023-10-24,2024-10-23,1.0000000000,2.4100000000,0.4500000000,1.9600000000,0.7500000000,1.9200000000,0.0010021878,0.4500000000,0.0679000000
LN00060,BRW00060,Real Estate,Working Capital / Revolving,A,3,Senior Secured,Receivables,0.6000000000,2022-07-16,2023-07-16,1.0000000000,2.6500000000,1.9600000000,0.6900000000,0.7500000000,2.4775000000,0.0011475323,0.2451000000,0.0635000000
LN00061,BRW00061,Real Estate,Term Loan,BB,5,Senior Unsecured,Unsecured,0.0000000000,2023-06-25,2032-03-06,8.7000000000,1.6200000000,1.6200000000,0.0000000000,0.0000000000,1.6200000000,0.0127680342,0.4500000000,0.1553000000
LN00062,BRW00062,Infrastructure,Term Loan,BBB,4,Senior Secured,Receivables,0.4970000000,2022-09-23,2032-02-16,9.4000000000,5.2900000000,5.2900000000,0.0000000000,0.0000000000,5.2900000000,0.0025649218,0.2630000000,0.0785000000
LN00063,BRW00063,Infrastructure,Term Loan,BB,5,Senior Unsecured,Unsecured,0.0000000000,2023-10-14,2033-03-08,9.4000000000,4.2400000000,4.2400000000,0.0000000000,0.0000000000,4.2400000000,0.0172188806,0.4500000000,0.1943000000
LN00064,BRW00064,IT Services,Term Loan,BB,5,Senior Secured,Cash / Marketable Securities,0.7200000000,2025-12-13,2030-07-20,4.6000000000,0.4700000000,0.4700000000,0.0000000000,0.0000000000,0.4700000000,0.0153808748,0.1232000000,0.1794000000
LN00065,BRW00065,Energy & Power,Term Loan,BB,5,Senior Secured,Receivables,0.8600000000,2024-10-09,2029-12-21,5.2000000000,5.5600000000,5.5600000000,0.0000000000,0.0000000000,5.5600000000,0.0133210949,0.1995000000,0.1649000000
LN00066,BRW00066,Agriculture,Term Loan,BB,5,Subordinated,Unsecured,0.0000000000,2022-11-07,2026-12-13,4.1000000000,1.7700000000,1.7700000000,0.0000000000,0.0000000000,1.7700000000,0.0167878599,0.6500000000,0.1938000000
LN00067,BRW00067,Financial Services,Term Loan,BB,5,Senior Secured,Real Estate,0.7910000000,2025-12-27,2031-03-10,5.2000000000,7.2800000000,7.2800000000,0.0000000000,0.0000000000,7.2800000000,0.0167117114,0.1838000000,0.1961000000
LN00068,BRW00068,Energy & Power,Term Loan,BBB,4,Senior Unsecured,Unsecured,0.0000000000,2025-10-10,2031-01-27,5.3000000000,1.2400000000,1.2400000000,0.0000000000,0.0000000000,1.2400000000,0.0030325804,0.4500000000,0.0781000000
LN00069,BRW00069,IT Services,Term Loan,AA,2,Subordinated,Unsecured,0.0000000000,2022-10-23,2030-03-17,7.4000000000,4.6200000000,4.6200000000,0.0000000000,0.0000000000,4.6200000000,0.0005182688,0.6500000000,0.0607000000
LN00070,BRW00070,Manufacturing,Working Capital / Revolving,BBB,4,Senior Unsecured,Unsecured,0.0000000000,2025-11-28,2026-11-28,1.0000000000,3.3800000000,2.3500000000,1.0300000000,0.7500000000,3.1225000000,0.0027958685,0.4500000000,0.0816000000
LN00071,BRW00071,Retail & Consumer,Working Capital / Revolving,A,3,Senior Secured,Cash / Marketable Securities,0.7170000000,2022-04-21,2023-04-21,1.0000000000,6.0700000000,2.7000000000,3.3700000000,0.7500000000,5.2275000000,0.0008651559,0.1242000000,0.0659000000
LN00072,BRW00072,Retail & Consumer,Term Loan,BBB,4,Senior Unsecured,Unsecured,0.0000000000,2023-02-10,2026-10-23,3.7000000000,5.0800000000,5.0800000000,0.0000000000,0.0000000000,5.0800000000,0.0030851108,0.4500000000,0.0939000000
LN00073,BRW00073,Real Estate,Working Capital / Revolving,B,6,Senior Secured,Receivables,0.6060000000,2023-06-28,2024-06-27,1.0000000000,3.4700000000,1.5700000000,1.9000000000,0.7500000000,2.9950000000,0.0469213279,0.2439000000,0.4365000000
LN00074,BRW00074,Energy & Power,Term Loan,A,3,Senior Secured,Cash / Marketable Securities,1.0200000000,2024-01-03,2033-01-02,9.0000000000,0.9600000000,0.9600000000,0.0000000000,0.0000000000,0.9600000000,0.0010490863,0.1000000000,0.0603000000
LN00075,BRW00075,Agriculture,Working Capital / Revolving,AA,2,Senior Unsecured,Unsecured,0.0000000000,2025-10-21,2026-10-21,1.0000000000,1.0200000000,0.4100000000,0.6100000000,0.7500000000,0.8675000000,0.0005504368,0.4500000000,0.0665000000
LN00076,BRW00076,Energy & Power,Working Capital / Revolving,BBB,4,Senior Unsecured,Receivables,0.9010000000,2024-06-30,2025-06-30,1.0000000000,2.5000000000,1.5100000000,0.9900000000,0.7500000000,2.2525000000,0.0025663445,0.2474000000,0.0833000000
LN00077,BRW00077,IT Services,Term Loan,BBB,4,Senior Secured,Receivables,0.5540000000,2022-11-30,2030-02-10,7.2000000000,4.4400000000,4.4400000000,0.0000000000,0.0000000000,4.4400000000,0.0030861424,0.2531000000,0.0841000000
LN00078,BRW00078,Financial Services,Working Capital / Revolving,BB,5,Senior Secured,Receivables,0.3130000000,2022-07-12,2023-07-12,1.0000000000,2.4400000000,1.3100000000,1.1300000000,0.7500000000,2.1575000000,0.0137907624,0.2953000000,0.1643000000
LN00079,BRW00079,Real Estate,Working Capital / Revolving,BB,5,Senior Unsecured,Unsecured,0.0000000000,2024-05-13,2025-05-13,1.0000000000,8.3700000000,5.8700000000,2.5000000000,0.7500000000,7.7450000000,0.0166824982,0.4500000000,0.2023000000
LN00080,BRW00080,Retail & Consumer,Working Capital / Revolving,BB,5,Senior Unsecured,Unsecured,0.0000000000,2022-10-15,2023-10-15,1.0000000000,3.3900000000,1.7100000000,1.6800000000,0.7500000000,2.9700000000,0.0138914903,0.4500000000,0.1658000000
LN00081,BRW00081,Retail & Consumer,Working Capital / Revolving,BB,5,Senior Secured,Real Estate,0.6010000000,2023-01-15,2024-01-15,1.0000000000,1.7100000000,0.8900000000,0.8200000000,0.7500000000,1.5050000000,0.0154984656,0.2238000000,0.1873000000
LN00082,BRW00082,Financial Services,Term Loan,BBB,4,Senior Unsecured,Unsecured,0.0000000000,2025-12-07,2033-03-26,7.3000000000,3.3900000000,3.3900000000,0.0000000000,0.0000000000,3.3900000000,0.0030481868,0.4500000000,0.0854000000
LN00083,BRW00083,Real Estate,Term Loan,B,6,Senior Secured,Cash / Marketable Securities,0.5780000000,2023-09-02,2028-03-02,4.5000000000,5.6200000000,5.6200000000,0.0000000000,0.0000000000,5.6200000000,0.0484424975,0.1680000000,0.4505000000
LN00084,BRW00084,Real Estate,Working Capital / Revolving,A,3,Senior Secured,Receivables,0.6650000000,2023-09-08,2024-09-07,1.0000000000,6.2000000000,2.7000000000,3.5000000000,0.7500000000,5.3250000000,0.0010532862,0.2336000000,0.0770000000
LN00085,BRW00085,Infrastructure,Term Loan,AAA,1,Senior Unsecured,Unsecured,0.0000000000,2023-12-24,2032-05-18,8.4000000000,29.3200000000,29.3200000000,0.0000000000,0.0000000000,29.3200000000,0.0002135462,0.4500000000,0.0645000000
LN00086,BRW00086,Infrastructure,Term Loan,AA,2,Subordinated,Unsecured,0.0000000000,2023-01-21,2027-04-04,4.2000000000,2.3000000000,2.3000000000,0.0000000000,0.0000000000,2.3000000000,0.0005100407,0.6500000000,0.0613000000
LN00087,BRW00087,IT Services,Term Loan,BB,5,Senior Secured,Real Estate,0.7280000000,2022-08-02,2025-11-19,3.3000000000,4.1600000000,4.1600000000,0.0000000000,0.0000000000,4.1600000000,0.0161629001,0.1971000000,0.1948000000
LN00088,BRW00088,IT Services,Term Loan,BBB,4,Senior Secured,Plant & Machinery,0.9680000000,2023-12-13,2030-01-18,6.1000000000,6.8600000000,6.8600000000,0.0000000000,0.0000000000,6.8600000000,0.0034350754,0.2145000000,0.0843000000
LN00089,BRW00089,Real Estate,Term Loan,A,3,Senior Secured,Receivables,0.7920000000,2024-11-16,2033-04-11,8.4000000000,4.3800000000,4.3800000000,0.0000000000,0.0000000000,4.3800000000,0.0009757817,0.2114000000,0.0686000000
LN00090,BRW00090,Retail & Consumer,Working Capital / Revolving,BBB,4,Senior Unsecured,Plant & Machinery,0.9990000000,2022-03-17,2023-03-17,1.0000000000,2.7200000000,1.5800000000,1.1400000000,0.7500000000,2.4350000000,0.0030131247,0.2701000000,0.0776000000
LN00091,BRW00091,Infrastructure,Term Loan,A,3,Senior Secured,Cash / Marketable Securities,0.9770000000,2022-04-15,2030-03-09,7.9000000000,0.9500000000,0.9500000000,0.0000000000,0.0000000000,0.9500000000,0.0008537410,0.1000000000,0.0617000000
LN00092,BRW00092,Infrastructure,Working Capital / Revolving,BB,5,Senior Secured,Plant & Machinery,0.7520000000,2023-05-28,2024-05-27,1.0000000000,2.6900000000,1.6000000000,1.0900000000,0.7500000000,2.4175000000,0.0163321285,0.2448000000,0.1909000000
LN00093,BRW00093,Energy & Power,Working Capital / Revolving,BBB,4,Subordinated,Unsecured,0.0000000000,2023-08-03,2024-08-02,1.0000000000,1.5300000000,0.8100000000,0.7200000000,0.7500000000,1.3500000000,0.0030182071,0.6500000000,0.0860000000
LN00094,BRW00094,Real Estate,Term Loan,BBB,4,Senior Secured,Real Estate,0.5290000000,2025-09-29,2032-06-11,6.7000000000,0.8000000000,0.8000000000,0.0000000000,0.0000000000,0.8000000000,0.0029171653,0.2389000000,0.0748000000
LN00095,BRW00095,Textiles,Term Loan,BBB,4,Senior Unsecured,Plant & Machinery,0.9030000000,2024-07-19,2028-12-12,4.4000000000,2.0200000000,2.0200000000,0.0000000000,0.0000000000,2.0200000000,0.0026346648,0.2875000000,0.0836000000
LN00096,BRW00096,Energy & Power,Term Loan,BB,5,Senior Secured,Receivables,0.4400000000,2025-05-14,2033-06-19,8.1000000000,1.5700000000,1.5700000000,0.0000000000,0.0000000000,1.5700000000,0.0167534539,0.2730000000,0.1899000000
LN00097,BRW00097,IT Services,Working Capital / Revolving,BBB,4,Senior Unsecured,Plant & Machinery,0.6850000000,2024-02-04,2025-02-03,1.0000000000,8.0300000000,6.1300000000,1.9000000000,0.7500000000,7.5550000000,0.0029055065,0.3268000000,0.0896000000
LN00098,BRW00098,Infrastructure,Working Capital / Revolving,AA,2,Senior Secured,Receivables,0.8180000000,2022-11-03,2023-11-03,1.0000000000,8.1800000000,2.2400000000,5.9400000000,0.7500000000,6.6950000000,0.0005273872,0.2069000000,0.0625000000
LN00099,BRW00099,IT Services,Term Loan,A,3,Senior Secured,Receivables,1.0440000000,2025-04-05,2031-10-05,6.5000000000,1.8200000000,1.8200000000,0.0000000000,0.0000000000,1.8200000000,0.0008948122,0.1750000000,0.0615000000
LN00100,BRW00100,Real Estate,Term Loan,CCC,7,Senior Secured,Real Estate,0.6350000000,2022-02-25,2028-07-20,6.4000000000,3.4500000000,3.4500000000,0.0000000000,0.0000000000,3.4500000000,0.1707697333,0.2167000000,1.4265000000
LN00101,BRW00101,Infrastructure,Term Loan,B,6,Senior Unsecured,Unsecured,0.0000000000,2025-08-23,2032-11-03,7.2000000000,0.7000000000,0.7000000000,0.0000000000,0.0000000000,0.7000000000,0.0451766264,0.4500000000,0.4168000000
LN00102,BRW00102,IT Services,Term Loan,BB,5,Senior Unsecured,Unsecured,0.0000000000,2025-10-08,2031-11-14,6.1000000000,2.7300000000,2.7300000000,0.0000000000,0.0000000000,2.7300000000,0.0136479390,0.4500000000,0.1755000000
LN00103,BRW00103,Manufacturing,Working Capital / Revolving,BBB,4,Senior Secured,Receivables,0.8200000000,2022-03-30,2023-03-30,1.0000000000,6.6800000000,3.2800000000,3.4000000000,0.7500000000,5.8300000000,0.0033230846,0.2065000000,0.0866000000
LN00104,BRW00104,Retail & Consumer,Working Capital / Revolving,CCC,7,Senior Secured,Cash / Marketable Securities,0.7190000000,2025-10-05,2026-10-05,1.0000000000,10.2300000000,7.8600000000,2.3700000000,0.7500000000,9.6375000000,0.1685662235,0.1235000000,1.4078000000
LN00105,BRW00105,Energy & Power,Term Loan,BB,5,Senior Unsecured,Receivables,0.9600000000,2023-03-17,2032-05-28,9.2000000000,2.2000000000,2.2000000000,0.0000000000,0.0000000000,2.2000000000,0.0137046633,0.2340000000,0.1726000000
LN00106,BRW00106,Infrastructure,Working Capital / Revolving,BB,5,Senior Secured,Plant & Machinery,0.5900000000,2023-02-03,2024-02-03,1.0000000000,12.8300000000,5.4400000000,7.3900000000,0.7500000000,10.9825000000,0.0148641040,0.2674000000,0.1739000000
LN00107,BRW00107,Financial Services,Term Loan,BBB,4,Senior Secured,Plant & Machinery,0.7740000000,2024-11-01,2032-03-26,7.4000000000,0.9800000000,0.9800000000,0.0000000000,0.0000000000,0.9800000000,0.0032101454,0.2416000000,0.0792000000
LN00108,BRW00108,Infrastructure,Working Capital / Revolving,BBB,4,Senior Unsecured,Unsecured,0.0000000000,2025-11-27,2026-11-27,1.0000000000,1.2900000000,0.6000000000,0.6900000000,0.7500000000,1.1175000000,0.0033405292,0.4500000000,0.0888000000
LN00109,BRW00109,Textiles,Term Loan,AA,2,Senior Secured,Receivables,0.6700000000,2024-12-03,2030-12-03,6.0000000000,9.1100000000,9.1100000000,0.0000000000,0.0000000000,9.1100000000,0.0004818579,0.2328000000,0.0584000000
LN00110,BRW00110,Real Estate,Term Loan,B,6,Senior Secured,Real Estate,0.9180000000,2025-11-21,2031-03-10,5.3000000000,23.8300000000,23.8300000000,0.0000000000,0.0000000000,23.8300000000,0.0502552923,0.1572000000,0.4565000000
LN00111,BRW00111,Agriculture,Working Capital / Revolving,BBB,4,Senior Secured,Receivables,0.7800000000,2023-06-17,2024-06-16,1.0000000000,7.3400000000,5.2000000000,2.1400000000,0.7500000000,6.8050000000,0.0032175448,0.2135000000,0.0899000000
LN00112,BRW00112,Energy & Power,Term Loan,A,3,Senior Secured,Real Estate,0.9080000000,2022-08-03,2025-10-14,3.2000000000,4.3000000000,4.3000000000,0.0000000000,0.0000000000,4.3000000000,0.0010693408,0.1594000000,0.0712000000
LN00113,BRW00113,Manufacturing,Working Capital / Revolving,BBB,4,Senior Secured,Plant & Machinery,0.7890000000,2022-02-25,2023-02-25,1.0000000000,0.5000000000,0.1800000000,0.3200000000,0.7500000000,0.4200000000,0.0032546641,0.2396000000,0.0798000000
LN00114,BRW00114,Textiles,Working Capital / Revolving,BB,5,Senior Unsecured,Unsecured,0.0000000000,2022-12-11,2023-12-11,1.0000000000,0.5900000000,0.2100000000,0.3800000000,0.7500000000,0.4950000000,0.0153147022,0.4500000000,0.1794000000
LN00115,BRW00115,Infrastructure,Term Loan,A,3,Senior Unsecured,Unsecured,0.0000000000,2023-01-18,2026-05-07,3.3000000000,5.1000000000,5.1000000000,0.0000000000,0.0000000000,5.1000000000,0.0008813845,0.4500000000,0.0625000000
LN00116,BRW00116,Retail & Consumer,Term Loan,B,6,Senior Secured,Real Estate,0.6240000000,2022-08-14,2029-04-26,6.7000000000,3.1300000000,3.1300000000,0.0000000000,0.0000000000,3.1300000000,0.0560595994,0.2190000000,0.5174000000
LN00117,BRW00117,Healthcare,Working Capital / Revolving,BB,5,Senior Unsecured,Unsecured,0.0000000000,2023-01-25,2024-01-25,1.0000000000,1.4800000000,0.7600000000,0.7200000000,0.7500000000,1.3000000000,0.0166450764,0.4500000000,0.1977000000
LN00118,BRW00118,Healthcare,Term Loan,BB,5,Senior Secured,Receivables,0.8770000000,2023-07-19,2027-12-12,4.4000000000,4.7900000000,4.7900000000,0.0000000000,0.0000000000,4.7900000000,0.0163414385,0.1965000000,0.1886000000
LN00119,BRW00119,Manufacturing,Term Loan,BBB,4,Senior Unsecured,Receivables,0.5450000000,2022-02-26,2031-06-15,9.3000000000,5.0300000000,5.0300000000,0.0000000000,0.0000000000,5.0300000000,0.0026398762,0.3273000000,0.0840000000
LN00120,BRW00120,Financial Services,Term Loan,BB,5,Senior Secured,Cash / Marketable Securities,0.7860000000,2024-11-12,2029-03-01,4.3000000000,11.5200000000,11.5200000000,0.0000000000,0.0000000000,11.5200000000,0.0136697882,0.1024000000,0.1626000000
LN00121,BRW00121,Healthcare,Working Capital / Revolving,BB,5,Senior Unsecured,Unsecured,0.0000000000,2024-07-03,2025-07-03,1.0000000000,5.1400000000,2.7500000000,2.3900000000,0.7500000000,4.5425000000,0.0160962016,0.4500000000,0.1854000000
LN00122,BRW00122,Textiles,Term Loan,BB,5,Senior Secured,Cash / Marketable Securities,0.6350000000,2022-07-08,2030-10-25,8.3000000000,15.3100000000,15.3100000000,0.0000000000,0.0000000000,15.3100000000,0.0128541304,0.1499000000,0.1634000000
LN00123,BRW00123,Retail & Consumer,Term Loan,AA,2,Senior Secured,Real Estate,0.9420000000,2024-11-29,2029-08-11,4.7000000000,4.5200000000,4.5200000000,0.0000000000,0.0000000000,4.5200000000,0.0005718837,0.1521000000,0.0668000000
LN00124,BRW00124,Healthcare,Working Capital / Revolving,BBB,4,Senior Secured,Plant & Machinery,0.7250000000,2024-12-17,2025-12-17,1.0000000000,3.9900000000,2.5600000000,1.4300000000,0.7500000000,3.6325000000,0.0028894302,0.2485000000,0.0826000000
LN00125,BRW00125,Retail & Consumer,Term Loan,AA,2,Senior Secured,Cash / Marketable Securities,0.7740000000,2025-07-21,2030-10-02,5.2000000000,12.9900000000,12.9900000000,0.0000000000,0.0000000000,12.9900000000,0.0005328969,0.1063000000,0.0655000000
LN00126,BRW00126,Financial Services,Working Capital / Revolving,BBB,4,Senior Secured,Cash / Marketable Securities,0.1470000000,2025-01-20,2026-01-20,1.0000000000,1.6800000000,0.7400000000,0.9400000000,0.7500000000,1.4450000000,0.0033488140,0.3038000000,0.0872000000
LN00127,BRW00127,Financial Services,Term Loan,BBB,4,Senior Unsecured,Unsecured,0.0000000000,2023-10-11,2028-06-22,4.7000000000,74.7700000000,74.7700000000,0.0000000000,0.0000000000,74.7700000000,0.0029051669,0.4500000000,0.0824000000
LN00128,BRW00128,Textiles,Working Capital / Revolving,A,3,Senior Unsecured,Unsecured,0.0000000000,2022-08-06,2023-08-06,1.0000000000,6.5200000000,3.0900000000,3.4300000000,0.7500000000,5.6625000000,0.0009457397,0.4500000000,0.0661000000
LN00129,BRW00129,Agriculture,Working Capital / Revolving,A,3,Senior Secured,Receivables,0.8430000000,2025-08-13,2026-08-13,1.0000000000,6.5600000000,4.0100000000,2.5500000000,0.7500000000,5.9225000000,0.0010326223,0.2025000000,0.0661000000
LN00130,BRW00130,Energy & Power,Term Loan,BB,5,Senior Unsecured,Unsecured,0.0000000000,2023-06-05,2032-03-23,8.8000000000,7.5800000000,7.5800000000,0.0000000000,0.0000000000,7.5800000000,0.0153644522,0.4500000000,0.1841000000
LN00131,BRW00131,Infrastructure,Working Capital / Revolving,A,3,Senior Unsecured,Unsecured,0.0000000000,2023-01-30,2024-01-30,1.0000000000,29.2900000000,6.8800000000,22.4100000000,0.7500000000,23.6875000000,0.0009727420,0.4500000000,0.0698000000
LN00132,BRW00132,Retail & Consumer,Term Loan,B,6,Senior Unsecured,Unsecured,0.0000000000,2022-07-24,2032-06-16,9.9000000000,9.9000000000,9.9000000000,0.0000000000,0.0000000000,9.9000000000,0.0515266213,0.4500000000,0.4732000000
LN00133,BRW00133,Energy & Power,Term Loan,BB,5,Senior Unsecured,Unsecured,0.0000000000,2023-02-23,2027-09-30,4.6000000000,0.9000000000,0.9000000000,0.0000000000,0.0000000000,0.9000000000,0.0169592162,0.4500000000,0.1898000000
LN00134,BRW00134,Manufacturing,Term Loan,BBB,4,Senior Unsecured,Unsecured,0.0000000000,2025-07-15,2031-07-15,6.0000000000,18.2400000000,18.2400000000,0.0000000000,0.0000000000,18.2400000000,0.0029708762,0.4500000000,0.0788000000
LN00135,BRW00135,Energy & Power,Working Capital / Revolving,BB,5,Senior Secured,Real Estate,0.4980000000,2024-03-13,2025-03-13,1.0000000000,3.1900000000,1.0800000000,2.1100000000,0.7500000000,2.6625000000,0.0136353398,0.2455000000,0.1711000000
LN00136,BRW00136,Manufacturing,Term Loan,AAA,1,Senior Unsecured,Plant & Machinery,0.3800000000,2022-05-02,2026-02-17,3.8000000000,4.9900000000,4.9900000000,0.0000000000,0.0000000000,4.9900000000,0.0001926324,0.3815000000,0.0689000000
LN00137,BRW00137,Agriculture,Term Loan,CCC,7,Subordinated,Plant & Machinery,0.5330000000,2022-07-05,2031-03-17,8.7000000000,1.2500000000,1.2500000000,0.0000000000,0.0000000000,1.2500000000,0.1452348142,0.5114000000,1.2226000000
LN00138,BRW00138,Retail & Consumer,Term Loan,BBB,4,Senior Secured,Plant & Machinery,1.0520000000,2023-09-13,2028-08-06,4.9000000000,7.5900000000,7.5900000000,0.0000000000,0.0000000000,7.5900000000,0.0026679978,0.2100000000,0.0793000000
LN00139,BRW00139,Retail & Consumer,Term Loan,BB,5,Senior Secured,Plant & Machinery,0.6960000000,2022-04-16,2029-02-01,6.8000000000,2.3400000000,2.3400000000,0.0000000000,0.0000000000,2.3400000000,0.0134829218,0.2526000000,0.1690000000
LN00140,BRW00140,Retail & Consumer,Term Loan,AA,2,Senior Secured,Plant & Machinery,0.7940000000,2023-06-23,2030-04-10,6.8000000000,4.9500000000,4.9500000000,0.0000000000,0.0000000000,4.9500000000,0.0005276843,0.2388000000,0.0585000000
LN00141,BRW00141,Retail & Consumer,Term Loan,BBB,4,Subordinated,Unsecured,0.0000000000,2025-11-26,2033-02-06,7.2000000000,3.3700000000,3.3700000000,0.0000000000,0.0000000000,3.3700000000,0.0028555300,0.6500000000,0.0894000000
LN00142,BRW00142,Retail & Consumer,Term Loan,BBB,4,Senior Secured,Cash / Marketable Securities,0.3920000000,2022-06-27,2025-11-19,3.4000000000,30.7200000000,30.7200000000,0.0000000000,0.0000000000,30.7200000000,0.0034094086,0.2266000000,0.0882000000
LN00143,BRW00143,Retail & Consumer,Term Loan,B,6,Senior Unsecured,Unsecured,0.0000000000,2025-06-27,2029-09-08,4.2000000000,32.5300000000,32.5300000000,0.0000000000,0.0000000000,32.5300000000,0.0461539512,0.4500000000,0.4259000000
LN00144,BRW00144,Agriculture,Term Loan,BB,5,Senior Unsecured,Unsecured,0.0000000000,2024-08-19,2028-09-24,4.1000000000,4.7000000000,4.7000000000,0.0000000000,0.0000000000,4.7000000000,0.0131951603,0.4500000000,0.1647000000
LN00145,BRW00145,Energy & Power,Term Loan,BBB,4,Subordinated,Plant & Machinery,0.6390000000,2025-03-16,2030-04-21,5.1000000000,4.7800000000,4.7800000000,0.0000000000,0.0000000000,4.7800000000,0.0032281541,0.4838000000,0.0832000000
LN00146,BRW00146,Agriculture,Working Capital / Revolving,BBB,4,Senior Secured,Cash / Marketable Securities,0.7390000000,2023-04-09,2024-04-08,1.0000000000,3.0900000000,1.2300000000,1.8600000000,0.7500000000,2.6250000000,0.0033429324,0.1172000000,0.0933000000
LN00147,BRW00147,Healthcare,Term Loan,BBB,4,Senior Unsecured,Unsecured,0.0000000000,2026-01-16,2035-07-17,9.5000000000,13.5400000000,13.5400000000,0.0000000000,0.0000000000,13.5400000000,0.0028003020,0.4500000000,0.0814000000
LN00148,BRW00148,Financial Services,Term Loan,BBB,4,Senior Unsecured,Unsecured,0.0000000000,2023-08-03,2030-03-09,6.6000000000,3.2300000000,3.2300000000,0.0000000000,0.0000000000,3.2300000000,0.0027318793,0.4500000000,0.0826000000
LN00149,BRW00149,Textiles,Term Loan,BBB,4,Senior Secured,Real Estate,0.3820000000,2022-09-08,2030-01-31,7.4000000000,2.9400000000,2.9400000000,0.0000000000,0.0000000000,2.9400000000,0.0027171895,0.2697000000,0.0846000000
LN00150,BRW00150,IT Services,Term Loan,AAA,1,Senior Unsecured,Unsecured,0.0000000000,2022-12-30,2028-06-29,5.5000000000,11.9200000000,11.9200000000,0.0000000000,0.0000000000,11.9200000000,0.0002013207,0.4500000000,0.0579000000
LN00151,BRW00151,Energy & Power,Term Loan,B,6,Senior Secured,Real Estate,0.6000000000,2024-12-05,2029-10-29,4.9000000000,2.6200000000,2.6200000000,0.0000000000,0.0000000000,2.6200000000,0.0495262496,0.2239000000,0.4572000000
LN00152,BRW00152,Real Estate,Working Capital / Revolving,B,6,Senior Unsecured,Unsecured,0.0000000000,2022-07-22,2023-07-22,1.0000000000,4.3200000000,2.5800000000,1.7400000000,0.7500000000,3.8850000000,0.0463915976,0.4500000000,0.4325000000
LN00153,BRW00153,IT Services,Term Loan,A,3,Senior Secured,Plant & Machinery,0.9440000000,2024-09-15,2029-10-21,5.1000000000,0.9200000000,0.9200000000,0.0000000000,0.0000000000,0.9200000000,0.0008635519,0.2178000000,0.0591000000
LN00154,BRW00154,Energy & Power,Term Loan,BB,5,Senior Secured,Receivables,0.5070000000,2023-06-06,2028-10-29,5.4000000000,9.0600000000,9.0600000000,0.0000000000,0.0000000000,9.0600000000,0.0149167110,0.2612000000,0.1806000000
LN00155,BRW00155,Manufacturing,Term Loan,A,3,Senior Secured,Receivables,0.8100000000,2024-02-16,2030-04-29,6.2000000000,31.2100000000,31.2100000000,0.0000000000,0.0000000000,31.2100000000,0.0011377997,0.2082000000,0.0689000000
LN00156,BRW00156,Financial Services,Term Loan,BB,5,Senior Secured,Receivables,0.7820000000,2025-11-22,2032-05-23,6.5000000000,9.2200000000,9.2200000000,0.0000000000,0.0000000000,9.2200000000,0.0156863364,0.2132000000,0.1861000000
LN00157,BRW00157,Energy & Power,Term Loan,BBB,4,Senior Secured,Real Estate,0.9420000000,2026-02-25,2036-01-19,9.9000000000,19.3300000000,19.3300000000,0.0000000000,0.0000000000,19.3300000000,0.0029959559,0.1522000000,0.0841000000
LN00158,BRW00158,Textiles,Term Loan,BB,5,Senior Unsecured,Unsecured,0.0000000000,2025-06-05,2030-01-10,4.6000000000,1.9200000000,1.9200000000,0.0000000000,0.0000000000,1.9200000000,0.0132481143,0.4500000000,0.1673000000
LN00159,BRW00159,Healthcare,Term Loan,BB,5,Senior Secured,Receivables,0.9080000000,2022-05-28,2028-10-20,6.4000000000,5.6800000000,5.6800000000,0.0000000000,0.0000000000,5.6800000000,0.0138859633,0.1911000000,0.1778000000
LN00160,BRW00160,Financial Services,Term Loan,BB,5,Senior Secured,Real Estate,0.7160000000,2022-04-29,2026-04-29,4.0000000000,1.7500000000,1.7500000000,0.0000000000,0.0000000000,1.7500000000,0.0140764828,0.1997000000,0.1667000000
LN00161,BRW00161,IT Services,Working Capital / Revolving,A,3,Senior Unsecured,Unsecured,0.0000000000,2024-07-07,2025-07-07,1.0000000000,3.5700000000,2.5600000000,1.0100000000,0.7500000000,3.3175000000,0.0010794411,0.4500000000,0.0669000000
LN00162,BRW00162,Financial Services,Working Capital / Revolving,B,6,Senior Unsecured,Unsecured,0.0000000000,2022-04-08,2023-04-08,1.0000000000,9.7000000000,4.8400000000,4.8600000000,0.7500000000,8.4850000000,0.0556506620,0.4500000000,0.5085000000
LN00163,BRW00163,IT Services,Term Loan,A,3,Senior Secured,Cash / Marketable Securities,0.2220000000,2025-12-19,2030-03-02,4.2000000000,4.9600000000,4.9600000000,0.0000000000,0.0000000000,4.9600000000,0.0011204926,0.2800000000,0.0714000000
LN00164,BRW00164,Infrastructure,Term Loan,AA,2,Subordinated,Unsecured,0.0000000000,2022-04-09,2029-05-15,7.1000000000,1.0900000000,1.0900000000,0.0000000000,0.0000000000,1.0900000000,0.0005726853,0.6500000000,0.0669000000
LN00165,BRW00165,IT Services,Working Capital / Revolving,BB,5,Senior Secured,Receivables,0.8360000000,2025-03-27,2026-03-27,1.0000000000,1.2000000000,0.7600000000,0.4400000000,0.7500000000,1.0900000000,0.0171706501,0.2037000000,0.2111000000
LN00166,BRW00166,Retail & Consumer,Term Loan,BBB,4,Senior Unsecured,Plant & Machinery,0.8450000000,2026-01-06,2029-05-31,3.4000000000,1.1300000000,1.1300000000,0.0000000000,0.0000000000,1.1300000000,0.0034076992,0.2979000000,0.0903000000
LN00167,BRW00167,Energy & Power,Working Capital / Revolving,B,6,Senior Secured,Real Estate,0.6450000000,2023-02-11,2024-02-11,1.0000000000,7.3300000000,3.9000000000,3.4300000000,0.7500000000,6.4725000000,0.0435773321,0.2145000000,0.4143000000
LN00168,BRW00168,Real Estate,Term Loan,B,6,Senior Unsecured,Unsecured,0.0000000000,2024-08-16,2030-07-10,5.9000000000,35.3000000000,35.3000000000,0.0000000000,0.0000000000,35.3000000000,0.0445669030,0.4500000000,0.4150000000
LN00169,BRW00169,Financial Services,Working Capital / Revolving,BBB,4,Subordinated,Receivables,0.6580000000,2024-12-27,2025-12-27,1.0000000000,17.5000000000,12.8000000000,4.7000000000,0.7500000000,16.3250000000,0.0028240199,0.4361000000,0.0776000000
LN00170,BRW00170,Healthcare,Working Capital / Revolving,CCC,7,Senior Unsecured,Unsecured,0.0000000000,2023-02-09,2024-02-09,1.0000000000,0.6700000000,0.4200000000,0.2500000000,0.7500000000,0.6075000000,0.1523804214,0.4500000000,1.2775000000
LN00171,BRW00171,Healthcare,Term Loan,BBB,4,Senior Unsecured,Unsecured,0.0000000000,2024-10-28,2034-06-04,9.6000000000,18.5600000000,18.5600000000,0.0000000000,0.0000000000,18.5600000000,0.0026372801,0.4500000000,0.0847000000
LN00172,BRW00172,Textiles,Term Loan,BBB,4,Senior Unsecured,Unsecured,0.0000000000,2023-02-19,2028-02-19,5.0000000000,11.4300000000,11.4300000000,0.0000000000,0.0000000000,11.4300000000,0.0033112173,0.4500000000,0.0885000000
LN00173,BRW00173,Retail & Consumer,Term Loan,BBB,4,Senior Secured,Receivables,0.6870000000,2025-05-18,2031-04-11,5.9000000000,0.9600000000,0.9600000000,0.0000000000,0.0000000000,0.9600000000,0.0031050806,0.2298000000,0.0869000000
LN00174,BRW00174,Infrastructure,Term Loan,B,6,Senior Unsecured,Unsecured,0.0000000000,2025-10-26,2034-02-12,8.3000000000,3.3100000000,3.3100000000,0.0000000000,0.0000000000,3.3100000000,0.0506354660,0.4500000000,0.4640000000
LN00175,BRW00175,Textiles,Term Loan,A,3,Senior Unsecured,Unsecured,0.0000000000,2024-11-09,2030-04-04,5.4000000000,13.4000000000,13.4000000000,0.0000000000,0.0000000000,13.4000000000,0.0008995934,0.4500000000,0.0653000000
LN00176,BRW00176,Agriculture,Working Capital / Revolving,AA,2,Subordinated,Unsecured,0.0000000000,2023-09-18,2024-09-17,1.0000000000,7.7700000000,2.8800000000,4.8900000000,0.7500000000,6.5475000000,0.0004629883,0.6500000000,0.0628000000
LN00177,BRW00177,Healthcare,Term Loan,BBB,4,Senior Secured,Plant & Machinery,0.8340000000,2025-04-05,2035-04-05,10.0000000000,1.2100000000,1.2100000000,0.0000000000,0.0000000000,1.2100000000,0.0026942808,0.2332000000,0.0852000000
LN00178,BRW00178,Real Estate,Term Loan,CCC,7,Senior Secured,Real Estate,0.8410000000,2025-08-03,2032-06-27,6.9000000000,8.2500000000,8.2500000000,0.0000000000,0.0000000000,8.2500000000,0.1658369921,0.1735000000,1.3909000000
LN00179,BRW00179,Real Estate,Working Capital / Revolving,B,6,Senior Unsecured,Unsecured,0.0000000000,2023-02-24,2024-02-24,1.0000000000,0.5300000000,0.3200000000,0.2100000000,0.7500000000,0.4775000000,0.0512634179,0.4500000000,0.4651000000
LN00180,BRW00180,IT Services,Term Loan,BB,5,Senior Secured,Real Estate,0.8150000000,2024-03-06,2031-09-05,7.5000000000,3.5900000000,3.5900000000,0.0000000000,0.0000000000,3.5900000000,0.0160580824,0.1788000000,0.1923000000
LN00181,BRW00181,Real Estate,Term Loan,B,6,Senior Secured,Plant & Machinery,0.4900000000,2024-06-05,2033-03-24,8.8000000000,13.9800000000,13.9800000000,0.0000000000,0.0000000000,13.9800000000,0.0469404929,0.2815000000,0.4323000000
LN00182,BRW00182,IT Services,Working Capital / Revolving,B,6,Senior Secured,Plant & Machinery,0.7110000000,2025-03-14,2026-03-14,1.0000000000,4.5600000000,3.1300000000,1.4300000000,0.7500000000,4.2025000000,0.0480687896,0.2505000000,0.4469000000
LN00183,BRW00183,Energy & Power,Term Loan,BBB,4,Senior Unsecured,Receivables,0.5550000000,2026-02-03,2032-12-28,6.9000000000,2.7200000000,2.7200000000,0.0000000000,0.0000000000,2.7200000000,0.0029143695,0.3251000000,0.0824000000
LN00184,BRW00184,Manufacturing,Term Loan,BBB,4,Senior Secured,Plant & Machinery,0.6710000000,2025-12-13,2031-01-18,5.1000000000,10.9100000000,10.9100000000,0.0000000000,0.0000000000,10.9100000000,0.0032340135,0.2561000000,0.0937000000
LN00185,BRW00185,Healthcare,Term Loan,BB,5,Senior Secured,Cash / Marketable Securities,0.6690000000,2023-06-04,2026-08-15,3.2000000000,11.8800000000,11.8800000000,0.0000000000,0.0000000000,11.8800000000,0.0162255884,0.1391000000,0.1877000000
LN00186,BRW00186,Textiles,Working Capital / Revolving,BB,5,Senior Secured,Receivables,0.6330000000,2025-11-04,2026-11-04,1.0000000000,16.6100000000,12.6400000000,3.9700000000,0.7500000000,15.6175000000,0.0136806609,0.2393000000,0.1703000000
LN00187,BRW00187,Energy & Power,Term Loan,BBB,4,Senior Unsecured,Unsecured,0.0000000000,2025-03-04,2033-12-21,8.8000000000,10.7400000000,10.7400000000,0.0000000000,0.0000000000,10.7400000000,0.0033973850,0.4500000000,0.0902000000
LN00188,BRW00188,Retail & Consumer,Term Loan,AA,2,Senior Unsecured,Plant & Machinery,1.0690000000,2022-07-01,2028-09-11,6.2000000000,13.2200000000,13.2200000000,0.0000000000,0.0000000000,13.2200000000,0.0004430983,0.2700000000,0.0592000000
LN00189,BRW00189,Manufacturing,Term Loan,BB,5,Senior Secured,Real Estate,0.8100000000,2024-10-12,2028-12-24,4.2000000000,9.3300000000,9.3300000000,0.0000000000,0.0000000000,9.3300000000,0.0167825494,0.1799000000,0.1939000000
LN00190,BRW00190,Financial Services,Term Loan,BBB,4,Senior Secured,Receivables,0.7050000000,2023-03-03,2028-03-02,5.0000000000,5.8400000000,5.8400000000,0.0000000000,0.0000000000,5.8400000000,0.0026403561,0.2266000000,0.0798000000
LN00191,BRW00191,Manufacturing,Working Capital / Revolving,B,6,Senior Unsecured,Receivables,0.9020000000,2024-10-13,2025-10-13,1.0000000000,4.9000000000,2.6400000000,2.2600000000,0.7500000000,4.3350000000,0.0464680972,0.2472000000,0.4292000000
LN00192,BRW00192,Healthcare,Term Loan,A,3,Senior Secured,Receivables,0.8440000000,2022-06-01,2031-04-25,8.9000000000,3.5400000000,3.5400000000,0.0000000000,0.0000000000,3.5400000000,0.0011039436,0.2023000000,0.0666000000
LN00193,BRW00193,Healthcare,Working Capital / Revolving,A,3,Senior Unsecured,Unsecured,0.0000000000,2022-11-09,2023-11-09,1.0000000000,1.3300000000,0.7400000000,0.5900000000,0.7500000000,1.1825000000,0.0009038476,0.4500000000,0.0728000000
LN00194,BRW00194,IT Services,Term Loan,B,6,Senior Secured,Plant & Machinery,0.8870000000,2024-04-10,2031-07-29,7.3000000000,1.7200000000,1.7200000000,0.0000000000,0.0000000000,1.7200000000,0.0487035190,0.2258000000,0.4466000000
LN00195,BRW00195,Energy & Power,Term Loan,A,3,Subordinated,Unsecured,0.0000000000,2023-05-30,2031-09-16,8.3000000000,3.3800000000,3.3800000000,0.0000000000,0.0000000000,3.3800000000,0.0009849578,0.6500000000,0.0707000000
LN00196,BRW00196,IT Services,Working Capital / Revolving,A,3,Senior Secured,Receivables,0.8840000000,2024-07-02,2025-07-02,1.0000000000,5.7100000000,2.5000000000,3.2100000000,0.7500000000,4.9075000000,0.0009235777,0.1953000000,0.0690000000
LN00197,BRW00197,Real Estate,Term Loan,BB,5,Senior Unsecured,Unsecured,0.0000000000,2022-05-13,2026-02-28,3.8000000000,18.9300000000,18.9300000000,0.0000000000,0.0000000000,18.9300000000,0.0159461034,0.4500000000,0.1806000000
LN00198,BRW00198,Financial Services,Term Loan,B,6,Senior Secured,Receivables,0.7830000000,2024-09-21,2034-03-22,9.5000000000,4.3000000000,4.3000000000,0.0000000000,0.0000000000,4.3000000000,0.0552700197,0.2131000000,0.5048000000
LN00199,BRW00199,Textiles,Working Capital / Revolving,A,3,Subordinated,Unsecured,0.0000000000,2022-10-19,2023-10-19,1.0000000000,12.2200000000,7.1200000000,5.1000000000,0.7500000000,10.9450000000,0.0011123725,0.6500000000,0.0618000000
LN00200,BRW00200,Real Estate,Term Loan,BBB,4,Subordinated,Unsecured,0.0000000000,2023-09-08,2032-02-01,8.4000000000,13.1900000000,13.1900000000,0.0000000000,0.0000000000,13.1900000000,0.0028553899,0.6500000000,0.0860000000
LN00201,BRW00201,Textiles,Term Loan,BB,5,Senior Unsecured,Unsecured,0.0000000000,2023-07-29,2026-12-21,3.4000000000,3.5600000000,3.5600000000,0.0000000000,0.0000000000,3.5600000000,0.0151388268,0.4500000000,0.1786000000
LN00202,BRW00202,Textiles,Working Capital / Revolving,CCC,7,Senior Secured,Real Estate,0.8280000000,2024-10-01,2025-10-01,1.0000000000,8.1200000000,6.2500000000,1.8700000000,0.7500000000,7.6525000000,0.1386782882,0.1761000000,1.1695000000
LN00203,BRW00203,Energy & Power,Term Loan,BBB,4,Senior Secured,Plant & Machinery,0.8330000000,2022-10-24,2030-03-18,7.4000000000,3.5100000000,3.5100000000,0.0000000000,0.0000000000,3.5100000000,0.0027703169,0.2334000000,0.0757000000
LN00204,BRW00204,IT Services,Term Loan,A,3,Senior Unsecured,Unsecured,0.0000000000,2023-02-28,2028-04-04,5.1000000000,16.8100000000,16.8100000000,0.0000000000,0.0000000000,16.8100000000,0.0008983762,0.4500000000,0.0678000000
LN00205,BRW00205,Real Estate,Term Loan,AAA,1,Senior Unsecured,Receivables,0.5880000000,2022-11-19,2028-11-18,6.0000000000,8.4600000000,8.4600000000,0.0000000000,0.0000000000,8.4600000000,0.0002264011,0.3176000000,0.0664000000
LN00206,BRW00206,Healthcare,Term Loan,A,3,Senior Secured,Real Estate,0.6790000000,2022-12-10,2029-11-03,6.9000000000,1.3600000000,1.3600000000,0.0000000000,0.0000000000,1.3600000000,0.0011163966,0.2074000000,0.0649000000
LN00207,BRW00207,Textiles,Term Loan,A,3,Senior Secured,Plant & Machinery,0.6520000000,2025-07-13,2032-06-06,6.9000000000,5.2700000000,5.2700000000,0.0000000000,0.0000000000,5.2700000000,0.0010832076,0.2588000000,0.0656000000
LN00208,BRW00208,Financial Services,Working Capital / Revolving,BB,5,Senior Secured,Cash / Marketable Securities,0.4580000000,2022-08-22,2023-08-22,1.0000000000,23.2900000000,16.2400000000,7.0500000000,0.7500000000,21.5275000000,0.0150794768,0.2056000000,0.1829000000
LN00209,BRW00209,Retail & Consumer,Term Loan,A,3,Senior Unsecured,Unsecured,0.0000000000,2022-10-11,2028-11-16,6.1000000000,3.7400000000,3.7400000000,0.0000000000,0.0000000000,3.7400000000,0.0009971824,0.4500000000,0.0704000000
LN00210,BRW00210,Real Estate,Working Capital / Revolving,BBB,4,Senior Unsecured,Unsecured,0.0000000000,2025-03-10,2026-03-10,1.0000000000,7.0100000000,5.0300000000,1.9800000000,0.7500000000,6.5150000000,0.0030267711,0.4500000000,0.0720000000
LN00211,BRW00211,Textiles,Term Loan,BB,5,Senior Unsecured,Unsecured,0.0000000000,2022-03-19,2031-08-12,9.4000000000,7.7400000000,7.7400000000,0.0000000000,0.0000000000,7.7400000000,0.0151645561,0.4500000000,0.1914000000
LN00212,BRW00212,Real Estate,Term Loan,BB,5,Senior Unsecured,Unsecured,0.0000000000,2024-01-17,2033-11-04,9.8000000000,1.5900000000,1.5900000000,0.0000000000,0.0000000000,1.5900000000,0.0147055339,0.4500000000,0.1803000000
LN00213,BRW00213,Infrastructure,Term Loan,A,3,Senior Secured,Cash / Marketable Securities,0.2300000000,2024-11-13,2029-12-19,5.1000000000,7.4700000000,7.4700000000,0.0000000000,0.0000000000,7.4700000000,0.0008895264,0.2775000000,0.0706000000
LN00214,BRW00214,Textiles,Working Capital / Revolving,B,6,Senior Secured,Real Estate,0.8780000000,2025-04-07,2026-04-07,1.0000000000,1.1100000000,0.8000000000,0.3100000000,0.7500000000,1.0325000000,0.0443849578,0.1656000000,0.4144000000
LN00215,BRW00215,Agriculture,Term Loan,BB,5,Senior Secured,Cash / Marketable Securities,0.6380000000,2024-09-11,2029-03-12,4.5000000000,2.4000000000,2.4000000000,0.0000000000,0.0000000000,2.4000000000,0.0170351237,0.1489000000,0.1870000000
LN00216,BRW00216,Real Estate,Term Loan,BB,5,Senior Unsecured,Unsecured,0.0000000000,2026-01-05,2032-04-24,6.3000000000,13.1400000000,13.1400000000,0.0000000000,0.0000000000,13.1400000000,0.0149191384,0.4500000000,0.1827000000
LN00217,BRW00217,Manufacturing,Working Capital / Revolving,A,3,Senior Secured,Plant & Machinery,0.7470000000,2023-05-21,2024-05-20,1.0000000000,6.4000000000,2.8800000000,3.5200000000,0.7500000000,5.5200000000,0.0011359617,0.2454000000,0.0663000000
LN00218,BRW00218,Retail & Consumer,Term Loan,A,3,Senior Secured,Real Estate,0.7110000000,2023-04-26,2029-10-25,6.5000000000,3.3100000000,3.3100000000,0.0000000000,0.0000000000,3.3100000000,0.0008990731,0.2006000000,0.0699000000
LN00219,BRW00219,Textiles,Term Loan,B,6,Senior Secured,Receivables,0.7300000000,2023-06-24,2026-11-16,3.4000000000,7.0000000000,7.0000000000,0.0000000000,0.0000000000,7.0000000000,0.0508162483,0.2223000000,0.4654000000
LN00220,BRW00220,Retail & Consumer,Working Capital / Revolving,BBB,4,Senior Secured,Plant & Machinery,0.7460000000,2023-12-15,2024-12-14,1.0000000000,4.2200000000,2.5400000000,1.6800000000,0.7500000000,3.8000000000,0.0027369455,0.2456000000,0.0831000000
LN00221,BRW00221,Healthcare,Term Loan,BBB,4,Senior Unsecured,Unsecured,0.0000000000,2024-09-14,2029-04-21,4.6000000000,4.5400000000,4.5400000000,0.0000000000,0.0000000000,4.5400000000,0.0027778661,0.4500000000,0.0783000000
LN00222,BRW00222,Real Estate,Term Loan,BBB,4,Senior Secured,Plant & Machinery,0.7460000000,2023-04-02,2032-02-24,8.9000000000,8.6400000000,8.6400000000,0.0000000000,0.0000000000,8.6400000000,0.0025770491,0.2456000000,0.0849000000
LN00223,BRW00223,Energy & Power,Term Loan,BB,5,Senior Secured,Cash / Marketable Securities,0.9670000000,2022-08-29,2030-01-21,7.4000000000,2.1700000000,2.1700000000,0.0000000000,0.0000000000,2.1700000000,0.0132852899,0.1000000000,0.1603000000
LN00224,BRW00224,Energy & Power,Term Loan,CCC,7,Senior Unsecured,Unsecured,0.0000000000,2025-10-24,2032-09-17,6.9000000000,4.6700000000,4.6700000000,0.0000000000,0.0000000000,4.6700000000,0.1687581783,0.4500000000,1.4213000000
LN00225,BRW00225,Healthcare,Term Loan,BBB,4,Senior Secured,Receivables,0.8830000000,2024-08-16,2029-10-28,5.2000000000,3.2800000000,3.2800000000,0.0000000000,0.0000000000,3.2800000000,0.0028393797,0.1954000000,0.0939000000
LN00226,BRW00226,Energy & Power,Working Capital / Revolving,B,6,Senior Secured,Receivables,0.3930000000,2022-02-27,2023-02-27,1.0000000000,0.9200000000,0.7600000000,0.1600000000,0.7500000000,0.8800000000,0.0516219382,0.2813000000,0.4811000000
LN00227,BRW00227,Agriculture,Term Loan,AAA,1,Senior Secured,Real Estate,0.9730000000,2022-09-11,2027-12-29,5.3000000000,1.7900000000,1.7900000000,0.0000000000,0.0000000000,1.7900000000,0.0001979008,0.1456000000,0.0680000000
LN00228,BRW00228,Infrastructure,Working Capital / Revolving,BB,5,Senior Unsecured,Receivables,0.6580000000,2022-03-01,2023-03-01,1.0000000000,21.5000000000,10.5800000000,10.9200000000,0.7500000000,18.7700000000,0.0145520306,0.3019000000,0.1760000000
LN00229,BRW00229,Energy & Power,Working Capital / Revolving,BB,5,Senior Secured,Real Estate,0.8930000000,2025-06-05,2026-06-05,1.0000000000,6.5800000000,4.3800000000,2.2000000000,0.7500000000,6.0300000000,0.0151434874,0.1624000000,0.1870000000
LN00230,BRW00230,Financial Services,Term Loan,A,3,Senior Unsecured,Receivables,0.5550000000,2024-04-17,2030-09-10,6.4000000000,1.1900000000,1.1900000000,0.0000000000,0.0000000000,1.1900000000,0.0009061717,0.3250000000,0.0668000000
LN00231,BRW00231,Financial Services,Working Capital / Revolving,A,3,Subordinated,Unsecured,0.0000000000,2025-08-22,2026-08-22,1.0000000000,0.9600000000,0.4700000000,0.4900000000,0.7500000000,0.8375000000,0.0011465812,0.6500000000,0.0614000000
LN00232,BRW00232,Real Estate,Working Capital / Revolving,BBB,4,Senior Unsecured,Unsecured,0.0000000000,2022-09-05,2023-09-05,1.0000000000,4.0100000000,1.6300000000,2.3800000000,0.7500000000,3.4150000000,0.0032864771,0.4500000000,0.0938000000
LN00233,BRW00233,Healthcare,Working Capital / Revolving,CCC,7,Senior Secured,Plant & Machinery,0.5590000000,2024-01-29,2025-01-28,1.0000000000,21.3500000000,16.2500000000,5.1000000000,0.7500000000,20.0750000000,0.1608726585,0.2718000000,1.3526000000
LN00234,BRW00234,Manufacturing,Term Loan,BB,5,Senior Unsecured,Unsecured,0.0000000000,2025-03-08,2028-10-12,3.6000000000,3.7200000000,3.7200000000,0.0000000000,0.0000000000,3.7200000000,0.0148594168,0.4500000000,0.1787000000
LN00235,BRW00235,Agriculture,Term Loan,B,6,Senior Secured,Receivables,0.7740000000,2025-10-20,2032-02-07,6.3000000000,16.5600000000,16.5600000000,0.0000000000,0.0000000000,16.5600000000,0.0447931568,0.2146000000,0.4122000000
LN00236,BRW00236,Agriculture,Term Loan,B,6,Senior Secured,Real Estate,0.6660000000,2023-03-13,2027-09-11,4.5000000000,6.3700000000,6.3700000000,0.0000000000,0.0000000000,6.3700000000,0.0563099879,0.2101000000,0.5075000000
LN00237,BRW00237,Infrastructure,Term Loan,BBB,4,Senior Secured,Receivables,0.7410000000,2022-11-24,2026-04-18,3.4000000000,7.1800000000,7.1800000000,0.0000000000,0.0000000000,7.1800000000,0.0028572484,0.2203000000,0.0738000000
LN00238,BRW00238,Textiles,Term Loan,BB,5,Senior Secured,Real Estate,0.4900000000,2022-08-17,2025-08-16,3.0000000000,1.1800000000,1.1800000000,0.0000000000,0.0000000000,1.1800000000,0.0129754801,0.2471000000,0.1685000000
LN00239,BRW00239,Financial Services,Term Loan,AAA,1,Senior Secured,Cash / Marketable Securities,0.7470000000,2022-04-04,2027-07-22,5.3000000000,11.4400000000,11.4400000000,0.0000000000,0.0000000000,11.4400000000,0.0001905442,0.1146000000,0.0535000000
LN00240,BRW00240,Manufacturing,Term Loan,A,3,Senior Secured,Plant & Machinery,0.5330000000,2022-11-20,2029-12-26,7.1000000000,3.2100000000,3.2100000000,0.0000000000,0.0000000000,3.2100000000,0.0010883371,0.2753000000,0.0701000000
LN00241,BRW00241,Real Estate,Working Capital / Revolving,B,6,Senior Secured,Receivables,0.6710000000,2023-01-01,2024-01-01,1.0000000000,10.6200000000,5.6300000000,4.9900000000,0.7500000000,9.3725000000,0.0518406312,0.2326000000,0.4705000000
LN00242,BRW00242,Real Estate,Term Loan,BB,5,Senior Secured,Real Estate,0.9350000000,2022-11-24,2027-12-30,5.1000000000,1.9900000000,1.9900000000,0.0000000000,0.0000000000,1.9900000000,0.0161287736,0.1536000000,0.1819000000
LN00243,BRW00243,Financial Services,Term Loan,A,3,Senior Unsecured,Unsecured,0.0000000000,2022-02-22,2032-01-16,9.9000000000,5.3500000000,5.3500000000,0.0000000000,0.0000000000,5.3500000000,0.0010880906,0.4500000000,0.0699000000
LN00244,BRW00244,Agriculture,Term Loan,BBB,4,Subordinated,Unsecured,0.0000000000,2024-04-20,2033-11-25,9.6000000000,6.3700000000,6.3700000000,0.0000000000,0.0000000000,6.3700000000,0.0027407591,0.6500000000,0.0803000000
LN00245,BRW00245,Energy & Power,Term Loan,BB,5,Senior Secured,Cash / Marketable Securities,0.9200000000,2023-02-10,2027-01-04,3.9000000000,3.8400000000,3.8400000000,0.0000000000,0.0000000000,3.8400000000,0.0169070249,0.1000000000,0.1994000000
LN00246,BRW00246,Financial Services,Term Loan,B,6,Senior Unsecured,Unsecured,0.0000000000,2022-11-12,2028-10-05,5.9000000000,6.7200000000,6.7200000000,0.0000000000,0.0000000000,6.7200000000,0.0490698440,0.4500000000,0.4462000000
LN00247,BRW00247,Energy & Power,Term Loan,BB,5,Senior Secured,Real Estate,0.6420000000,2025-09-12,2033-03-13,7.5000000000,3.4300000000,3.4300000000,0.0000000000,0.0000000000,3.4300000000,0.0156255614,0.2153000000,0.1812000000
LN00248,BRW00248,Manufacturing,Term Loan,BBB,4,Senior Secured,Real Estate,0.8990000000,2023-05-21,2031-06-26,8.1000000000,2.3400000000,2.3400000000,0.0000000000,0.0000000000,2.3400000000,0.0025520779,0.1611000000,0.0685000000
LN00249,BRW00249,IT Services,Term Loan,BBB,4,Senior Secured,Real Estate,0.7170000000,2024-10-19,2030-05-26,5.6000000000,22.3200000000,22.3200000000,0.0000000000,0.0000000000,22.3200000000,0.0034440316,0.1995000000,0.0766000000
LN00250,BRW00250,Infrastructure,Term Loan,BBB,4,Senior Secured,Plant & Machinery,0.5170000000,2025-08-19,2033-10-31,8.2000000000,12.7900000000,12.7900000000,0.0000000000,0.0000000000,12.7900000000,0.0028028067,0.2776000000,0.0914000000
LN00251,BRW00251,Infrastructure,Term Loan,BB,5,Senior Secured,Cash / Marketable Securities,1.1200000000,2025-06-24,2029-05-18,3.9000000000,2.0900000000,2.0900000000,0.0000000000,0.0000000000,2.0900000000,0.0130292840,0.1000000000,0.1747000000
LN00252,BRW00252,Energy & Power,Term Loan,B,6,Senior Secured,Plant & Machinery,0.7470000000,2025-09-15,2031-01-02,5.3000000000,7.9100000000,7.9100000000,0.0000000000,0.0000000000,7.9100000000,0.0493739306,0.2455000000,0.4555000000
LN00253,BRW00253,IT Services,Term Loan,BBB,4,Senior Secured,Receivables,0.7340000000,2022-07-21,2030-07-21,8.0000000000,2.1300000000,2.1300000000,0.0000000000,0.0000000000,2.1300000000,0.0026661271,0.2216000000,0.0772000000
LN00254,BRW00254,Infrastructure,Term Loan,A,3,Senior Secured,Real Estate,0.6690000000,2023-01-22,2030-06-16,7.4000000000,1.3700000000,1.3700000000,0.0000000000,0.0000000000,1.3700000000,0.0008956980,0.2095000000,0.0657000000
LN00255,BRW00255,Real Estate,Term Loan,A,3,Senior Secured,Real Estate,0.9860000000,2025-10-02,2034-08-26,8.9000000000,12.6000000000,12.6000000000,0.0000000000,0.0000000000,12.6000000000,0.0010396848,0.1429000000,0.0727000000
LN00256,BRW00256,IT Services,Term Loan,BB,5,Senior Secured,Cash / Marketable Securities,0.6450000000,2023-08-25,2026-12-12,3.3000000000,0.8200000000,0.8200000000,0.0000000000,0.0000000000,0.8200000000,0.0145181733,0.1468000000,0.1736000000
LN00257,BRW00257,IT Services,Working Capital / Revolving,B,6,Senior Secured,Plant & Machinery,0.4410000000,2023-07-05,2024-07-04,1.0000000000,11.3200000000,6.2400000000,5.0800000000,0.7500000000,10.0500000000,0.0563277868,0.2883000000,0.5118000000
LN00258,BRW00258,IT Services,Working Capital / Revolving,A,3,Senior Secured,Plant & Machinery,0.6140000000,2024-01-28,2025-01-27,1.0000000000,3.4800000000,1.9100000000,1.5700000000,0.7500000000,3.0875000000,0.0009457469,0.2640000000,0.0675000000
LN00259,BRW00259,Agriculture,Working Capital / Revolving,AA,2,Senior Secured,Real Estate,1.0150000000,2023-09-23,2024-09-22,1.0000000000,3.6300000000,2.1400000000,1.4900000000,0.7500000000,3.2575000000,0.0005339270,0.1400000000,0.0614000000
LN00260,BRW00260,Retail & Consumer,Term Loan,BB,5,Senior Secured,Plant & Machinery,0.9160000000,2022-07-07,2025-07-06,3.0000000000,6.7500000000,6.7500000000,0.0000000000,0.0000000000,6.7500000000,0.0148249474,0.2217000000,0.1760000000
LN00261,BRW00261,Retail & Consumer,Term Loan,A,3,Senior Secured,Cash / Marketable Securities,0.6990000000,2024-01-29,2030-07-30,6.5000000000,8.0100000000,8.0100000000,0.0000000000,0.0000000000,8.0100000000,0.0010479854,0.1298000000,0.0699000000
LN00262,BRW00262,Retail & Consumer,Term Loan,B,6,Senior Secured,Plant & Machinery,1.0250000000,2023-07-06,2030-03-18,6.7000000000,1.9600000000,1.9600000000,0.0000000000,0.0000000000,1.9600000000,0.0514954304,0.2100000000,0.4671000000
LN00263,BRW00263,Energy & Power,Working Capital / Revolving,BBB,4,Subordinated,Unsecured,0.0000000000,2023-11-13,2024-11-12,1.0000000000,9.1900000000,5.5000000000,3.6900000000,0.7500000000,8.2675000000,0.0029755056,0.6500000000,0.0861000000
LN00264,BRW00264,Financial Services,Working Capital / Revolving,A,3,Senior Secured,Plant & Machinery,0.6970000000,2024-07-27,2025-07-27,1.0000000000,5.0200000000,2.7900000000,2.2300000000,0.7500000000,4.4625000000,0.0011350183,0.2525000000,0.0667000000
LN00265,BRW00265,Agriculture,Working Capital / Revolving,B,6,Senior Secured,Receivables,0.7170000000,2022-07-31,2023-07-31,1.0000000000,1.2800000000,0.7100000000,0.5700000000,0.7500000000,1.1375000000,0.0476407046,0.2246000000,0.4418000000
LN00266,BRW00266,Healthcare,Working Capital / Revolving,A,3,Senior Secured,Cash / Marketable Securities,0.8160000000,2024-07-01,2025-07-01,1.0000000000,3.7800000000,2.2200000000,1.5600000000,0.7500000000,3.3900000000,0.0009031707,0.1000000000,0.0741000000
LN00267,BRW00267,Energy & Power,Term Loan,BBB,4,Subordinated,Unsecured,0.0000000000,2022-12-12,2026-05-06,3.4000000000,17.8400000000,17.8400000000,0.0000000000,0.0000000000,17.8400000000,0.0031602847,0.6500000000,0.0844000000
LN00268,BRW00268,Healthcare,Working Capital / Revolving,A,3,Senior Unsecured,Unsecured,0.0000000000,2023-09-24,2024-09-23,1.0000000000,23.9700000000,12.9900000000,10.9800000000,0.7500000000,21.2250000000,0.0011038023,0.4500000000,0.0734000000
LN00269,BRW00269,IT Services,Working Capital / Revolving,A,3,Senior Unsecured,Unsecured,0.0000000000,2023-05-30,2024-05-29,1.0000000000,9.1800000000,5.8900000000,3.2900000000,0.7500000000,8.3575000000,0.0008620761,0.4500000000,0.0579000000
LN00270,BRW00270,Textiles,Term Loan,AAA,1,Subordinated,Unsecured,0.0000000000,2023-02-08,2029-10-21,6.7000000000,1.3600000000,1.3600000000,0.0000000000,0.0000000000,1.3600000000,0.0001969780,0.6500000000,0.0592000000
LN00271,BRW00271,IT Services,Working Capital / Revolving,AA,2,Senior Secured,Cash / Marketable Securities,0.7120000000,2023-03-16,2024-03-15,1.0000000000,7.3200000000,2.9900000000,4.3300000000,0.7500000000,6.2375000000,0.0005588732,0.1257000000,0.0646000000
LN00272,BRW00272,Retail & Consumer,Term Loan,A,3,Subordinated,Unsecured,0.0000000000,2023-11-23,2030-11-22,7.0000000000,10.4900000000,10.4900000000,0.0000000000,0.0000000000,10.4900000000,0.0010748856,0.6500000000,0.0782000000
LN00273,BRW00273,Healthcare,Working Capital / Revolving,AA,2,Senior Secured,Cash / Marketable Securities,0.9560000000,2023-09-09,2024-09-08,1.0000000000,9.2600000000,4.1000000000,5.1600000000,0.7500000000,7.9700000000,0.0005737712,0.1000000000,0.0548000000
LN00274,BRW00274,Retail & Consumer,Working Capital / Revolving,BB,5,Senior Unsecured,Plant & Machinery,0.3810000000,2024-02-13,2025-02-12,1.0000000000,9.8300000000,5.5500000000,4.2800000000,0.7500000000,8.7600000000,0.0151413622,0.3814000000,0.1806000000
LN00275,BRW00275,Real Estate,Term Loan,BB,5,Senior Secured,Receivables,0.6740000000,2024-10-19,2028-09-12,3.9000000000,6.4400000000,6.4400000000,0.0000000000,0.0000000000,6.4400000000,0.0157199807,0.2321000000,0.1930000000
LN00276,BRW00276,Textiles,Working Capital / Revolving,BBB,4,Senior Secured,Receivables,0.6540000000,2023-03-29,2024-03-28,1.0000000000,4.1700000000,2.3700000000,1.8000000000,0.7500000000,3.7200000000,0.0028222323,0.2356000000,0.0787000000
LN00277,BRW00277,Manufacturing,Term Loan,BBB,4,Subordinated,Unsecured,0.0000000000,2022-08-18,2031-10-30,9.2000000000,2.4400000000,2.4400000000,0.0000000000,0.0000000000,2.4400000000,0.0034027820,0.6500000000,0.0862000000
LN00278,BRW00278,Real Estate,Working Capital / Revolving,BBB,4,Senior Secured,Real Estate,0.7410000000,2023-04-30,2024-04-29,1.0000000000,0.6700000000,0.3200000000,0.3500000000,0.7500000000,0.5825000000,0.0028797019,0.1943000000,0.0847000000
LN00279,BRW00279,Textiles,Working Capital / Revolving,B,6,Subordinated,Unsecured,0.0000000000,2023-01-21,2024-01-21,1.0000000000,6.2900000000,4.4500000000,1.8400000000,0.7500000000,5.8300000000,0.0535776607,0.6500000000,0.4895000000
LN00280,BRW00280,Energy & Power,Term Loan,B,6,Senior Secured,Cash / Marketable Securities,0.8820000000,2022-10-28,2028-03-22,5.4000000000,5.4000000000,5.4000000000,0.0000000000,0.0000000000,5.4000000000,0.0485471031,0.1000000000,0.4562000000
LN00281,BRW00281,Manufacturing,Working Capital / Revolving,AA,2,Senior Unsecured,Unsecured,0.0000000000,2024-09-07,2025-09-07,1.0000000000,7.8300000000,4.9700000000,2.8600000000,0.7500000000,7.1150000000,0.0005092728,0.4500000000,0.0663000000
LN00282,BRW00282,Energy & Power,Term Loan,A,3,Subordinated,Unsecured,0.0000000000,2025-11-30,2032-09-17,6.8000000000,1.1800000000,1.1800000000,0.0000000000,0.0000000000,1.1800000000,0.0010659348,0.6500000000,0.0752000000
LN00283,BRW00283,Textiles,Term Loan,A,3,Senior Secured,Real Estate,0.6790000000,2024-10-21,2029-08-09,4.8000000000,8.5400000000,8.5400000000,0.0000000000,0.0000000000,8.5400000000,0.0010026802,0.2074000000,0.0662000000
LN00284,BRW00284,Manufacturing,Term Loan,A,3,Subordinated,Unsecured,0.0000000000,2023-02-16,2027-04-30,4.2000000000,34.9700000000,34.9700000000,0.0000000000,0.0000000000,34.9700000000,0.0011221259,0.6500000000,0.0653000000
LN00285,BRW00285,Retail & Consumer,Term Loan,BB,5,Senior Unsecured,Unsecured,0.0000000000,2022-11-18,2027-01-30,4.2000000000,4.8500000000,4.8500000000,0.0000000000,0.0000000000,4.8500000000,0.0146368544,0.4500000000,0.1760000000
LN00286,BRW00286,Retail & Consumer,Term Loan,BBB,4,Senior Unsecured,Receivables,0.5850000000,2024-02-05,2030-04-18,6.2000000000,4.2100000000,4.2100000000,0.0000000000,0.0000000000,4.2100000000,0.0031323646,0.3183000000,0.0793000000
LN00287,BRW00287,IT Services,Term Loan,AA,2,Senior Secured,Receivables,0.8410000000,2023-01-12,2027-03-26,4.2000000000,6.1000000000,6.1000000000,0.0000000000,0.0000000000,6.1000000000,0.0004763544,0.2028000000,0.0662000000
LN00288,BRW00288,Real Estate,Term Loan,BBB,4,Senior Secured,Real Estate,0.9950000000,2025-11-12,2028-12-18,3.1000000000,34.2000000000,34.2000000000,0.0000000000,0.0000000000,34.2000000000,0.0029173410,0.1410000000,0.0814000000
LN00289,BRW00289,IT Services,Term Loan,BBB,4,Senior Unsecured,Receivables,0.3100000000,2023-07-29,2026-12-21,3.4000000000,1.6100000000,1.6100000000,0.0000000000,0.0000000000,1.6100000000,0.0029460451,0.3803000000,0.0802000000
LN00290,BRW00290,IT Services,Working Capital / Revolving,A,3,Senior Secured,Plant & Machinery,1.0250000000,2023-06-07,2024-06-06,1.0000000000,5.4900000000,2.6300000000,2.8600000000,0.7500000000,4.7750000000,0.0008877421,0.2100000000,0.0696000000
LN00291,BRW00291,Retail & Consumer,Term Loan,B,6,Senior Secured,Real Estate,0.7220000000,2024-02-14,2027-08-15,3.5000000000,2.0100000000,2.0100000000,0.0000000000,0.0000000000,2.0100000000,0.0438758552,0.1984000000,0.4053000000
LN00292,BRW00292,Retail & Consumer,Working Capital / Revolving,AA,2,Senior Secured,Real Estate,0.3730000000,2023-04-13,2024-04-12,1.0000000000,2.5900000000,1.3300000000,1.2600000000,0.7500000000,2.2750000000,0.0005251235,0.2716000000,0.0681000000
LN00293,BRW00293,Real Estate,Term Loan,B,6,Senior Unsecured,Receivables,0.1500000000,2024-03-09,2030-05-21,6.2000000000,4.2600000000,4.2600000000,0.0000000000,0.0000000000,4.2600000000,0.0523327661,0.4163000000,0.4763000000
LN00294,BRW00294,Real Estate,Term Loan,AA,2,Senior Secured,Real Estate,0.4440000000,2024-01-22,2028-10-03,4.7000000000,17.2400000000,17.2400000000,0.0000000000,0.0000000000,17.2400000000,0.0005244365,0.2567000000,0.0700000000
LN00295,BRW00295,IT Services,Term Loan,B,6,Senior Unsecured,Unsecured,0.0000000000,2023-09-26,2033-06-07,9.7000000000,27.1400000000,27.1400000000,0.0000000000,0.0000000000,27.1400000000,0.0427964967,0.4500000000,0.4004000000
LN00296,BRW00296,Energy & Power,Term Loan,B,6,Subordinated,Unsecured,0.0000000000,2022-12-21,2032-05-15,9.4000000000,7.0200000000,7.0200000000,0.0000000000,0.0000000000,7.0200000000,0.0473982026,0.6500000000,0.4423000000
LN00297,BRW00297,Real Estate,Term Loan,CCC,7,Senior Secured,Receivables,0.8770000000,2025-03-01,2030-12-18,5.8000000000,3.0800000000,3.0800000000,0.0000000000,0.0000000000,3.0800000000,0.1364014431,0.1966000000,1.1521000000
LN00298,BRW00298,Textiles,Term Loan,B,6,Senior Secured,Receivables,0.6400000000,2024-12-15,2031-01-21,6.1000000000,54.2000000000,54.2000000000,0.0000000000,0.0000000000,54.2000000000,0.0541722713,0.2380000000,0.4971000000
LN00299,BRW00299,Agriculture,Term Loan,BB,5,Senior Unsecured,Unsecured,0.0000000000,2024-06-24,2030-01-29,5.6000000000,2.9200000000,2.9200000000,0.0000000000,0.0000000000,2.9200000000,0.0166228368,0.4500000000,0.1935000000
LN00300,BRW00300,Financial Services,Term Loan,BB,5,Senior Secured,Receivables,0.6670000000,2025-05-09,2028-08-26,3.3000000000,2.5300000000,2.5300000000,0.0000000000,0.0000000000,2.5300000000,0.0138600617,0.2332000000,0.1626000000
LN00301,BRW00301,Healthcare,Term Loan,BB,5,Senior Unsecured,Unsecured,0.0000000000,2024-10-26,2029-10-26,5.0000000000,0.7600000000,0.7600000000,0.0000000000,0.0000000000,0.7600000000,0.0157553212,0.4500000000,0.1911000000
LN00302,BRW00302,Real Estate,Term Loan,A,3,Senior Unsecured,Unsecured,0.0000000000,2024-10-02,2028-08-26,3.9000000000,18.1000000000,18.1000000000,0.0000000000,0.0000000000,18.1000000000,0.0008888088,0.4500000000,0.0667000000
LN00303,BRW00303,Healthcare,Working Capital / Revolving,BBB,4,Senior Unsecured,Unsecured,0.0000000000,2024-11-25,2025-11-25,1.0000000000,11.8000000000,6.1400000000,5.6600000000,0.7500000000,10.3850000000,0.0027976373,0.4500000000,0.0863000000
LN00304,BRW00304,Real Estate,Term Loan,BBB,4,Senior Secured,Receivables,0.9300000000,2024-07-07,2031-06-01,6.9000000000,50.2900000000,50.2900000000,0.0000000000,0.0000000000,50.2900000000,0.0026747890,0.1872000000,0.0848000000
LN00305,BRW00305,IT Services,Working Capital / Revolving,B,6,Senior Unsecured,Unsecured,0.0000000000,2024-02-18,2025-02-17,1.0000000000,1.1200000000,0.6300000000,0.4900000000,0.7500000000,0.9975000000,0.0467528115,0.4500000000,0.4302000000
LN00306,BRW00306,Real Estate,Working Capital / Revolving,BBB,4,Senior Unsecured,Receivables,0.5760000000,2023-05-13,2024-05-12,1.0000000000,19.2600000000,6.3600000000,12.9000000000,0.7500000000,16.0350000000,0.0031572629,0.3204000000,0.0807000000
LN00307,BRW00307,Real Estate,Working Capital / Revolving,BBB,4,Senior Secured,Plant & Machinery,0.6420000000,2024-12-11,2025-12-11,1.0000000000,4.8100000000,1.9000000000,2.9100000000,0.7500000000,4.0825000000,0.0033692942,0.2602000000,0.0902000000
LN00308,BRW00308,IT Services,Working Capital / Revolving,BB,5,Senior Unsecured,Unsecured,0.0000000000,2022-10-06,2023-10-06,1.0000000000,10.0400000000,4.3900000000,5.6500000000,0.7500000000,8.6275000000,0.0136613508,0.4500000000,0.1678000000
LN00309,BRW00309,Manufacturing,Term Loan,BBB,4,Senior Unsecured,Receivables,0.7230000000,2024-03-27,2028-03-27,4.0000000000,0.8600000000,0.8600000000,0.0000000000,0.0000000000,0.8600000000,0.0030378711,0.2872000000,0.0890000000
LN00310,BRW00310,Textiles,Term Loan,A,3,Senior Unsecured,Unsecured,0.0000000000,2023-04-07,2026-04-06,3.0000000000,19.4500000000,19.4500000000,0.0000000000,0.0000000000,19.4500000000,0.0010604173,0.4500000000,0.0676000000
LN00311,BRW00311,Agriculture,Term Loan,BBB,4,Senior Secured,Cash / Marketable Securities,0.9350000000,2025-09-14,2030-02-07,4.4000000000,9.8400000000,9.8400000000,0.0000000000,0.0000000000,9.8400000000,0.0034076302,0.1000000000,0.0924000000
LN00312,BRW00312,Retail & Consumer,Working Capital / Revolving,BBB,4,Senior Secured,Plant & Machinery,1.1790000000,2025-06-19,2026-06-19,1.0000000000,4.3100000000,3.6300000000,0.6800000000,0.7500000000,4.1400000000,0.0030990544,0.2100000000,0.0869000000
LN00313,BRW00313,Textiles,Term Loan,A,3,Senior Secured,Cash / Marketable Securities,0.7920000000,2024-05-04,2032-12-09,8.6000000000,8.5400000000,8.5400000000,0.0000000000,0.0000000000,8.5400000000,0.0009265321,0.1005000000,0.0689000000
LN00314,BRW00314,Real Estate,Term Loan,BBB,4,Senior Secured,Cash / Marketable Securities,0.9970000000,2024-09-09,2034-02-02,9.4000000000,2.0800000000,2.0800000000,0.0000000000,0.0000000000,2.0800000000,0.0031129303,0.1000000000,0.0830000000
LN00315,BRW00315,Retail & Consumer,Working Capital / Revolving,BBB,4,Senior Secured,Receivables,0.9570000000,2024-03-02,2025-03-02,1.0000000000,2.5100000000,1.2400000000,1.2700000000,0.7500000000,2.1925000000,0.0028384420,0.1825000000,0.0839000000
LN00316,BRW00316,Financial Services,Term Loan,BBB,4,Subordinated,Unsecured,0.0000000000,2025-07-12,2031-04-30,5.8000000000,2.8200000000,2.8200000000,0.0000000000,0.0000000000,2.8200000000,0.0034285156,0.6500000000,0.0934000000
LN00317,BRW00317,Healthcare,Term Loan,BBB,4,Senior Secured,Plant & Machinery,0.7550000000,2024-04-04,2032-04-04,8.0000000000,0.7000000000,0.7000000000,0.0000000000,0.0000000000,0.7000000000,0.0029097085,0.2443000000,0.0830000000
LN00318,BRW00318,Infrastructure,Working Capital / Revolving,BB,5,Senior Unsecured,Unsecured,0.0000000000,2023-05-27,2024-05-26,1.0000000000,10.6100000000,7.3800000000,3.2300000000,0.7500000000,9.8025000000,0.0158344247,0.4500000000,0.1893000000
LN00319,BRW00319,Real Estate,Term Loan,BBB,4,Senior Secured,Plant & Machinery,0.7090000000,2023-03-27,2027-07-14,4.3000000000,14.7600000000,14.7600000000,0.0000000000,0.0000000000,14.7600000000,0.0025709048,0.2507000000,0.0808000000
LN00320,BRW00320,Manufacturing,Term Loan,B,6,Senior Secured,Real Estate,0.6250000000,2025-03-02,2028-12-18,3.8000000000,2.2200000000,2.2200000000,0.0000000000,0.0000000000,2.2200000000,0.0485009217,0.2188000000,0.4486000000
LN00321,BRW00321,Manufacturing,Working Capital / Revolving,B,6,Senior Secured,Plant & Machinery,0.6690000000,2024-10-11,2025-10-11,1.0000000000,6.3500000000,3.3600000000,2.9900000000,0.7500000000,5.6025000000,0.0556266142,0.2563000000,0.5136000000
LN00322,BRW00322,IT Services,Term Loan,BBB,4,Senior Secured,Receivables,0.6000000000,2024-01-19,2031-01-18,7.0000000000,3.4400000000,3.4400000000,0.0000000000,0.0000000000,3.4400000000,0.0030992047,0.2450000000,0.0908000000
LN00323,BRW00323,Energy & Power,Term Loan,BBB,4,Senior Unsecured,Unsecured,0.0000000000,2024-01-30,2028-01-30,4.0000000000,6.2200000000,6.2200000000,0.0000000000,0.0000000000,6.2200000000,0.0029495486,0.4500000000,0.0840000000
LN00324,BRW00324,Healthcare,Term Loan,BBB,4,Subordinated,Unsecured,0.0000000000,2022-12-24,2028-01-29,5.1000000000,2.3900000000,2.3900000000,0.0000000000,0.0000000000,2.3900000000,0.0033923437,0.6500000000,0.0882000000
LN00325,BRW00325,Retail & Consumer,Working Capital / Revolving,B,6,Senior Unsecured,Plant & Machinery,0.7260000000,2024-08-05,2025-08-05,1.0000000000,1.8500000000,0.7000000000,1.1500000000,0.7500000000,1.5625000000,0.0553097656,0.3193000000,0.4990000000
LN00326,BRW00326,Energy & Power,Term Loan,BB,5,Senior Secured,Real Estate,0.3770000000,2023-06-19,2028-04-06,4.8000000000,12.8300000000,12.8300000000,0.0000000000,0.0000000000,12.8300000000,0.0141999705,0.2708000000,0.1727000000
LN00327,BRW00327,IT Services,Working Capital / Revolving,B,6,Senior Unsecured,Receivables,0.6010000000,2022-08-10,2023-08-10,1.0000000000,4.2000000000,2.8600000000,1.3400000000,0.7500000000,3.8650000000,0.0506682260,0.3148000000,0.4669000000
LN00328,BRW00328,Real Estate,Working Capital / Revolving,BBB,4,Senior Secured,Plant & Machinery,0.4460000000,2024-12-18,2025-12-18,1.0000000000,33.8600000000,7.4400000000,26.4200000000,0.7500000000,27.2550000000,0.0029908418,0.2875000000,0.0882000000
LN00329,BRW00329,Infrastructure,Term Loan,BB,5,Subordinated,Unsecured,0.0000000000,2022-11-08,2029-06-14,6.6000000000,4.6900000000,4.6900000000,0.0000000000,0.0000000000,4.6900000000,0.0155949113,0.6500000000,0.1885000000
LN00330,BRW00330,Textiles,Term Loan,BBB,4,Senior Secured,Plant & Machinery,0.8510000000,2024-10-28,2029-03-23,4.4000000000,1.7800000000,1.7800000000,0.0000000000,0.0000000000,1.7800000000,0.0028507001,0.2309000000,0.0773000000
LN00331,BRW00331,Healthcare,Term Loan,BB,5,Senior Secured,Cash / Marketable Securities,0.8010000000,2024-10-26,2028-07-08,3.7000000000,15.2900000000,15.2900000000,0.0000000000,0.0000000000,15.2900000000,0.0138489225,0.1000000000,0.1757000000
LN00332,BRW00332,Financial Services,Working Capital / Revolving,A,3,Senior Secured,Receivables,0.5930000000,2023-07-15,2024-07-14,1.0000000000,8.4200000000,2.9600000000,5.4600000000,0.7500000000,7.0550000000,0.0011238016,0.2463000000,0.0685000000
LN00333,BRW00333,Real Estate,Term Loan,BB,5,Senior Secured,Receivables,0.7990000000,2023-08-30,2030-01-22,6.4000000000,9.2700000000,9.2700000000,0.0000000000,0.0000000000,9.2700000000,0.0169074352,0.2101000000,0.1903000000
LN00334,BRW00334,Financial Services,Term Loan,B,6,Senior Secured,Cash / Marketable Securities,0.6560000000,2023-12-15,2027-05-09,3.4000000000,14.7400000000,14.7400000000,0.0000000000,0.0000000000,14.7400000000,0.0551498433,0.1434000000,0.5079000000
LN00335,BRW00335,Manufacturing,Term Loan,A,3,Subordinated,Unsecured,0.0000000000,2025-03-27,2030-01-13,4.8000000000,2.3300000000,2.3300000000,0.0000000000,0.0000000000,2.3300000000,0.0011434613,0.6500000000,0.0765000000
LN00336,BRW00336,Real Estate,Working Capital / Revolving,BB,5,Senior Unsecured,Unsecured,0.0000000000,2025-10-11,2026-10-11,1.0000000000,3.9500000000,1.7600000000,2.1900000000,0.7500000000,3.4025000000,0.0161024619,0.4500000000,0.1901000000
LN00337,BRW00337,Agriculture,Term Loan,AA,2,Subordinated,Unsecured,0.0000000000,2022-07-04,2030-10-21,8.3000000000,3.7800000000,3.7800000000,0.0000000000,0.0000000000,3.7800000000,0.0005397001,0.6500000000,0.0679000000
LN00338,BRW00338,Manufacturing,Working Capital / Revolving,BB,5,Senior Secured,Real Estate,0.9400000000,2022-08-25,2023-08-25,1.0000000000,1.2300000000,0.6100000000,0.6200000000,0.7500000000,1.0750000000,0.0161816554,0.1526000000,0.1933000000
LN00339,BRW00339,Financial Services,Term Loan,AA,2,Senior Unsecured,Unsecured,0.0000000000,2022-08-06,2029-10-17,7.2000000000,3.4400000000,3.4400000000,0.0000000000,0.0000000000,3.4400000000,0.0004970911,0.4500000000,0.0710000000
LN00340,BRW00340,Financial Services,Working Capital / Revolving,B,6,Senior Secured,Plant & Machinery,0.9860000000,2024-02-07,2025-02-06,1.0000000000,17.0500000000,10.9400000000,6.1100000000,0.7500000000,15.5225000000,0.0493467829,0.2120000000,0.4584000000
LN00341,BRW00341,Agriculture,Term Loan,A,3,Senior Secured,Real Estate,0.6510000000,2022-08-09,2028-08-08,6.0000000000,5.6800000000,5.6800000000,0.0000000000,0.0000000000,5.6800000000,0.0009220679,0.2132000000,0.0607000000
LN00342,BRW00342,Infrastructure,Term Loan,CCC,7,Senior Secured,Real Estate,0.8810000000,2024-04-05,2028-08-29,4.4000000000,1.1700000000,1.1700000000,0.0000000000,0.0000000000,1.1700000000,0.1565168637,0.1651000000,1.3222000000
LN00343,BRW00343,Manufacturing,Working Capital / Revolving,B,6,Senior Secured,Cash / Marketable Securities,0.6480000000,2025-11-11,2026-11-11,1.0000000000,0.9500000000,0.5500000000,0.4000000000,0.7500000000,0.8500000000,0.0468398020,0.1459000000,0.4400000000
LN00344,BRW00344,Healthcare,Working Capital / Revolving,BB,5,Senior Unsecured,Unsecured,0.0000000000,2025-05-14,2026-05-14,1.0000000000,23.6800000000,17.5700000000,6.1100000000,0.7500000000,22.1525000000,0.0139101378,0.4500000000,0.1687000000
LN00345,BRW00345,Agriculture,Term Loan,BB,5,Senior Secured,Plant & Machinery,0.2660000000,2025-01-25,2029-03-02,4.1000000000,4.0900000000,4.0900000000,0.0000000000,0.0000000000,4.0900000000,0.0153868262,0.3128000000,0.1779000000
LN00346,BRW00346,Energy & Power,Term Loan,BB,5,Senior Secured,Receivables,0.6900000000,2024-08-24,2033-11-05,9.2000000000,2.3500000000,2.3500000000,0.0000000000,0.0000000000,2.3500000000,0.0145949207,0.2293000000,0.1793000000
LN00347,BRW00347,Healthcare,Term Loan,B,6,Senior Unsecured,Unsecured,0.0000000000,2022-05-21,2027-12-26,5.6000000000,3.4100000000,3.4100000000,0.0000000000,0.0000000000,3.4100000000,0.0457828491,0.4500000000,0.4249000000
LN00348,BRW00348,IT Services,Term Loan,BBB,4,Senior Secured,Real Estate,0.6680000000,2024-10-28,2028-02-15,3.3000000000,1.0200000000,1.0200000000,0.0000000000,0.0000000000,1.0200000000,0.0032844504,0.2097000000,0.0879000000
LN00349,BRW00349,IT Services,Term Loan,BB,5,Subordinated,Unsecured,0.0000000000,2023-09-13,2028-12-30,5.3000000000,18.6000000000,18.6000000000,0.0000000000,0.0000000000,18.6000000000,0.0166225646,0.6500000000,0.1967000000
LN00350,BRW00350,Energy & Power,Working Capital / Revolving,AA,2,Senior Secured,Real Estate,0.5180000000,2025-01-28,2026-01-28,1.0000000000,3.0300000000,1.4600000000,1.5700000000,0.7500000000,2.6375000000,0.0004501549,0.2413000000,0.0608000000
LN00351,BRW00351,IT Services,Term Loan,BB,5,Senior Unsecured,Unsecured,0.0000000000,2023-07-30,2032-12-22,9.4000000000,17.5900000000,17.5900000000,0.0000000000,0.0000000000,17.5900000000,0.0127837816,0.4500000000,0.1567000000
LN00352,BRW00352,Textiles,Working Capital / Revolving,A,3,Senior Unsecured,Unsecured,0.0000000000,2023-11-18,2024-11-17,1.0000000000,4.7200000000,1.7000000000,3.0200000000,0.7500000000,3.9650000000,0.0009508390,0.4500000000,0.0695000000
LN00353,BRW00353,IT Services,Term Loan,BB,5,Senior Unsecured,Unsecured,0.0000000000,2025-07-23,2035-04-04,9.7000000000,18.7200000000,18.7200000000,0.0000000000,0.0000000000,18.7200000000,0.0163387988,0.4500000000,0.1880000000
LN00354,BRW00354,Energy & Power,Term Loan,BB,5,Senior Unsecured,Unsecured,0.0000000000,2024-04-21,2033-05-27,9.1000000000,5.7900000000,5.7900000000,0.0000000000,0.0000000000,5.7900000000,0.0165262824,0.4500000000,0.1929000000
LN00355,BRW00355,Textiles,Working Capital / Revolving,BBB,4,Senior Unsecured,Unsecured,0.0000000000,2025-09-28,2026-09-28,1.0000000000,10.5200000000,4.7000000000,5.8200000000,0.7500000000,9.0650000000,0.0026744962,0.4500000000,0.0747000000
LN00356,BRW00356,Retail & Consumer,Term Loan,BBB,4,Senior Unsecured,Unsecured,0.0000000000,2022-08-02,2031-08-02,9.0000000000,9.2000000000,9.2000000000,0.0000000000,0.0000000000,9.2000000000,0.0032469023,0.4500000000,0.0847000000
LN00357,BRW00357,Manufacturing,Working Capital / Revolving,BB,5,Senior Secured,Cash / Marketable Securities,0.6050000000,2023-05-01,2024-04-30,1.0000000000,8.3600000000,4.4900000000,3.8700000000,0.7500000000,7.3925000000,0.0132706688,0.1593000000,0.1697000000
LN00358,BRW00358,Financial Services,Term Loan,BB,5,Senior Secured,Receivables,0.5190000000,2022-05-18,2030-09-04,8.3000000000,6.3500000000,6.3500000000,0.0000000000,0.0000000000,6.3500000000,0.0145052817,0.2592000000,0.1791000000
LN00359,BRW00359,IT Services,Working Capital / Revolving,BBB,4,Senior Unsecured,Unsecured,0.0000000000,2022-08-22,2023-08-22,1.0000000000,3.5500000000,1.6700000000,1.8800000000,0.7500000000,3.0800000000,0.0034487486,0.4500000000,0.0836000000
LN00360,BRW00360,Agriculture,Working Capital / Revolving,BB,5,Senior Secured,Real Estate,0.9740000000,2025-04-13,2026-04-13,1.0000000000,30.4300000000,17.8500000000,12.5800000000,0.7500000000,27.2850000000,0.0136166587,0.1454000000,0.1631000000
LN00361,BRW00361,Textiles,Working Capital / Revolving,B,6,Senior Secured,Receivables,0.7290000000,2023-04-27,2024-04-26,1.0000000000,1.8100000000,0.9800000000,0.8300000000,0.7500000000,1.6025000000,0.0448094537,0.2225000000,0.4186000000
LN00362,BRW00362,Energy & Power,Term Loan,A,3,Senior Secured,Receivables,0.4710000000,2025-10-05,2033-11-10,8.1000000000,4.5000000000,4.5000000000,0.0000000000,0.0000000000,4.5000000000,0.0009768401,0.2676000000,0.0706000000
LN00363,BRW00363,Manufacturing,Term Loan,A,3,Senior Secured,Real Estate,0.4890000000,2022-04-19,2031-12-30,9.7000000000,4.5500000000,4.5500000000,0.0000000000,0.0000000000,4.5500000000,0.0010359006,0.2474000000,0.0703000000
LN00364,BRW00364,Financial Services,Term Loan,AA,2,Senior Secured,Real Estate,0.7840000000,2023-01-02,2028-02-07,5.1000000000,6.7000000000,6.7000000000,0.0000000000,0.0000000000,6.7000000000,0.0005649351,0.1853000000,0.0620000000
LN00365,BRW00365,IT Services,Term Loan,BB,5,Senior Unsecured,Unsecured,0.0000000000,2023-06-05,2033-04-28,9.9000000000,2.9200000000,2.9200000000,0.0000000000,0.0000000000,2.9200000000,0.0171636952,0.4500000000,0.1988000000
LN00366,BRW00366,Energy & Power,Term Loan,BBB,4,Senior Unsecured,Receivables,0.3370000000,2022-02-28,2027-10-05,5.6000000000,6.1400000000,6.1400000000,0.0000000000,0.0000000000,6.1400000000,0.0026126766,0.3742000000,0.0884000000
LN00367,BRW00367,Healthcare,Term Loan,BB,5,Senior Unsecured,Unsecured,0.0000000000,2022-10-04,2027-02-27,4.4000000000,3.7900000000,3.7900000000,0.0000000000,0.0000000000,3.7900000000,0.0133709888,0.4500000000,0.1680000000
LN00368,BRW00368,Real Estate,Term Loan,BB,5,Senior Secured,Plant & Machinery,1.0740000000,2022-09-09,2026-06-27,3.8000000000,0.9200000000,0.9200000000,0.0000000000,0.0000000000,0.9200000000,0.0163083209,0.2100000000,0.1823000000
LN00369,BRW00369,Retail & Consumer,Term Loan,BBB,4,Senior Secured,Receivables,0.7060000000,2025-10-05,2034-04-05,8.5000000000,4.5200000000,4.5200000000,0.0000000000,0.0000000000,4.5200000000,0.0027935689,0.2264000000,0.0834000000
LN00370,BRW00370,IT Services,Term Loan,B,6,Senior Unsecured,Unsecured,0.0000000000,2026-01-26,2032-12-20,6.9000000000,1.4900000000,1.4900000000,0.0000000000,0.0000000000,1.4900000000,0.0557727359,0.4500000000,0.5164000000
LN00371,BRW00371,Textiles,Term Loan,BB,5,Senior Secured,Receivables,0.8800000000,2022-04-19,2027-05-25,5.1000000000,0.7900000000,0.7900000000,0.0000000000,0.0000000000,0.7900000000,0.0157355397,0.1960000000,0.1794000000
LN00372,BRW00372,Real Estate,Term Loan,BBB,4,Senior Unsecured,Unsecured,0.0000000000,2025-02-25,2032-06-14,7.3000000000,5.1400000000,5.1400000000,0.0000000000,0.0000000000,5.1400000000,0.0026506603,0.4500000000,0.0814000000
LN00373,BRW00373,Infrastructure,Term Loan,BBB,4,Senior Secured,Plant & Machinery,0.6910000000,2024-06-13,2029-09-30,5.3000000000,7.3000000000,7.3000000000,0.0000000000,0.0000000000,7.3000000000,0.0032992764,0.2532000000,0.0853000000
LN00374,BRW00374,Agriculture,Term Loan,BBB,4,Subordinated,Unsecured,0.0000000000,2025-12-28,2032-02-03,6.1000000000,7.5900000000,7.5900000000,0.0000000000,0.0000000000,7.5900000000,0.0027087207,0.6500000000,0.0821000000
LN00375,BRW00375,Healthcare,Term Loan,A,3,Senior Secured,Plant & Machinery,0.5590000000,2023-08-29,2032-08-28,9.0000000000,7.9000000000,7.9000000000,0.0000000000,0.0000000000,7.9000000000,0.0009770486,0.2717000000,0.0688000000
LN00376,BRW00376,Agriculture,Term Loan,A,3,Senior Unsecured,Unsecured,0.0000000000,2022-11-11,2030-07-24,7.7000000000,0.6500000000,0.6500000000,0.0000000000,0.0000000000,0.6500000000,0.0010156555,0.4500000000,0.0738000000
LN00377,BRW00377,Agriculture,Working Capital / Revolving,B,6,Senior Unsecured,Unsecured,0.0000000000,2022-10-11,2023-10-11,1.0000000000,1.1500000000,0.4600000000,0.6900000000,0.7500000000,0.9775000000,0.0500114922,0.4500000000,0.4605000000
LN00378,BRW00378,Agriculture,Term Loan,BBB,4,Senior Secured,Plant & Machinery,0.5550000000,2023-10-29,2030-12-04,7.1000000000,32.2500000000,32.2500000000,0.0000000000,0.0000000000,32.2500000000,0.0031675466,0.2724000000,0.0917000000
LN00379,BRW00379,Financial Services,Term Loan,BBB,4,Senior Unsecured,Unsecured,0.0000000000,2023-07-03,2033-05-26,9.9000000000,1.5700000000,1.5700000000,0.0000000000,0.0000000000,1.5700000000,0.0031374181,0.4500000000,0.0845000000
LN00380,BRW00380,Infrastructure,Working Capital / Revolving,BB,5,Senior Secured,Cash / Marketable Securities,0.6630000000,2024-02-05,2025-02-04,1.0000000000,8.2600000000,2.8200000000,5.4400000000,0.7500000000,6.9000000000,0.0172141890,0.1412000000,0.1960000000
LN00381,BRW00381,Financial Services,Term Loan,BB,5,Senior Unsecured,Unsecured,0.0000000000,2024-05-15,2029-03-03,4.8000000000,2.2500000000,2.2500000000,0.0000000000,0.0000000000,2.2500000000,0.0172473986,0.4500000000,0.1946000000
LN00382,BRW00382,Energy & Power,Working Capital / Revolving,B,6,Senior Unsecured,Receivables,0.8620000000,2023-12-07,2024-12-06,1.0000000000,4.8500000000,1.5800000000,3.2700000000,0.7500000000,4.0325000000,0.0502468910,0.2560000000,0.4529000000
LN00383,BRW00383,Textiles,Working Capital / Revolving,BB,5,Senior Secured,Plant & Machinery,0.6300000000,2022-05-26,2023-05-26,1.0000000000,2.3800000000,1.2900000000,1.0900000000,0.7500000000,2.1075000000,0.0131783959,0.2618000000,0.1668000000
LN00384,BRW00384,Textiles,Term Loan,BBB,4,Senior Secured,Plant & Machinery,0.8640000000,2025-02-23,2032-06-12,7.3000000000,7.8600000000,7.8600000000,0.0000000000,0.0000000000,7.8600000000,0.0032050590,0.2291000000,0.0959000000
LN00385,BRW00385,Energy & Power,Term Loan,BBB,4,Senior Unsecured,Unsecured,0.0000000000,2024-04-09,2032-05-15,8.1000000000,5.1400000000,5.1400000000,0.0000000000,0.0000000000,5.1400000000,0.0034289977,0.4500000000,0.0897000000
LN00386,BRW00386,Real Estate,Working Capital / Revolving,CCC,7,Senior Secured,Receivables,0.8380000000,2023-09-29,2024-09-28,1.0000000000,2.8600000000,1.7400000000,1.1200000000,0.7500000000,2.5800000000,0.1418246874,0.2034000000,1.1980000000
LN00387,BRW00387,Energy & Power,Working Capital / Revolving,BB,5,Senior Unsecured,Unsecured,0.0000000000,2023-11-14,2024-11-13,1.0000000000,1.5700000000,1.3100000000,0.2600000000,0.7500000000,1.5050000000,0.0148254400,0.4500000000,0.1765000000
LN00388,BRW00388,Energy & Power,Term Loan,CCC,7,Senior Unsecured,Unsecured,0.0000000000,2026-01-15,2033-06-09,7.4000000000,5.8600000000,5.8600000000,0.0000000000,0.0000000000,5.8600000000,0.1466149616,0.4500000000,1.2317000000
LN00389,BRW00389,Real Estate,Term Loan,A,3,Senior Unsecured,Unsecured,0.0000000000,2025-01-03,2035-01-03,10.0000000000,1.3300000000,1.3300000000,0.0000000000,0.0000000000,1.3300000000,0.0008654257,0.4500000000,0.0718000000
LN00390,BRW00390,Healthcare,Term Loan,B,6,Senior Secured,Real Estate,0.8740000000,2023-07-26,2028-08-30,5.1000000000,6.8700000000,6.8700000000,0.0000000000,0.0000000000,6.8700000000,0.0525839665,0.1664000000,0.4907000000
LN00391,BRW00391,Real Estate,Term Loan,BB,5,Senior Unsecured,Unsecured,0.0000000000,2023-05-16,2027-09-02,4.3000000000,61.9600000000,61.9600000000,0.0000000000,0.0000000000,61.9600000000,0.0143400196,0.4500000000,0.1822000000
LN00392,BRW00392,Agriculture,Working Capital / Revolving,A,3,Subordinated,Unsecured,0.0000000000,2023-03-18,2024-03-17,1.0000000000,17.2900000000,7.0100000000,10.2800000000,0.7500000000,14.7200000000,0.0010862392,0.6500000000,0.0727000000
LN00393,BRW00393,Energy & Power,Term Loan,BB,5,Senior Secured,Plant & Machinery,0.6120000000,2022-03-05,2028-03-04,6.0000000000,9.1900000000,9.1900000000,0.0000000000,0.0000000000,9.1900000000,0.0164945403,0.2643000000,0.1921000000
LN00394,BRW00394,IT Services,Working Capital / Revolving,BB,5,Senior Secured,Real Estate,0.7870000000,2023-06-16,2024-06-15,1.0000000000,4.1100000000,0.9300000000,3.1800000000,0.7500000000,3.3150000000,0.0164455385,0.1847000000,0.1926000000
LN00395,BRW00395,Infrastructure,Working Capital / Revolving,AAA,1,Senior Secured,Cash / Marketable Securities,0.3440000000,2023-10-31,2024-10-30,1.0000000000,0.6400000000,0.3500000000,0.2900000000,0.7500000000,0.5675000000,0.0001950000,0.2418000000,0.0578000000
LN00396,BRW00396,Energy & Power,Term Loan,BBB,4,Senior Secured,Real Estate,0.7470000000,2024-10-29,2032-04-29,7.5000000000,1.1900000000,1.1900000000,0.0000000000,0.0000000000,1.1900000000,0.0028393911,0.1931000000,0.0755000000
LN00397,BRW00397,Retail & Consumer,Term Loan,B,6,Senior Unsecured,Unsecured,0.0000000000,2024-09-03,2030-01-27,5.4000000000,16.1600000000,16.1600000000,0.0000000000,0.0000000000,16.1600000000,0.0537323117,0.4500000000,0.4842000000
LN00398,BRW00398,Textiles,Working Capital / Revolving,BBB,4,Senior Secured,Receivables,0.6930000000,2022-11-03,2023-11-03,1.0000000000,2.0300000000,0.7900000000,1.2400000000,0.7500000000,1.7200000000,0.0032712505,0.2287000000,0.0864000000
LN00399,BRW00399,Manufacturing,Working Capital / Revolving,BBB,4,Senior Unsecured,Unsecured,0.0000000000,2024-04-12,2025-04-12,1.0000000000,2.2300000000,1.3700000000,0.8600000000,0.7500000000,2.0150000000,0.0029921317,0.4500000000,0.0825000000
LN00400,BRW00400,Energy & Power,Working Capital / Revolving,BBB,4,Senior Secured,Receivables,0.7950000000,2023-04-15,2024-04-14,1.0000000000,3.8000000000,2.1000000000,1.7000000000,0.7500000000,3.3750000000,0.0033537279,0.2109000000,0.0795000000
LN00401,BRW00401,Financial Services,Term Loan,BBB,4,Senior Secured,Receivables,0.6420000000,2025-08-31,2031-06-19,5.8000000000,1.5500000000,1.5500000000,0.0000000000,0.0000000000,1.5500000000,0.0026795178,0.2377000000,0.0812000000
LN00402,BRW00402,Textiles,Term Loan,B,6,Senior Secured,Cash / Marketable Securities,0.3630000000,2025-08-25,2030-12-12,5.3000000000,1.3100000000,1.3100000000,0.0000000000,0.0000000000,1.3100000000,0.0556860317,0.2357000000,0.5039000000
LN00403,BRW00403,IT Services,Term Loan,BB,5,Senior Unsecured,Unsecured,0.0000000000,2025-04-19,2028-11-23,3.6000000000,4.2600000000,4.2600000000,0.0000000000,0.0000000000,4.2600000000,0.0131824285,0.4500000000,0.1596000000
LN00404,BRW00404,Textiles,Working Capital / Revolving,A,3,Senior Unsecured,Unsecured,0.0000000000,2025-05-19,2026-05-19,1.0000000000,1.8400000000,0.9400000000,0.9000000000,0.7500000000,1.6150000000,0.0008960577,0.4500000000,0.0653000000
LN00405,BRW00405,Infrastructure,Term Loan,CCC,7,Senior Secured,Real Estate,0.6340000000,2023-09-21,2032-09-20,9.0000000000,2.1400000000,2.1400000000,0.0000000000,0.0000000000,2.1400000000,0.1515228006,0.2168000000,1.2706000000
LN00406,BRW00406,Infrastructure,Term Loan,B,6,Senior Unsecured,Receivables,0.8460000000,2023-08-08,2026-11-25,3.3000000000,2.0500000000,2.0500000000,0.0000000000,0.0000000000,2.0500000000,0.0435127772,0.2597000000,0.4050000000
LN00407,BRW00407,Infrastructure,Term Loan,BBB,4,Senior Secured,Plant & Machinery,1.0330000000,2023-12-02,2027-12-02,4.0000000000,7.5600000000,7.5600000000,0.0000000000,0.0000000000,7.5600000000,0.0025975264,0.2100000000,0.0854000000
LN00408,BRW00408,Healthcare,Term Loan,B,6,Senior Secured,Cash / Marketable Securities,0.7420000000,2024-12-31,2028-12-31,4.0000000000,3.5500000000,3.5500000000,0.0000000000,0.0000000000,3.5500000000,0.0425077812,0.1161000000,0.3905000000
LN00409,BRW00409,Healthcare,Working Capital / Revolving,A,3,Senior Secured,Real Estate,0.8610000000,2023-11-05,2024-11-04,1.0000000000,3.7500000000,1.7100000000,2.0400000000,0.7500000000,3.2400000000,0.0009808950,0.1692000000,0.0579000000
LN00410,BRW00410,Retail & Consumer,Term Loan,CCC,7,Subordinated,Unsecured,0.0000000000,2025-09-07,2035-01-31,9.4000000000,8.1400000000,8.1400000000,0.0000000000,0.0000000000,8.1400000000,0.1623580747,0.6500000000,1.3589000000
LN00411,BRW00411,Manufacturing,Term Loan,BB,5,Senior Unsecured,Unsecured,0.0000000000,2024-04-05,2030-05-12,6.1000000000,3.8900000000,3.8900000000,0.0000000000,0.0000000000,3.8900000000,0.0129067726,0.4500000000,0.1637000000
LN00412,BRW00412,Textiles,Working Capital / Revolving,BB,5,Senior Unsecured,Unsecured,0.0000000000,2025-07-17,2026-07-17,1.0000000000,3.3900000000,1.9700000000,1.4200000000,0.7500000000,3.0350000000,0.0156851592,0.4500000000,0.1875000000
LN00413,BRW00413,Real Estate,Working Capital / Revolving,AA,2,Senior Secured,Receivables,0.9960000000,2025-11-09,2026-11-09,1.0000000000,7.1700000000,4.3500000000,2.8200000000,0.7500000000,6.4650000000,0.0005484691,0.1757000000,0.0617000000
LN00414,BRW00414,Manufacturing,Term Loan,B,6,Senior Secured,Plant & Machinery,0.6420000000,2025-07-01,2033-09-12,8.2000000000,8.7400000000,8.7400000000,0.0000000000,0.0000000000,8.7400000000,0.0450200127,0.2601000000,0.4156000000
LN00415,BRW00415,Agriculture,Term Loan,AAA,1,Senior Unsecured,Unsecured,0.0000000000,2025-09-19,2030-06-01,4.7000000000,3.8700000000,3.8700000000,0.0000000000,0.0000000000,3.8700000000,0.0001788118,0.4500000000,0.0614000000
LN00416,BRW00416,Retail & Consumer,Working Capital / Revolving,A,3,Senior Secured,Cash / Marketable Securities,0.9620000000,2024-03-29,2025-03-29,1.0000000000,4.8600000000,2.2200000000,2.6400000000,0.7500000000,4.2000000000,0.0011082403,0.1000000000,0.0667000000
LN00417,BRW00417,Healthcare,Working Capital / Revolving,A,3,Subordinated,Unsecured,0.0000000000,2023-12-20,2024-12-19,1.0000000000,2.0500000000,1.4300000000,0.6200000000,0.7500000000,1.8950000000,0.0010969374,0.6500000000,0.0765000000
LN00418,BRW00418,Financial Services,Term Loan,BB,5,Senior Unsecured,Receivables,0.5280000000,2023-09-21,2032-02-14,8.4000000000,1.9000000000,1.9000000000,0.0000000000,0.0000000000,1.9000000000,0.0151752379,0.3311000000,0.1798000000
LN00419,BRW00419,Manufacturing,Term Loan,A,3,Senior Secured,Plant & Machinery,1.2600000000,2024-05-24,2032-04-17,7.9000000000,9.6700000000,9.6700000000,0.0000000000,0.0000000000,9.6700000000,0.0010957600,0.2100000000,0.0685000000
LN00420,BRW00420,Real Estate,Term Loan,B,6,Senior Unsecured,Unsecured,0.0000000000,2025-06-15,2033-02-25,7.7000000000,6.9900000000,6.9900000000,0.0000000000,0.0000000000,6.9900000000,0.0438913412,0.4500000000,0.4235000000
LN00421,BRW00421,Agriculture,Term Loan,BB,5,Subordinated,Unsecured,0.0000000000,2026-01-30,2034-11-18,8.8000000000,7.0700000000,7.0700000000,0.0000000000,0.0000000000,7.0700000000,0.0145251668,0.6500000000,0.1752000000
LN00422,BRW00422,Energy & Power,Working Capital / Revolving,AA,2,Senior Secured,Plant & Machinery,0.8190000000,2023-04-19,2024-04-18,1.0000000000,5.9300000000,2.5300000000,3.4000000000,0.7500000000,5.0800000000,0.0005356696,0.2353000000,0.0671000000
LN00423,BRW00423,Healthcare,Term Loan,AAA,1,Senior Unsecured,Unsecured,0.0000000000,2022-03-18,2027-08-11,5.4000000000,4.6900000000,4.6900000000,0.0000000000,0.0000000000,4.6900000000,0.0001854471,0.4500000000,0.0647000000
LN00424,BRW00424,Infrastructure,Term Loan,AA,2,Subordinated,Unsecured,0.0000000000,2025-01-12,2028-05-01,3.3000000000,8.9900000000,8.9900000000,0.0000000000,0.0000000000,8.9900000000,0.0005378493,0.6500000000,0.0680000000
LN00425,BRW00425,Healthcare,Working Capital / Revolving,BB,5,Senior Secured,Real Estate,0.7130000000,2025-05-05,2026-05-05,1.0000000000,11.4200000000,9.3400000000,2.0800000000,0.7500000000,10.9000000000,0.0150188037,0.2003000000,0.1816000000
LN00426,BRW00426,Textiles,Working Capital / Revolving,B,6,Senior Unsecured,Unsecured,0.0000000000,2024-11-29,2025-11-29,1.0000000000,11.1500000000,7.6200000000,3.5300000000,0.7500000000,10.2675000000,0.0537539898,0.4500000000,0.4910000000
LN00427,BRW00427,Retail & Consumer,Working Capital / Revolving,A,3,Senior Secured,Cash / Marketable Securities,0.5270000000,2025-04-20,2026-04-20,1.0000000000,4.0500000000,1.8200000000,2.2300000000,0.7500000000,3.4925000000,0.0009894039,0.1841000000,0.0684000000
LN00428,BRW00428,Financial Services,Term Loan,B,6,Senior Unsecured,Receivables,1.1800000000,2025-04-07,2028-10-06,3.5000000000,17.9400000000,17.9400000000,0.0000000000,0.0000000000,17.9400000000,0.0480185651,0.2250000000,0.4413000000
LN00429,BRW00429,Energy & Power,Term Loan,AA,2,Senior Unsecured,Unsecured,0.0000000000,2024-03-05,2032-04-10,8.1000000000,5.6300000000,5.6300000000,0.0000000000,0.0000000000,5.6300000000,0.0004578784,0.4500000000,0.0653000000
LN00430,BRW00430,Infrastructure,Term Loan,B,6,Senior Unsecured,Unsecured,0.0000000000,2023-01-02,2031-03-16,8.2000000000,8.4300000000,8.4300000000,0.0000000000,0.0000000000,8.4300000000,0.0456256901,0.4500000000,0.4351000000
LN00431,BRW00431,Real Estate,Term Loan,B,6,Senior Secured,Cash / Marketable Securities,0.6830000000,2023-04-19,2030-12-30,7.7000000000,5.9400000000,5.9400000000,0.0000000000,0.0000000000,5.9400000000,0.0537723622,0.1348000000,0.4962000000
LN00432,BRW00432,Energy & Power,Term Loan,BB,5,Senior Unsecured,Unsecured,0.0000000000,2022-04-21,2026-09-14,4.4000000000,5.7400000000,5.7400000000,0.0000000000,0.0000000000,5.7400000000,0.0132850966,0.4500000000,0.1678000000
LN00433,BRW00433,Real Estate,Term Loan,BB,5,Senior Secured,Real Estate,0.6590000000,2024-09-22,2034-02-15,9.4000000000,2.1500000000,2.1500000000,0.0000000000,0.0000000000,2.1500000000,0.0131369206,0.2116000000,0.1694000000
LN00434,BRW00434,Infrastructure,Term Loan,B,6,Senior Secured,Receivables,0.4400000000,2024-03-08,2032-06-25,8.3000000000,9.0400000000,9.0400000000,0.0000000000,0.0000000000,9.0400000000,0.0451443705,0.2730000000,0.4168000000
LN00435,BRW00435,Real Estate,Working Capital / Revolving,AA,2,Senior Secured,Receivables,0.7180000000,2024-08-19,2025-08-19,1.0000000000,77.1100000000,47.4000000000,29.7100000000,0.7500000000,69.6825000000,0.0004513020,0.2244000000,0.0623000000
LN00436,BRW00436,Healthcare,Working Capital / Revolving,A,3,Senior Unsecured,Unsecured,0.0000000000,2025-12-30,2026-12-30,1.0000000000,3.0800000000,1.8000000000,1.2800000000,0.7500000000,2.7600000000,0.0010969323,0.4500000000,0.0735000000
LN00437,BRW00437,Real Estate,Term Loan,A,3,Senior Secured,Plant & Machinery,0.9840000000,2024-08-07,2033-11-24,9.3000000000,4.8100000000,4.8100000000,0.0000000000,0.0000000000,4.8100000000,0.0009695520,0.2122000000,0.0752000000
LN00438,BRW00438,Healthcare,Term Loan,BBB,4,Senior Secured,Receivables,0.5110000000,2025-02-11,2034-08-12,9.5000000000,2.8700000000,2.8700000000,0.0000000000,0.0000000000,2.8700000000,0.0034413496,0.2606000000,0.0837000000
LN00439,BRW00439,Textiles,Term Loan,BB,5,Senior Unsecured,Unsecured,0.0000000000,2024-03-28,2031-06-09,7.2000000000,2.7500000000,2.7500000000,0.0000000000,0.0000000000,2.7500000000,0.0133674507,0.4500000000,0.1645000000
LN00440,BRW00440,Financial Services,Term Loan,BB,5,Senior Secured,Receivables,0.5700000000,2025-07-12,2031-06-05,5.9000000000,21.0000000000,21.0000000000,0.0000000000,0.0000000000,21.0000000000,0.0156909292,0.2502000000,0.1964000000
LN00441,BRW00441,Textiles,Term Loan,B,6,Senior Secured,Plant & Machinery,1.0390000000,2023-03-07,2028-09-04,5.5000000000,2.2900000000,2.2900000000,0.0000000000,0.0000000000,2.2900000000,0.0492309426,0.2100000000,0.4543000000
LN00442,BRW00442,Manufacturing,Term Loan,A,3,Senior Secured,Real Estate,0.5760000000,2022-10-10,2031-06-22,8.7000000000,2.7900000000,2.7900000000,0.0000000000,0.0000000000,2.7900000000,0.0009678755,0.2290000000,0.0769000000
LN00443,BRW00443,Retail & Consumer,Working Capital / Revolving,BB,5,Senior Secured,Real Estate,0.8620000000,2022-04-19,2023-04-19,1.0000000000,0.9200000000,0.7500000000,0.1700000000,0.7500000000,0.8775000000,0.0166878789,0.1689000000,0.1945000000
LN00444,BRW00444,Real Estate,Term Loan,A,3,Senior Unsecured,Unsecured,0.0000000000,2025-10-28,2029-04-28,3.5000000000,2.1000000000,2.1000000000,0.0000000000,0.0000000000,2.1000000000,0.0011426787,0.4500000000,0.0704000000
LN00445,BRW00445,Textiles,Working Capital / Revolving,BBB,4,Senior Secured,Plant & Machinery,0.7210000000,2025-09-10,2026-09-10,1.0000000000,0.8100000000,0.3600000000,0.4500000000,0.7500000000,0.6975000000,0.0033355731,0.2491000000,0.0852000000
LN00446,BRW00446,Energy & Power,Term Loan,BB,5,Senior Secured,Cash / Marketable Securities,0.4750000000,2022-04-11,2031-07-29,9.3000000000,8.4300000000,8.4300000000,0.0000000000,0.0000000000,8.4300000000,0.0136153531,0.2005000000,0.1736000000
LN00447,BRW00447,Infrastructure,Term Loan,CCC,7,Subordinated,Unsecured,0.0000000000,2022-10-02,2031-12-14,9.2000000000,73.6800000000,73.6800000000,0.0000000000,0.0000000000,73.6800000000,0.1374359065,0.6500000000,1.1663000000
LN00448,BRW00448,Agriculture,Term Loan,BB,5,Senior Unsecured,Unsecured,0.0000000000,2023-10-18,2033-06-29,9.7000000000,3.1100000000,3.1100000000,0.0000000000,0.0000000000,3.1100000000,0.0157023325,0.4500000000,0.1804000000
LN00449,BRW00449,Healthcare,Term Loan,AA,2,Senior Unsecured,Unsecured,0.0000000000,2024-11-14,2030-11-14,6.0000000000,0.8500000000,0.8500000000,0.0000000000,0.0000000000,0.8500000000,0.0004683625,0.4500000000,0.0620000000
LN00450,BRW00450,Retail & Consumer,Term Loan,BB,5,Senior Unsecured,Receivables,0.8280000000,2024-01-30,2032-07-30,8.5000000000,11.0200000000,11.0200000000,0.0000000000,0.0000000000,11.0200000000,0.0160562631,0.2636000000,0.1930000000
LN00451,BRW00451,Retail & Consumer,Working Capital / Revolving,AA,2,Subordinated,Unsecured,0.0000000000,2024-01-04,2025-01-03,1.0000000000,2.1700000000,1.2700000000,0.9000000000,0.7500000000,1.9450000000,0.0005099631,0.6500000000,0.0634000000
LN00452,BRW00452,Manufacturing,Term Loan,B,6,Senior Secured,Receivables,0.8250000000,2022-10-03,2027-12-15,5.2000000000,16.4300000000,16.4300000000,0.0000000000,0.0000000000,16.4300000000,0.0507636315,0.2056000000,0.4636000000
LN00453,BRW00453,Retail & Consumer,Term Loan,BB,5,Senior Unsecured,Unsecured,0.0000000000,2024-01-13,2028-01-13,4.0000000000,3.3800000000,3.3800000000,0.0000000000,0.0000000000,3.3800000000,0.0164784612,0.4500000000,0.1969000000
LN00454,BRW00454,Infrastructure,Term Loan,A,3,Senior Unsecured,Unsecured,0.0000000000,2026-01-20,2036-01-20,10.0000000000,2.3800000000,2.3800000000,0.0000000000,0.0000000000,2.3800000000,0.0010631598,0.4500000000,0.0740000000
LN00455,BRW00455,Financial Services,Term Loan,AA,2,Senior Secured,Cash / Marketable Securities,0.5550000000,2023-05-08,2026-07-19,3.2000000000,3.7500000000,3.7500000000,0.0000000000,0.0000000000,3.7500000000,0.0004289867,0.1752000000,0.0612000000
LN00456,BRW00456,Financial Services,Term Loan,A,3,Senior Secured,Plant & Machinery,0.8930000000,2023-01-14,2030-03-27,7.2000000000,9.5600000000,9.5600000000,0.0000000000,0.0000000000,9.5600000000,0.0008648377,0.2250000000,0.0680000000
LN00457,BRW00457,Energy & Power,Term Loan,CCC,7,Senior Secured,Receivables,0.6240000000,2024-12-18,2032-07-24,7.6000000000,3.5700000000,3.5700000000,0.0000000000,0.0000000000,3.5700000000,0.1545701304,0.2408000000,1.2905000000
LN00458,BRW00458,Manufacturing,Working Capital / Revolving,BBB,4,Senior Unsecured,Unsecured,0.0000000000,2025-09-11,2026-09-11,1.0000000000,2.7300000000,2.1600000000,0.5700000000,0.7500000000,2.5875000000,0.0029875729,0.4500000000,0.0794000000
LN00459,BRW00459,Financial Services,Term Loan,BB,5,Senior Unsecured,Plant & Machinery,0.8800000000,2025-08-04,2030-05-23,4.8000000000,3.6700000000,3.6700000000,0.0000000000,0.0000000000,3.6700000000,0.0139208309,0.2916000000,0.1720000000
LN00460,BRW00460,Infrastructure,Term Loan,BB,5,Senior Unsecured,Unsecured,0.0000000000,2022-10-13,2030-11-18,8.1000000000,1.2600000000,1.2600000000,0.0000000000,0.0000000000,1.2600000000,0.0146339524,0.4500000000,0.1772000000
LN00461,BRW00461,Retail & Consumer,Working Capital / Revolving,BB,5,Senior Secured,Cash / Marketable Securities,0.8430000000,2024-05-13,2025-05-13,1.0000000000,6.6700000000,2.7500000000,3.9200000000,0.7500000000,5.6900000000,0.0161605964,0.1000000000,0.1845000000
LN00462,BRW00462,Textiles,Working Capital / Revolving,A,3,Senior Secured,Receivables,1.0290000000,2024-01-14,2025-01-13,1.0000000000,0.7500000000,0.4800000000,0.2700000000,0.7500000000,0.6825000000,0.0010979834,0.1750000000,0.0652000000
LN00463,BRW00463,Financial Services,Term Loan,B,6,Senior Secured,Receivables,0.7530000000,2022-04-19,2026-10-18,4.5000000000,2.8700000000,2.8700000000,0.0000000000,0.0000000000,2.8700000000,0.0509183460,0.2182000000,0.4620000000
LN00464,BRW00464,Manufacturing,Term Loan,BBB,4,Senior Secured,Receivables,0.9490000000,2025-12-02,2033-10-26,7.9000000000,9.5800000000,9.5800000000,0.0000000000,0.0000000000,9.5800000000,0.0028968325,0.1839000000,0.0854000000
LN00465,BRW00465,Infrastructure,Term Loan,BB,5,Subordinated,Unsecured,0.0000000000,2025-05-03,2033-11-01,8.5000000000,6.0700000000,6.0700000000,0.0000000000,0.0000000000,6.0700000000,0.0139681354,0.6500000000,0.1619000000
LN00466,BRW00466,Energy & Power,Term Loan,BB,5,Senior Unsecured,Unsecured,0.0000000000,2022-10-24,2027-02-10,4.3000000000,8.0900000000,8.0900000000,0.0000000000,0.0000000000,8.0900000000,0.0150986331,0.4500000000,0.1757000000
LN00467,BRW00467,Agriculture,Term Loan,BB,5,Subordinated,Unsecured,0.0000000000,2023-12-28,2028-09-08,4.7000000000,4.2000000000,4.2000000000,0.0000000000,0.0000000000,4.2000000000,0.0141663733,0.6500000000,0.1640000000
LN00468,BRW00468,Real Estate,Working Capital / Revolving,B,6,Senior Unsecured,Unsecured,0.0000000000,2026-01-20,2027-01-20,1.0000000000,14.4400000000,10.0100000000,4.4300000000,0.7500000000,13.3325000000,0.0509614271,0.4500000000,0.4698000000
LN00469,BRW00469,Agriculture,Term Loan,A,3,Subordinated,Unsecured,0.0000000000,2023-05-03,2026-12-07,3.6000000000,11.3000000000,11.3000000000,0.0000000000,0.0000000000,11.3000000000,0.0010529957,0.6500000000,0.0594000000
LN00470,BRW00470,Financial Services,Working Capital / Revolving,BBB,4,Senior Secured,Real Estate,0.7120000000,2025-08-10,2026-08-10,1.0000000000,7.0000000000,3.6800000000,3.3200000000,0.7500000000,6.1700000000,0.0026094713,0.2005000000,0.0810000000
LN00471,BRW00471,Real Estate,Term Loan,BBB,4,Senior Secured,Receivables,0.9800000000,2023-01-07,2029-03-20,6.2000000000,11.3300000000,11.3300000000,0.0000000000,0.0000000000,11.3300000000,0.0025509607,0.1784000000,0.0886000000
LN00472,BRW00472,Energy & Power,Working Capital / Revolving,BBB,4,Senior Secured,Real Estate,0.6640000000,2022-12-15,2023-12-15,1.0000000000,9.4900000000,2.7400000000,6.7500000000,0.7500000000,7.8025000000,0.0027410494,0.2106000000,0.0903000000
LN00473,BRW00473,Energy & Power,Working Capital / Revolving,A,3,Senior Secured,Plant & Machinery,1.1640000000,2022-11-06,2023-11-06,1.0000000000,2.8900000000,1.1300000000,1.7600000000,0.7500000000,2.4500000000,0.0011183534,0.2100000000,0.0599000000
LN00474,BRW00474,Financial Services,Term Loan,A,3,Senior Secured,Receivables,1.1740000000,2024-04-17,2029-12-28,5.7000000000,1.1700000000,1.1700000000,0.0000000000,0.0000000000,1.1700000000,0.0010438872,0.1750000000,0.0698000000
LN00475,BRW00475,Real Estate,Term Loan,BBB,4,Senior Secured,Plant & Machinery,0.8060000000,2025-02-01,2034-11-20,9.8000000000,6.8200000000,6.8200000000,0.0000000000,0.0000000000,6.8200000000,0.0027047643,0.2371000000,0.0767000000
LN00476,BRW00476,Real Estate,Term Loan,BBB,4,Subordinated,Unsecured,0.0000000000,2022-08-14,2028-10-25,6.2000000000,7.7400000000,7.7400000000,0.0000000000,0.0000000000,7.7400000000,0.0033512376,0.6500000000,0.0808000000
LN00477,BRW00477,Agriculture,Working Capital / Revolving,BBB,4,Senior Secured,Real Estate,0.9880000000,2023-12-01,2024-11-30,1.0000000000,13.3400000000,9.4200000000,3.9200000000,0.7500000000,12.3600000000,0.0029729603,0.1424000000,0.0832000000
LN00478,BRW00478,Agriculture,Term Loan,BB,5,Subordinated,Plant & Machinery,0.5130000000,2023-08-10,2029-07-03,5.9000000000,1.7600000000,1.7600000000,0.0000000000,0.0000000000,1.7600000000,0.0148924129,0.5167000000,0.1853000000
LN00479,BRW00479,Retail & Consumer,Term Loan,BB,5,Senior Unsecured,Unsecured,0.0000000000,2025-08-13,2030-10-25,5.2000000000,1.8100000000,1.8100000000,0.0000000000,0.0000000000,1.8100000000,0.0169599387,0.4500000000,0.1987000000
LN00480,BRW00480,Energy & Power,Term Loan,BBB,4,Senior Unsecured,Plant & Machinery,1.0010000000,2023-08-28,2028-12-14,5.3000000000,7.1000000000,7.1000000000,0.0000000000,0.0000000000,7.1000000000,0.0026035380,0.2700000000,0.0773000000
LN00481,BRW00481,Energy & Power,Working Capital / Revolving,BBB,4,Senior Unsecured,Unsecured,0.0000000000,2023-10-31,2024-10-30,1.0000000000,4.1700000000,1.8500000000,2.3200000000,0.7500000000,3.5900000000,0.0027436604,0.4500000000,0.0855000000
LN00482,BRW00482,Real Estate,Term Loan,A,3,Senior Secured,Receivables,0.7050000000,2024-12-27,2028-04-15,3.3000000000,0.6800000000,0.6800000000,0.0000000000,0.0000000000,0.6800000000,0.0010257314,0.2267000000,0.0570000000
LN00483,BRW00483,Energy & Power,Term Loan,BB,5,Senior Unsecured,Unsecured,0.0000000000,2023-01-29,2030-11-16,7.8000000000,6.5200000000,6.5200000000,0.0000000000,0.0000000000,6.5200000000,0.0136296893,0.4500000000,0.1653000000
LN00484,BRW00484,Real Estate,Working Capital / Revolving,BBB,4,Senior Secured,Cash / Marketable Securities,0.2730000000,2025-08-17,2026-08-17,1.0000000000,0.7000000000,0.4200000000,0.2800000000,0.7500000000,0.6300000000,0.0031615743,0.2641000000,0.0812000000
LN00485,BRW00485,Retail & Consumer,Term Loan,AA,2,Subordinated,Unsecured,0.0000000000,2023-04-09,2028-12-19,5.7000000000,1.7400000000,1.7400000000,0.0000000000,0.0000000000,1.7400000000,0.0004571138,0.6500000000,0.0640000000
LN00486,BRW00486,Manufacturing,Working Capital / Revolving,BBB,4,Senior Secured,Real Estate,0.5990000000,2022-04-19,2023-04-19,1.0000000000,17.3200000000,5.6300000000,11.6900000000,0.7500000000,14.3975000000,0.0026392413,0.2241000000,0.0801000000
LN00487,BRW00487,Infrastructure,Term Loan,BBB,4,Senior Secured,Cash / Marketable Securities,0.9340000000,2023-11-19,2030-10-13,6.9000000000,27.8000000000,27.8000000000,0.0000000000,0.0000000000,27.8000000000,0.0027362866,0.1000000000,0.0812000000
LN00488,BRW00488,Textiles,Term Loan,A,3,Senior Unsecured,Unsecured,0.0000000000,2025-09-28,2033-11-03,8.1000000000,1.3300000000,1.3300000000,0.0000000000,0.0000000000,1.3300000000,0.0009768202,0.4500000000,0.0669000000
LN00489,BRW00489,Retail & Consumer,Working Capital / Revolving,BB,5,Senior Unsecured,Unsecured,0.0000000000,2023-12-09,2024-12-08,1.0000000000,3.2200000000,1.3300000000,1.8900000000,0.7500000000,2.7475000000,0.0135426223,0.4500000000,0.1685000000
LN00490,BRW00490,Energy & Power,Working Capital / Revolving,BB,5,Senior Secured,Cash / Marketable Securities,0.8290000000,2024-01-14,2025-01-13,1.0000000000,4.6800000000,2.7900000000,1.8900000000,0.7500000000,4.2075000000,0.0133561141,0.1000000000,0.1695000000
LN00491,BRW00491,IT Services,Working Capital / Revolving,BB,5,Senior Unsecured,Unsecured,0.0000000000,2023-12-11,2024-12-10,1.0000000000,26.6100000000,10.2200000000,16.3900000000,0.7500000000,22.5125000000,0.0166212685,0.4500000000,0.1937000000
LN00492,BRW00492,Healthcare,Term Loan,BB,5,Senior Secured,Plant & Machinery,0.8680000000,2025-01-25,2033-10-07,8.7000000000,2.7400000000,2.7400000000,0.0000000000,0.0000000000,2.7400000000,0.0141917874,0.2285000000,0.1721000000
LN00493,BRW00493,Infrastructure,Term Loan,BB,5,Senior Unsecured,Unsecured,0.0000000000,2023-08-24,2028-07-17,4.9000000000,2.7800000000,2.7800000000,0.0000000000,0.0000000000,2.7800000000,0.0143734141,0.4500000000,0.1770000000
LN00494,BRW00494,Energy & Power,Term Loan,BBB,4,Senior Secured,Cash / Marketable Securities,0.9990000000,2025-02-06,2033-07-02,8.4000000000,21.0900000000,21.0900000000,0.0000000000,0.0000000000,21.0900000000,0.0025997434,0.1000000000,0.0849000000
LN00495,BRW00495,Textiles,Term Loan,BB,5,Senior Secured,Real Estate,1.1740000000,2023-12-02,2029-03-20,5.3000000000,3.0800000000,3.0800000000,0.0000000000,0.0000000000,3.0800000000,0.0143581633,0.1400000000,0.1721000000
LN00496,BRW00496,Agriculture,Term Loan,BBB,4,Senior Secured,Real Estate,0.4110000000,2023-10-09,2028-01-26,4.3000000000,9.2300000000,9.2300000000,0.0000000000,0.0000000000,9.2300000000,0.0027883265,0.2636000000,0.0820000000
LN00497,BRW00497,IT Services,Term Loan,BBB,4,Senior Secured,Cash / Marketable Securities,0.6720000000,2023-07-26,2031-08-31,8.1000000000,1.0200000000,1.0200000000,0.0000000000,0.0000000000,1.0200000000,0.0030994366,0.1382000000,0.0906000000
LN00498,BRW00498,Retail & Consumer,Term Loan,BB,5,Senior Secured,Cash / Marketable Securities,0.6020000000,2022-12-15,2029-04-03,6.3000000000,3.7800000000,3.7800000000,0.0000000000,0.0000000000,3.7800000000,0.0136742563,0.1605000000,0.1639000000
LN00499,BRW00499,IT Services,Term Loan,BBB,4,Senior Secured,Cash / Marketable Securities,0.7850000000,2022-08-12,2025-10-23,3.2000000000,0.8500000000,0.8500000000,0.0000000000,0.0000000000,0.8500000000,0.0033495289,0.1029000000,0.0958000000
LN00500,BRW00500,Retail & Consumer,Term Loan,BBB,4,Senior Secured,Cash / Marketable Securities,0.7530000000,2023-01-14,2032-09-25,9.7000000000,1.5600000000,1.5600000000,0.0000000000,0.0000000000,1.5600000000,0.0033867000,0.1129000000,0.0804000000
LN00501,BRW00501,Manufacturing,Term Loan,BB,5,Senior Secured,Cash / Marketable Securities,0.7030000000,2022-12-18,2026-12-18,4.0000000000,10.3700000000,10.3700000000,0.0000000000,0.0000000000,10.3700000000,0.0131992398,0.1285000000,0.1639000000
LN00502,BRW00502,Healthcare,Working Capital / Revolving,B,6,Senior Secured,Cash / Marketable Securities,0.9560000000,2022-09-01,2023-09-01,1.0000000000,4.2600000000,1.8200000000,2.4400000000,0.7500000000,3.6500000000,0.0441110443,0.1000000000,0.4081000000
LN00503,BRW00503,Infrastructure,Term Loan,B,6,Senior Secured,Real Estate,0.5300000000,2025-03-10,2030-11-20,5.7000000000,3.2600000000,3.2600000000,0.0000000000,0.0000000000,3.2600000000,0.0442298966,0.2388000000,0.4248000000
LN00504,BRW00504,Real Estate,Term Loan,BBB,4,Senior Unsecured,Unsecured,0.0000000000,2024-12-26,2031-05-21,6.4000000000,2.1200000000,2.1200000000,0.0000000000,0.0000000000,2.1200000000,0.0031076123,0.4500000000,0.0823000000
LN00505,BRW00505,Manufacturing,Working Capital / Revolving,BBB,4,Subordinated,Unsecured,0.0000000000,2024-01-08,2025-01-07,1.0000000000,3.5900000000,1.6000000000,1.9900000000,0.7500000000,3.0925000000,0.0026597721,0.6500000000,0.0788000000
LN00506,BRW00506,Financial Services,Working Capital / Revolving,BB,5,Senior Secured,Cash / Marketable Securities,0.6780000000,2024-04-16,2025-04-16,1.0000000000,6.0600000000,3.6600000000,2.4000000000,0.7500000000,5.4600000000,0.0165857204,0.1365000000,0.1908000000
LN00507,BRW00507,Financial Services,Term Loan,BBB,4,Subordinated,Unsecured,0.0000000000,2023-05-04,2032-11-01,9.5000000000,11.9800000000,11.9800000000,0.0000000000,0.0000000000,11.9800000000,0.0032288444,0.6500000000,0.0863000000
LN00508,BRW00508,Financial Services,Term Loan,B,6,Senior Secured,Cash / Marketable Securities,0.7400000000,2026-02-16,2033-08-17,7.5000000000,0.3200000000,0.3200000000,0.0000000000,0.0000000000,0.3200000000,0.0547971329,0.1168000000,0.4967000000
LN00509,BRW00509,Manufacturing,Term Loan,BBB,4,Senior Secured,Cash / Marketable Securities,0.7170000000,2025-08-09,2035-04-21,9.7000000000,1.9500000000,1.9500000000,0.0000000000,0.0000000000,1.9500000000,0.0030234545,0.1242000000,0.0835000000
LN00510,BRW00510,Infrastructure,Term Loan,A,3,Senior Unsecured,Unsecured,0.0000000000,2023-02-28,2031-11-10,8.7000000000,5.2500000000,5.2500000000,0.0000000000,0.0000000000,5.2500000000,0.0011490032,0.4500000000,0.0515000000
LN00511,BRW00511,Textiles,Working Capital / Revolving,AA,2,Senior Unsecured,Unsecured,0.0000000000,2022-11-09,2023-11-09,1.0000000000,4.0600000000,2.7200000000,1.3400000000,0.7500000000,3.7250000000,0.0004316263,0.4500000000,0.0637000000
LN00512,BRW00512,Agriculture,Working Capital / Revolving,B,6,Senior Unsecured,Unsecured,0.0000000000,2024-12-12,2025-12-12,1.0000000000,6.7100000000,2.4300000000,4.2800000000,0.7500000000,5.6400000000,0.0485189745,0.4500000000,0.4482000000
LN00513,BRW00513,IT Services,Term Loan,AA,2,Senior Secured,Plant & Machinery,0.9630000000,2024-11-29,2030-05-30,5.5000000000,5.8600000000,5.8600000000,0.0000000000,0.0000000000,5.8600000000,0.0004735905,0.2152000000,0.0690000000
LN00514,BRW00514,IT Services,Working Capital / Revolving,BBB,4,Senior Unsecured,Unsecured,0.0000000000,2023-11-27,2024-11-26,1.0000000000,3.3000000000,1.4500000000,1.8500000000,0.7500000000,2.8375000000,0.0034037809,0.4500000000,0.0938000000
LN00515,BRW00515,Real Estate,Term Loan,BBB,4,Senior Secured,Cash / Marketable Securities,0.7450000000,2024-03-30,2031-11-04,7.6000000000,2.6500000000,2.6500000000,0.0000000000,0.0000000000,2.6500000000,0.0030691749,0.1153000000,0.0836000000
LN00516,BRW00516,Textiles,Term Loan,A,3,Senior Secured,Receivables,0.6370000000,2025-06-26,2031-06-26,6.0000000000,3.5100000000,3.5100000000,0.0000000000,0.0000000000,3.5100000000,0.0010918573,0.2384000000,0.0728000000
LN00517,BRW00517,IT Services,Working Capital / Revolving,BBB,4,Senior Secured,Cash / Marketable Securities,0.7490000000,2024-02-25,2025-02-24,1.0000000000,14.1400000000,8.8400000000,5.3000000000,0.7500000000,12.8150000000,0.0027033071,0.1142000000,0.0761000000
LN00518,BRW00518,Textiles,Term Loan,BB,5,Subordinated,Unsecured,0.0000000000,2022-11-13,2026-06-19,3.6000000000,2.1600000000,2.1600000000,0.0000000000,0.0000000000,2.1600000000,0.0171538536,0.6500000000,0.2011000000
LN00519,BRW00519,Healthcare,Term Loan,AAA,1,Senior Secured,Cash / Marketable Securities,0.6680000000,2023-03-25,2032-01-11,8.8000000000,4.2100000000,4.2100000000,0.0000000000,0.0000000000,4.2100000000,0.0001999184,0.1397000000,0.0587000000
LN00520,BRW00520,Textiles,Term Loan,B,6,Senior Unsecured,Unsecured,0.0000000000,2022-11-16,2027-04-11,4.4000000000,5.3800000000,5.3800000000,0.0000000000,0.0000000000,5.3800000000,0.0499050811,0.4500000000,0.4533000000
LN00521,BRW00521,Financial Services,Working Capital / Revolving,B,6,Senior Unsecured,Receivables,0.5870000000,2023-07-29,2024-07-28,1.0000000000,21.3400000000,13.7900000000,7.5500000000,0.7500000000,19.4525000000,0.0570632709,0.3178000000,0.5156000000
LN00522,BRW00522,Infrastructure,Term Loan,BBB,4,Senior Unsecured,Unsecured,0.0000000000,2022-08-20,2026-09-25,4.1000000000,3.3200000000,3.3200000000,0.0000000000,0.0000000000,3.3200000000,0.0028926591,0.4500000000,0.0901000000
LN00523,BRW00523,Financial Services,Term Loan,A,3,Senior Unsecured,Unsecured,0.0000000000,2025-02-27,2029-01-21,3.9000000000,11.6900000000,11.6900000000,0.0000000000,0.0000000000,11.6900000000,0.0009692575,0.4500000000,0.0687000000
LN00524,BRW00524,IT Services,Term Loan,BB,5,Senior Unsecured,Unsecured,0.0000000000,2025-12-24,2034-09-05,8.7000000000,15.3600000000,15.3600000000,0.0000000000,0.0000000000,15.3600000000,0.0153813872,0.4500000000,0.1905000000
LN00525,BRW00525,Real Estate,Term Loan,A,3,Senior Secured,Cash / Marketable Securities,0.7620000000,2025-09-15,2034-05-28,8.7000000000,4.2000000000,4.2000000000,0.0000000000,0.0000000000,4.2000000000,0.0008884158,0.1099000000,0.0634000000
LN00526,BRW00526,Real Estate,Term Loan,BBB,4,Senior Secured,Receivables,1.0540000000,2022-03-04,2030-05-16,8.2000000000,3.6300000000,3.6300000000,0.0000000000,0.0000000000,3.6300000000,0.0028389771,0.1750000000,0.0880000000
LN00527,BRW00527,IT Services,Working Capital / Revolving,CCC,7,Senior Unsecured,Unsecured,0.0000000000,2023-08-03,2024-08-02,1.0000000000,3.2300000000,2.2800000000,0.9500000000,0.7500000000,2.9925000000,0.1361943745,0.4500000000,1.1463000000
LN00528,BRW00528,Manufacturing,Working Capital / Revolving,CCC,7,Senior Secured,Real Estate,0.4550000000,2025-03-02,2026-03-02,1.0000000000,3.4700000000,2.1000000000,1.3700000000,0.7500000000,3.1275000000,0.1321477566,0.2545000000,1.1183000000
LN00529,BRW00529,IT Services,Working Capital / Revolving,BB,5,Senior Secured,Plant & Machinery,0.6270000000,2022-09-23,2023-09-23,1.0000000000,10.5300000000,4.3700000000,6.1600000000,0.7500000000,8.9900000000,0.0166476507,0.2623000000,0.1943000000
LN00530,BRW00530,IT Services,Working Capital / Revolving,BBB,4,Senior Secured,Cash / Marketable Securities,0.4730000000,2024-12-02,2025-12-02,1.0000000000,5.6500000000,1.0400000000,4.6100000000,0.7500000000,4.4975000000,0.0030803980,0.2010000000,0.0880000000
LN00531,BRW00531,Infrastructure,Term Loan,BB,5,Senior Secured,Receivables,0.4730000000,2023-10-06,2030-07-24,6.8000000000,5.6700000000,5.6700000000,0.0000000000,0.0000000000,5.6700000000,0.0143640276,0.2671000000,0.1762000000
LN00532,BRW00532,Manufacturing,Term Loan,BB,5,Senior Secured,Plant & Machinery,0.8740000000,2025-02-28,2031-04-06,6.1000000000,1.4500000000,1.4500000000,0.0000000000,0.0000000000,1.4500000000,0.0145890122,0.2276000000,0.1730000000
LN00533,BRW00533,Manufacturing,Term Loan,BBB,4,Senior Secured,Receivables,0.7490000000,2025-10-13,2028-10-12,3.0000000000,1.7000000000,1.7000000000,0.0000000000,0.0000000000,1.7000000000,0.0029383671,0.2189000000,0.0879000000
LN00534,BRW00534,Textiles,Term Loan,BB,5,Subordinated,Unsecured,0.0000000000,2025-02-01,2032-02-01,7.0000000000,38.2200000000,38.2200000000,0.0000000000,0.0000000000,38.2200000000,0.0155991713,0.6500000000,0.1935000000
LN00535,BRW00535,Manufacturing,Working Capital / Revolving,AAA,1,Senior Secured,Cash / Marketable Securities,0.6730000000,2025-03-31,2026-03-31,1.0000000000,3.7500000000,2.1500000000,1.6000000000,0.7500000000,3.3500000000,0.0002256062,0.1381000000,0.0589000000
LN00536,BRW00536,Manufacturing,Working Capital / Revolving,A,3,Subordinated,Unsecured,0.0000000000,2023-12-10,2024-12-09,1.0000000000,2.0700000000,1.5400000000,0.5300000000,0.7500000000,1.9375000000,0.0011298339,0.6500000000,0.0599000000
LN00537,BRW00537,Manufacturing,Working Capital / Revolving,BBB,4,Subordinated,Unsecured,0.0000000000,2026-01-30,2027-01-30,1.0000000000,18.7500000000,9.4800000000,9.2700000000,0.7500000000,16.4325000000,0.0029023428,0.6500000000,0.0857000000
LN00538,BRW00538,IT Services,Term Loan,A,3,Senior Secured,Cash / Marketable Securities,0.6030000000,2025-03-14,2031-11-25,6.7000000000,5.9400000000,5.9400000000,0.0000000000,0.0000000000,5.9400000000,0.0009487787,0.1601000000,0.0659000000
LN00539,BRW00539,Agriculture,Term Loan,A,3,Senior Unsecured,Unsecured,0.0000000000,2023-11-18,2028-01-30,4.2000000000,7.9900000000,7.9900000000,0.0000000000,0.0000000000,7.9900000000,0.0009853140,0.4500000000,0.0672000000
LN00540,BRW00540,Financial Services,Term Loan,B,6,Senior Unsecured,Unsecured,0.0000000000,2024-07-31,2032-01-30,7.5000000000,3.9000000000,3.9000000000,0.0000000000,0.0000000000,3.9000000000,0.0510190135,0.4500000000,0.4709000000
LN00541,BRW00541,Energy & Power,Term Loan,CCC,7,Senior Unsecured,Unsecured,0.0000000000,2023-08-10,2027-11-27,4.3000000000,3.2600000000,3.2600000000,0.0000000000,0.0000000000,3.2600000000,0.1482818060,0.4500000000,1.2440000000
LN00542,BRW00542,Agriculture,Term Loan,BB,5,Senior Secured,Receivables,1.1580000000,2023-07-12,2026-12-04,3.4000000000,3.7800000000,3.7800000000,0.0000000000,0.0000000000,3.7800000000,0.0157143903,0.1750000000,0.1844000000
LN00543,BRW00543,Manufacturing,Term Loan,B,6,Senior Secured,Receivables,0.6450000000,2022-04-12,2030-01-28,7.8000000000,1.1200000000,1.1200000000,0.0000000000,0.0000000000,1.1200000000,0.0508159854,0.2372000000,0.4660000000
LN00544,BRW00544,Energy & Power,Term Loan,CCC,7,Senior Secured,Real Estate,0.9190000000,2022-10-20,2026-08-07,3.8000000000,4.1000000000,4.1000000000,0.0000000000,0.0000000000,4.1000000000,0.1419321996,0.1570000000,1.2028000000
LN00545,BRW00545,Manufacturing,Working Capital / Revolving,A,3,Senior Unsecured,Unsecured,0.0000000000,2025-03-31,2026-03-31,1.0000000000,6.0300000000,3.5300000000,2.5000000000,0.7500000000,5.4050000000,0.0009537192,0.4500000000,0.0678000000
LN00546,BRW00546,Healthcare,Term Loan,BBB,4,Subordinated,Unsecured,0.0000000000,2023-05-18,2031-07-30,8.2000000000,28.5200000000,28.5200000000,0.0000000000,0.0000000000,28.5200000000,0.0028907335,0.6500000000,0.0769000000
LN00547,BRW00547,Retail & Consumer,Term Loan,BBB,4,Senior Unsecured,Plant & Machinery,0.6010000000,2023-08-22,2027-01-14,3.4000000000,4.8800000000,4.8800000000,0.0000000000,0.0000000000,4.8800000000,0.0026351758,0.3417000000,0.0751000000
LN00548,BRW00548,Financial Services,Working Capital / Revolving,AA,2,Senior Unsecured,Unsecured,0.0000000000,2023-10-10,2024-10-09,1.0000000000,0.4300000000,0.2900000000,0.1400000000,0.7500000000,0.3950000000,0.0004499094,0.4500000000,0.0643000000
LN00549,BRW00549,Infrastructure,Term Loan,BB,5,Subordinated,Unsecured,0.0000000000,2022-12-13,2031-07-20,8.6000000000,4.0800000000,4.0800000000,0.0000000000,0.0000000000,4.0800000000,0.0160040121,0.6500000000,0.1824000000
LN00550,BRW00550,Healthcare,Working Capital / Revolving,BBB,4,Senior Unsecured,Plant & Machinery,0.4680000000,2025-07-27,2026-07-27,1.0000000000,69.3700000000,41.5900000000,27.7800000000,0.7500000000,62.4250000000,0.0029001870,0.3658000000,0.0754000000
LN00551,BRW00551,Retail & Consumer,Working Capital / Revolving,BBB,4,Senior Secured,Cash / Marketable Securities,0.5240000000,2024-08-27,2025-08-27,1.0000000000,10.6600000000,7.7500000000,2.9100000000,0.7500000000,9.9325000000,0.0027430851,0.1848000000,0.0851000000
LN00552,BRW00552,Agriculture,Term Loan,A,3,Senior Unsecured,Unsecured,0.0000000000,2022-11-18,2026-07-31,3.7000000000,1.9900000000,1.9900000000,0.0000000000,0.0000000000,1.9900000000,0.0010188017,0.4500000000,0.0716000000
LN00553,BRW00553,Textiles,Working Capital / Revolving,A,3,Senior Secured,Real Estate,0.8690000000,2022-07-29,2023-07-29,1.0000000000,8.0900000000,5.3500000000,2.7400000000,0.7500000000,7.4050000000,0.0010766619,0.1675000000,0.0668000000
LN00554,BRW00554,Energy & Power,Term Loan,B,6,Senior Secured,Real Estate,0.6980000000,2026-01-06,2029-05-31,3.4000000000,2.1300000000,2.1300000000,0.0000000000,0.0000000000,2.1300000000,0.0463613354,0.2035000000,0.4324000000
LN00555,BRW00555,Retail & Consumer,Working Capital / Revolving,AA,2,Senior Secured,Cash / Marketable Securities,0.7180000000,2024-04-07,2025-04-07,1.0000000000,1.1600000000,0.6300000000,0.5300000000,0.7500000000,1.0275000000,0.0005490185,0.1240000000,0.0653000000
LN00556,BRW00556,Retail & Consumer,Working Capital / Revolving,A,3,Subordinated,Unsecured,0.0000000000,2025-02-06,2026-02-06,1.0000000000,3.1600000000,2.0000000000,1.1600000000,0.7500000000,2.8700000000,0.0011282515,0.6500000000,0.0720000000
LN00557,BRW00557,Energy & Power,Working Capital / Revolving,BBB,4,Senior Secured,Receivables,0.5300000000,2025-06-28,2026-06-28,1.0000000000,4.9100000000,2.6200000000,2.2900000000,0.7500000000,4.3375000000,0.0030876551,0.2572000000,0.0877000000
LN00558,BRW00558,Infrastructure,Term Loan,BBB,4,Senior Secured,Plant & Machinery,0.6540000000,2025-12-08,2029-11-01,3.9000000000,0.6900000000,0.6900000000,0.0000000000,0.0000000000,0.6900000000,0.0031520529,0.2584000000,0.0722000000
LN00559,BRW00559,IT Services,Term Loan,BB,5,Senior Secured,Real Estate,0.6160000000,2024-01-01,2028-07-01,4.5000000000,1.4200000000,1.4200000000,0.0000000000,0.0000000000,1.4200000000,0.0129865920,0.2207000000,0.1627000000
LN00560,BRW00560,Retail & Consumer,Working Capital / Revolving,BBB,4,Senior Secured,Cash / Marketable Securities,0.7740000000,2023-06-24,2024-06-23,1.0000000000,4.5300000000,3.3700000000,1.1600000000,0.7500000000,4.2400000000,0.0034009679,0.1063000000,0.0898000000
LN00561,BRW00561,Manufacturing,Working Capital / Revolving,AA,2,Senior Secured,Plant & Machinery,0.8670000000,2024-01-11,2025-01-10,1.0000000000,2.9800000000,1.1300000000,1.8500000000,0.7500000000,2.5175000000,0.0004838727,0.2287000000,0.0618000000
LN00562,BRW00562,IT Services,Term Loan,A,3,Senior Unsecured,Unsecured,0.0000000000,2024-09-06,2034-09-06,10.0000000000,6.6500000000,6.6500000000,0.0000000000,0.0000000000,6.6500000000,0.0011271701,0.4500000000,0.0692000000
LN00563,BRW00563,Retail & Consumer,Working Capital / Revolving,B,6,Senior Unsecured,Unsecured,0.0000000000,2023-01-23,2024-01-23,1.0000000000,1.3300000000,0.7500000000,0.5800000000,0.7500000000,1.1850000000,0.0511846629,0.4500000000,0.4732000000
LN00564,BRW00564,Energy & Power,Term Loan,BB,5,Senior Secured,Real Estate,0.9730000000,2023-07-17,2026-07-16,3.0000000000,9.1500000000,9.1500000000,0.0000000000,0.0000000000,9.1500000000,0.0127707846,0.1457000000,0.1626000000
LN00565,BRW00565,Energy & Power,Working Capital / Revolving,BB,5,Senior Secured,Plant & Machinery,0.5840000000,2022-07-05,2023-07-05,1.0000000000,1.3700000000,0.6700000000,0.7000000000,0.7500000000,1.1950000000,0.0129234390,0.2682000000,0.1709000000
LN00566,BRW00566,Real Estate,Working Capital / Revolving,BB,5,Senior Secured,Receivables,0.4150000000,2024-10-07,2025-10-07,1.0000000000,23.1700000000,10.4300000000,12.7400000000,0.7500000000,19.9850000000,0.0158118846,0.2774000000,0.1921000000
LN00567,BRW00567,Retail & Consumer,Term Loan,BB,5,Senior Secured,Cash / Marketable Securities,0.6800000000,2025-03-15,2034-05-27,9.2000000000,0.8100000000,0.8100000000,0.0000000000,0.0000000000,0.8100000000,0.0152820061,0.1359000000,0.1817000000
LN00568,BRW00568,IT Services,Term Loan,AA,2,Senior Unsecured,Unsecured,0.0000000000,2024-05-01,2033-09-24,9.4000000000,1.5000000000,1.5000000000,0.0000000000,0.0000000000,1.5000000000,0.0004289799,0.4500000000,0.0624000000
LN00569,BRW00569,Energy & Power,Term Loan,BBB,4,Senior Unsecured,Unsecured,0.0000000000,2024-02-15,2033-04-28,9.2000000000,6.8000000000,6.8000000000,0.0000000000,0.0000000000,6.8000000000,0.0032191140,0.4500000000,0.0715000000
LN00570,BRW00570,Real Estate,Term Loan,BBB,4,Senior Unsecured,Receivables,0.5940000000,2024-04-27,2028-04-27,4.0000000000,23.6700000000,23.6700000000,0.0000000000,0.0000000000,23.6700000000,0.0033169308,0.3164000000,0.0849000000
LN00571,BRW00571,Energy & Power,Term Loan,BBB,4,Senior Secured,Plant & Machinery,0.3590000000,2022-10-25,2028-09-17,5.9000000000,6.1400000000,6.1400000000,0.0000000000,0.0000000000,6.1400000000,0.0029967757,0.2997000000,0.0772000000
LN00572,BRW00572,Financial Services,Term Loan,B,6,Senior Unsecured,Plant & Machinery,1.0970000000,2025-12-24,2034-03-07,8.2000000000,7.8700000000,7.8700000000,0.0000000000,0.0000000000,7.8700000000,0.0494863616,0.2700000000,0.4570000000
LN00573,BRW00573,Healthcare,Term Loan,BBB,4,Senior Secured,Receivables,0.6420000000,2024-01-16,2029-03-29,5.2000000000,4.5600000000,4.5600000000,0.0000000000,0.0000000000,4.5600000000,0.0025549258,0.2376000000,0.0812000000
LN00574,BRW00574,Infrastructure,Term Loan,BB,5,Senior Secured,Receivables,0.4220000000,2024-06-07,2032-01-12,7.6000000000,1.6100000000,1.6100000000,0.0000000000,0.0000000000,1.6100000000,0.0162899237,0.2761000000,0.1938000000
LN00575,BRW00575,Textiles,Term Loan,B,6,Subordinated,Unsecured,0.0000000000,2025-04-26,2030-01-06,4.7000000000,2.7500000000,2.7500000000,0.0000000000,0.0000000000,2.7500000000,0.0474607410,0.6500000000,0.4467000000
LN00576,BRW00576,Healthcare,Working Capital / Revolving,BBB,4,Senior Unsecured,Unsecured,0.0000000000,2023-08-02,2024-08-01,1.0000000000,1.3300000000,0.9000000000,0.4300000000,0.7500000000,1.2225000000,0.0033408873,0.4500000000,0.0866000000
LN00577,BRW00577,Healthcare,Working Capital / Revolving,B,6,Subordinated,Unsecured,0.0000000000,2022-12-10,2023-12-10,1.0000000000,1.2500000000,1.0300000000,0.2200000000,0.7500000000,1.1950000000,0.0480959088,0.6500000000,0.4562000000
LN00578,BRW00578,Financial Services,Term Loan,BB,5,Subordinated,Unsecured,0.0000000000,2023-12-20,2028-10-07,4.8000000000,6.7000000000,6.7000000000,0.0000000000,0.0000000000,6.7000000000,0.0152928506,0.6500000000,0.1835000000
LN00579,BRW00579,Financial Services,Working Capital / Revolving,B,6,Senior Unsecured,Unsecured,0.0000000000,2025-10-28,2026-10-28,1.0000000000,1.4600000000,0.6800000000,0.7800000000,0.7500000000,1.2650000000,0.0465551268,0.4500000000,0.4259000000
LN00580,BRW00580,Manufacturing,Term Loan,BBB,4,Subordinated,Unsecured,0.0000000000,2025-11-11,2030-12-17,5.1000000000,6.1700000000,6.1700000000,0.0000000000,0.0000000000,6.1700000000,0.0026945295,0.6500000000,0.0787000000
LN00581,BRW00581,Financial Services,Term Loan,BBB,4,Senior Secured,Plant & Machinery,0.8690000000,2024-06-20,2027-09-01,3.2000000000,1.2200000000,1.2200000000,0.0000000000,0.0000000000,1.2200000000,0.0032474171,0.2284000000,0.0841000000
LN00582,BRW00582,Energy & Power,Term Loan,BBB,4,Senior Secured,Plant & Machinery,0.9040000000,2023-06-23,2028-04-10,4.8000000000,6.0300000000,6.0300000000,0.0000000000,0.0000000000,6.0300000000,0.0029969314,0.2235000000,0.0869000000
LN00583,BRW00583,Real Estate,Term Loan,A,3,Senior Secured,Cash / Marketable Securities,0.7320000000,2024-11-26,2029-02-07,4.2000000000,2.7500000000,2.7500000000,0.0000000000,0.0000000000,2.7500000000,0.0010109464,0.1194000000,0.0634000000
LN00584,BRW00584,Infrastructure,Term Loan,BBB,4,Senior Secured,Real Estate,0.8560000000,2024-12-02,2031-06-03,6.5000000000,18.2900000000,18.2900000000,0.0000000000,0.0000000000,18.2900000000,0.0034188744,0.1703000000,0.0859000000
LN00585,BRW00585,Energy & Power,Term Loan,B,6,Senior Secured,Cash / Marketable Securities,0.8990000000,2022-09-14,2026-07-02,3.8000000000,6.1900000000,6.1900000000,0.0000000000,0.0000000000,6.1900000000,0.0569536987,0.1000000000,0.5148000000
LN00586,BRW00586,Real Estate,Working Capital / Revolving,BB,5,Senior Secured,Plant & Machinery,0.7900000000,2026-02-08,2027-02-08,1.0000000000,15.4200000000,5.7600000000,9.6600000000,0.7500000000,13.0050000000,0.0166003895,0.2394000000,0.1906000000
LN00587,BRW00587,Retail & Consumer,Working Capital / Revolving,A,3,Senior Unsecured,Unsecured,0.0000000000,2025-11-04,2026-11-04,1.0000000000,2.1100000000,1.2600000000,0.8500000000,0.7500000000,1.8975000000,0.0009062828,0.4500000000,0.0713000000
LN00588,BRW00588,Healthcare,Term Loan,BBB,4,Senior Unsecured,Unsecured,0.0000000000,2025-07-16,2031-01-14,5.5000000000,4.7400000000,4.7400000000,0.0000000000,0.0000000000,4.7400000000,0.0030848454,0.4500000000,0.0879000000
LN00589,BRW00589,Healthcare,Term Loan,A,3,Senior Unsecured,Unsecured,0.0000000000,2022-03-17,2026-05-29,4.2000000000,1.6800000000,1.6800000000,0.0000000000,0.0000000000,1.6800000000,0.0011134442,0.4500000000,0.0747000000
LN00590,BRW00590,Textiles,Term Loan,AAA,1,Senior Secured,Plant & Machinery,0.7580000000,2024-02-29,2029-12-17,5.8000000000,2.9600000000,2.9600000000,0.0000000000,0.0000000000,2.9600000000,0.0001924678,0.2438000000,0.0599000000
LN00591,BRW00591,IT Services,Working Capital / Revolving,B,6,Senior Unsecured,Plant & Machinery,0.6670000000,2025-07-12,2026-07-12,1.0000000000,3.4500000000,1.6500000000,1.8000000000,0.7500000000,3.0000000000,0.0440165925,0.3299000000,0.4181000000
LN00592,BRW00592,Real Estate,Working Capital / Revolving,BBB,4,Senior Secured,Receivables,1.0060000000,2024-11-30,2025-11-30,1.0000000000,2.1700000000,1.0000000000,1.1700000000,0.7500000000,1.8775000000,0.0032798666,0.1750000000,0.0794000000
LN00593,BRW00593,Textiles,Term Loan,BBB,4,Senior Secured,Real Estate,0.4640000000,2022-04-06,2025-12-17,3.7000000000,1.3300000000,1.3300000000,0.0000000000,0.0000000000,1.3300000000,0.0029835872,0.2525000000,0.0769000000
LN00594,BRW00594,Agriculture,Term Loan,BB,5,Senior Secured,Real Estate,1.0790000000,2023-05-16,2030-03-03,6.8000000000,1.0900000000,1.0900000000,0.0000000000,0.0000000000,1.0900000000,0.0152897671,0.1400000000,0.1762000000
LN00595,BRW00595,Real Estate,Term Loan,AAA,1,Senior Secured,Real Estate,0.7460000000,2025-04-07,2031-07-26,6.3000000000,0.4300000000,0.4300000000,0.0000000000,0.0000000000,0.4300000000,0.0002289287,0.1934000000,0.0619000000
LN00596,BRW00596,Real Estate,Term Loan,BBB,4,Senior Secured,Cash / Marketable Securities,0.8140000000,2025-03-13,2030-06-30,5.3000000000,1.5600000000,1.5600000000,0.0000000000,0.0000000000,1.5600000000,0.0030964903,0.1000000000,0.0908000000
LN00597,BRW00597,Infrastructure,Working Capital / Revolving,BB,5,Senior Unsecured,Unsecured,0.0000000000,2025-11-11,2026-11-11,1.0000000000,8.3900000000,4.5600000000,3.8300000000,0.7500000000,7.4325000000,0.0146624072,0.4500000000,0.1743000000
LN00598,BRW00598,Agriculture,Working Capital / Revolving,BB,5,Senior Unsecured,Unsecured,0.0000000000,2023-01-20,2024-01-20,1.0000000000,0.9100000000,0.3900000000,0.5200000000,0.7500000000,0.7800000000,0.0144149297,0.4500000000,0.1729000000
LN00599,BRW00599,Real Estate,Term Loan,CCC,7,Senior Unsecured,Unsecured,0.0000000000,2025-08-12,2029-10-24,4.2000000000,1.1400000000,1.1400000000,0.0000000000,0.0000000000,1.1400000000,0.1462928682,0.4500000000,1.2293000000
LN00600,BRW00600,Healthcare,Term Loan,BB,5,Senior Secured,Cash / Marketable Securities,0.8170000000,2025-01-04,2029-04-23,4.3000000000,26.8700000000,26.8700000000,0.0000000000,0.0000000000,26.8700000000,0.0132827959,0.1000000000,0.1691000000
LN00601,BRW00601,Retail & Consumer,Term Loan,BBB,4,Senior Unsecured,Plant & Machinery,0.8850000000,2024-10-05,2028-10-05,4.0000000000,2.3700000000,2.3700000000,0.0000000000,0.0000000000,2.3700000000,0.0032652755,0.2907000000,0.0837000000
LN00602,BRW00602,Healthcare,Term Loan,BB,5,Senior Unsecured,Unsecured,0.0000000000,2023-09-01,2030-08-31,7.0000000000,6.1800000000,6.1800000000,0.0000000000,0.0000000000,6.1800000000,0.0165197259,0.4500000000,0.1895000000
LN00603,BRW00603,IT Services,Term Loan,B,6,Senior Secured,Plant & Machinery,0.3110000000,2023-09-22,2029-10-28,6.1000000000,8.5200000000,8.5200000000,0.0000000000,0.0000000000,8.5200000000,0.0467659570,0.3064000000,0.4274000000
LN00604,BRW00604,Healthcare,Term Loan,BB,5,Senior Unsecured,Unsecured,0.0000000000,2022-12-13,2027-08-25,4.7000000000,8.6900000000,8.6900000000,0.0000000000,0.0000000000,8.6900000000,0.0141170848,0.4500000000,0.1701000000
LN00605,BRW00605,Textiles,Working Capital / Revolving,CCC,7,Senior Secured,Cash / Marketable Securities,1.1600000000,2024-12-20,2025-12-20,1.0000000000,0.9800000000,0.6000000000,0.3800000000,0.7500000000,0.8850000000,0.1668450415,0.1000000000,1.4006000000
LN00606,BRW00606,IT Services,Term Loan,BB,5,Senior Secured,Real Estate,0.5310000000,2024-08-12,2032-04-24,7.7000000000,3.5600000000,3.5600000000,0.0000000000,0.0000000000,3.5600000000,0.0128578666,0.2384000000,0.1633000000
LN00607,BRW00607,Infrastructure,Term Loan,B,6,Senior Secured,Cash / Marketable Securities,1.0350000000,2024-08-07,2029-08-07,5.0000000000,0.8900000000,0.8900000000,0.0000000000,0.0000000000,0.8900000000,0.0503068617,0.1000000000,0.4588000000
LN00608,BRW00608,Healthcare,Term Loan,A,3,Senior Secured,Cash / Marketable Securities,0.5630000000,2025-12-23,2035-05-18,9.4000000000,51.7400000000,51.7400000000,0.0000000000,0.0000000000,51.7400000000,0.0009891027,0.1726000000,0.0741000000
LN00609,BRW00609,Healthcare,Term Loan,BB,5,Senior Secured,Plant & Machinery,0.7140000000,2023-03-13,2028-04-17,5.1000000000,0.9100000000,0.9100000000,0.0000000000,0.0000000000,0.9100000000,0.0158555705,0.2501000000,0.1839000000
LN00610,BRW00610,Healthcare,Working Capital / Revolving,BBB,4,Senior Secured,Real Estate,0.8750000000,2024-01-04,2025-01-03,1.0000000000,1.5700000000,0.8800000000,0.6900000000,0.7500000000,1.3975000000,0.0026970525,0.1662000000,0.0887000000
LN00611,BRW00611,Agriculture,Term Loan,BB,5,Senior Secured,Real Estate,0.5860000000,2024-04-01,2033-12-12,9.7000000000,1.5800000000,1.5800000000,0.0000000000,0.0000000000,1.5800000000,0.0157574883,0.2269000000,0.1931000000
LN00612,BRW00612,Healthcare,Working Capital / Revolving,BB,5,Subordinated,Unsecured,0.0000000000,2022-02-27,2023-02-27,1.0000000000,1.0000000000,0.4100000000,0.5900000000,0.7500000000,0.8525000000,0.0144453030,0.6500000000,0.1758000000
LN00613,BRW00613,Healthcare,Working Capital / Revolving,CCC,7,Senior Secured,Real Estate,0.7650000000,2025-06-12,2026-06-12,1.0000000000,17.3300000000,5.3100000000,12.0200000000,0.7500000000,14.3250000000,0.1553421650,0.1893000000,1.2952000000
LN00614,BRW00614,Manufacturing,Term Loan,CCC,7,Senior Secured,Real Estate,0.8420000000,2022-04-07,2031-03-01,8.9000000000,50.5200000000,50.5200000000,0.0000000000,0.0000000000,50.5200000000,0.1293042754,0.1731000000,1.1059000000
LN00615,BRW00615,Energy & Power,Term Loan,BBB,4,Senior Secured,Cash / Marketable Securities,0.6960000000,2023-06-05,2030-01-09,6.6000000000,2.7900000000,2.7900000000,0.0000000000,0.0000000000,2.7900000000,0.0029655545,0.1306000000,0.0857000000
LN00616,BRW00616,Retail & Consumer,Working Capital / Revolving,BB,5,Senior Unsecured,Plant & Machinery,0.8820000000,2025-04-11,2026-04-11,1.0000000000,1.2000000000,0.5300000000,0.6700000000,0.7500000000,1.0325000000,0.0151001290,0.2913000000,0.1792000000
LN00617,BRW00617,Manufacturing,Term Loan,BB,5,Senior Unsecured,Receivables,1.0660000000,2023-06-08,2032-05-01,8.9000000000,0.4800000000,0.4800000000,0.0000000000,0.0000000000,0.4800000000,0.0137144688,0.2250000000,0.1745000000
LN00618,BRW00618,Retail & Consumer,Term Loan,BBB,4,Subordinated,Unsecured,0.0000000000,2023-02-15,2031-06-04,8.3000000000,3.5100000000,3.5100000000,0.0000000000,0.0000000000,3.5100000000,0.0026756613,0.6500000000,0.0849000000
LN00619,BRW00619,Retail & Consumer,Working Capital / Revolving,A,3,Senior Secured,Receivables,1.0960000000,2024-09-15,2025-09-15,1.0000000000,3.2700000000,2.4400000000,0.8300000000,0.7500000000,3.0625000000,0.0009065423,0.1750000000,0.0738000000
LN00620,BRW00620,Manufacturing,Working Capital / Revolving,AA,2,Senior Secured,Cash / Marketable Securities,0.6280000000,2024-10-10,2025-10-10,1.0000000000,2.3400000000,1.5700000000,0.7700000000,0.7500000000,2.1475000000,0.0004766212,0.1523000000,0.0605000000
LN00621,BRW00621,Textiles,Term Loan,BB,5,Senior Unsecured,Unsecured,0.0000000000,2022-10-21,2028-05-27,5.6000000000,5.5900000000,5.5900000000,0.0000000000,0.0000000000,5.5900000000,0.0131856457,0.4500000000,0.1671000000
LN00622,BRW00622,Real Estate,Term Loan,BBB,4,Senior Secured,Plant & Machinery,0.8480000000,2025-07-09,2028-07-08,3.0000000000,6.6500000000,6.6500000000,0.0000000000,0.0000000000,6.6500000000,0.0034025878,0.2313000000,0.0813000000
LN00623,BRW00623,Infrastructure,Term Loan,CCC,7,Senior Unsecured,Unsecured,0.0000000000,2026-02-10,2035-10-23,9.7000000000,6.1900000000,6.1900000000,0.0000000000,0.0000000000,6.1900000000,0.1457247328,0.4500000000,1.2291000000
LN00624,BRW00624,Retail & Consumer,Working Capital / Revolving,BBB,4,Senior Unsecured,Plant & Machinery,0.7930000000,2023-06-27,2024-06-26,1.0000000000,3.2700000000,1.5800000000,1.6900000000,0.7500000000,2.8475000000,0.0032780726,0.3073000000,0.0861000000
LN00625,BRW00625,Financial Services,Term Loan,CCC,7,Senior Secured,Cash / Marketable Securities,0.7510000000,2022-07-08,2029-09-18,7.2000000000,1.4900000000,1.4900000000,0.0000000000,0.0000000000,1.4900000000,0.1713487705,0.1133000000,1.4322000000
LN00626,BRW00626,Energy & Power,Term Loan,BBB,4,Subordinated,Unsecured,0.0000000000,2024-02-24,2031-05-07,7.2000000000,8.7200000000,8.7200000000,0.0000000000,0.0000000000,8.7200000000,0.0026226618,0.6500000000,0.0802000000
LN00627,BRW00627,Energy & Power,Working Capital / Revolving,BB,5,Senior Unsecured,Unsecured,0.0000000000,2025-08-15,2026-08-15,1.0000000000,4.5400000000,2.6800000000,1.8600000000,0.7500000000,4.0750000000,0.0156825126,0.4500000000,0.1842000000
LN00628,BRW00628,Real Estate,Working Capital / Revolving,AA,2,Senior Secured,Plant & Machinery,0.7790000000,2023-12-30,2024-12-29,1.0000000000,10.9000000000,8.1500000000,2.7500000000,0.7500000000,10.2125000000,0.0005557114,0.2409000000,0.0601000000
LN00629,BRW00629,Financial Services,Working Capital / Revolving,BB,5,Senior Secured,Plant & Machinery,0.7350000000,2025-02-24,2026-02-24,1.0000000000,9.8800000000,6.0000000000,3.8800000000,0.7500000000,8.9100000000,0.0156040550,0.2470000000,0.1888000000
LN00630,BRW00630,Financial Services,Term Loan,B,6,Senior Secured,Cash / Marketable Securities,0.7360000000,2022-11-01,2030-03-26,7.4000000000,1.0800000000,1.0800000000,0.0000000000,0.0000000000,1.0800000000,0.0489353918,0.1181000000,0.4589000000
LN00631,BRW00631,Retail & Consumer,Term Loan,B,6,Senior Unsecured,Unsecured,0.0000000000,2023-09-14,2031-05-27,7.7000000000,1.0700000000,1.0700000000,0.0000000000,0.0000000000,1.0700000000,0.0489661454,0.4500000000,0.4489000000
LN00632,BRW00632,Agriculture,Working Capital / Revolving,B,6,Senior Secured,Real Estate,0.6760000000,2024-10-23,2025-10-23,1.0000000000,2.1100000000,0.8100000000,1.3000000000,0.7500000000,1.7850000000,0.0430384833,0.2079000000,0.4071000000
LN00633,BRW00633,Manufacturing,Working Capital / Revolving,AA,2,Senior Secured,Cash / Marketable Securities,0.7780000000,2023-08-26,2024-08-25,1.0000000000,1.5600000000,1.2400000000,0.3200000000,0.7500000000,1.4800000000,0.0005051901,0.1049000000,0.0662000000
LN00634,BRW00634,Energy & Power,Term Loan,BBB,4,Senior Unsecured,Unsecured,0.0000000000,2023-06-25,2026-12-24,3.5000000000,9.5400000000,9.5400000000,0.0000000000,0.0000000000,9.5400000000,0.0034441887,0.4500000000,0.0876000000
LN00635,BRW00635,Textiles,Term Loan,AA,2,Senior Secured,Real Estate,1.2810000000,2023-06-08,2028-12-06,5.5000000000,6.3700000000,6.3700000000,0.0000000000,0.0000000000,6.3700000000,0.0005688061,0.1400000000,0.0569000000
LN00636,BRW00636,Retail & Consumer,Term Loan,A,3,Senior Secured,Plant & Machinery,0.4680000000,2024-09-09,2028-11-21,4.2000000000,13.4500000000,13.4500000000,0.0000000000,0.0000000000,13.4500000000,0.0008621198,0.2845000000,0.0604000000
LN00637,BRW00637,Agriculture,Term Loan,BB,5,Senior Unsecured,Receivables,0.6330000000,2023-11-14,2031-06-20,7.6000000000,6.6600000000,6.6600000000,0.0000000000,0.0000000000,6.6600000000,0.0159260865,0.3076000000,0.1835000000
LN00638,BRW00638,Retail & Consumer,Term Loan,BB,5,Senior Secured,Real Estate,0.6490000000,2025-12-29,2035-03-12,9.2000000000,5.5200000000,5.5200000000,0.0000000000,0.0000000000,5.5200000000,0.0141079419,0.2137000000,0.1622000000
LN00639,BRW00639,Manufacturing,Term Loan,BB,5,Senior Secured,Cash / Marketable Securities,1.1580000000,2024-07-16,2029-08-21,5.1000000000,14.8800000000,14.8800000000,0.0000000000,0.0000000000,14.8800000000,0.0168134512,0.1000000000,0.2015000000
LN00640,BRW00640,Healthcare,Term Loan,B,6,Senior Secured,Real Estate,0.4860000000,2024-08-23,2029-12-10,5.3000000000,7.1700000000,7.1700000000,0.0000000000,0.0000000000,7.1700000000,0.0431767212,0.2479000000,0.4073000000
LN00641,BRW00641,Energy & Power,Working Capital / Revolving,BB,5,Senior Secured,Plant & Machinery,0.8350000000,2024-01-06,2025-01-05,1.0000000000,4.8000000000,2.5000000000,2.3000000000,0.7500000000,4.2250000000,0.0169614335,0.2331000000,0.1955000000
LN00642,BRW00642,Textiles,Term Loan,B,6,Senior Secured,Receivables,0.8000000000,2022-05-05,2026-05-05,4.0000000000,19.7000000000,19.7000000000,0.0000000000,0.0000000000,19.7000000000,0.0550621362,0.2101000000,0.4895000000
LN00643,BRW00643,Textiles,Term Loan,AA,2,Senior Unsecured,Receivables,0.8170000000,2022-04-30,2031-10-29,9.5000000000,5.0300000000,5.0300000000,0.0000000000,0.0000000000,5.0300000000,0.0004426257,0.2662000000,0.0544000000
LN00644,BRW00644,Retail & Consumer,Term Loan,A,3,Subordinated,Receivables,0.9970000000,2024-03-21,2029-09-19,5.5000000000,3.3100000000,3.3100000000,0.0000000000,0.0000000000,3.3100000000,0.0008679473,0.3259000000,0.0669000000
LN00645,BRW00645,Textiles,Term Loan,BB,5,Senior Secured,Cash / Marketable Securities,0.9930000000,2023-07-26,2027-04-07,3.7000000000,1.9400000000,1.9400000000,0.0000000000,0.0000000000,1.9400000000,0.0165061845,0.1000000000,0.2019000000
LN00646,BRW00646,Agriculture,Term Loan,B,6,Subordinated,Plant & Machinery,0.6600000000,2025-09-23,2029-12-05,4.2000000000,9.0500000000,9.0500000000,0.0000000000,0.0000000000,9.0500000000,0.0448363651,0.4784000000,0.4152000000
LN00647,BRW00647,Healthcare,Term Loan,AAA,1,Senior Unsecured,Unsecured,0.0000000000,2024-03-23,2033-09-21,9.5000000000,15.4400000000,15.4400000000,0.0000000000,0.0000000000,15.4400000000,0.0002020939,0.4500000000,0.0659000000
LN00648,BRW00648,Healthcare,Term Loan,BBB,4,Senior Unsecured,Unsecured,0.0000000000,2023-05-25,2028-02-04,4.7000000000,4.2600000000,4.2600000000,0.0000000000,0.0000000000,4.2600000000,0.0033741704,0.4500000000,0.0846000000
LN00649,BRW00649,Textiles,Term Loan,BB,5,Senior Unsecured,Unsecured,0.0000000000,2023-06-02,2031-01-06,7.6000000000,16.5800000000,16.5800000000,0.0000000000,0.0000000000,16.5800000000,0.0153035165,0.4500000000,0.1827000000
LN00650,BRW00650,Energy & Power,Working Capital / Revolving,AAA,1,Senior Unsecured,Unsecured,0.0000000000,2022-04-15,2023-04-15,1.0000000000,0.6200000000,0.3300000000,0.2900000000,0.7500000000,0.5475000000,0.0001938340,0.4500000000,0.0676000000
LN00651,BRW00651,IT Services,Term Loan,BBB,4,Senior Unsecured,Unsecured,0.0000000000,2024-04-15,2028-09-08,4.4000000000,4.2400000000,4.2400000000,0.0000000000,0.0000000000,4.2400000000,0.0029505144,0.4500000000,0.0819000000
LN00652,BRW00652,Manufacturing,Working Capital / Revolving,B,6,Senior Secured,Real Estate,0.4130000000,2022-07-06,2023-07-06,1.0000000000,4.3100000000,2.3800000000,1.9300000000,0.7500000000,3.8275000000,0.0434467576,0.2633000000,0.4041000000
LN00653,BRW00653,Retail & Consumer,Working Capital / Revolving,BB,5,Senior Secured,Receivables,0.8310000000,2022-03-24,2023-03-24,1.0000000000,2.1700000000,1.4500000000,0.7200000000,0.7500000000,1.9900000000,0.0171093854,0.2046000000,0.2040000000
LN00654,BRW00654,Agriculture,Working Capital / Revolving,A,3,Senior Secured,Real Estate,0.4110000000,2023-11-12,2024-11-11,1.0000000000,48.6100000000,23.1600000000,25.4500000000,0.7500000000,42.2475000000,0.0009431963,0.2638000000,0.0678000000
LN00655,BRW00655,Healthcare,Term Loan,B,6,Senior Secured,Plant & Machinery,0.7800000000,2025-10-18,2032-04-18,6.5000000000,4.1900000000,4.1900000000,0.0000000000,0.0000000000,4.1900000000,0.0453404524,0.2408000000,0.4282000000
LN00656,BRW00656,Retail & Consumer,Term Loan,BBB,4,Senior Unsecured,Unsecured,0.0000000000,2024-08-25,2033-08-25,9.0000000000,2.9800000000,2.9800000000,0.0000000000,0.0000000000,2.9800000000,0.0028074426,0.4500000000,0.0790000000
LN00657,BRW00657,Agriculture,Term Loan,B,6,Senior Secured,Plant & Machinery,0.5800000000,2023-02-01,2028-05-20,5.3000000000,4.6000000000,4.6000000000,0.0000000000,0.0000000000,4.6000000000,0.0569655979,0.2688000000,0.5228000000
LN00658,BRW00658,Textiles,Working Capital / Revolving,BBB,4,Senior Secured,Receivables,0.9810000000,2023-10-30,2024-10-29,1.0000000000,0.6000000000,0.3800000000,0.2200000000,0.7500000000,0.5450000000,0.0026348574,0.1783000000,0.0824000000
LN00659,BRW00659,Infrastructure,Term Loan,BB,5,Senior Secured,Plant & Machinery,0.8680000000,2022-05-25,2032-04-17,9.9000000000,2.1000000000,2.1000000000,0.0000000000,0.0000000000,2.1000000000,0.0166528637,0.2285000000,0.1954000000
LN00660,BRW00660,Retail & Consumer,Working Capital / Revolving,BBB,4,Senior Secured,Cash / Marketable Securities,0.9800000000,2022-11-18,2023-11-18,1.0000000000,11.9800000000,5.9600000000,6.0200000000,0.7500000000,10.4750000000,0.0031870595,0.1000000000,0.0862000000
LN00661,BRW00661,Agriculture,Term Loan,BBB,4,Senior Unsecured,Plant & Machinery,1.0620000000,2025-11-29,2034-11-29,9.0000000000,2.3900000000,2.3900000000,0.0000000000,0.0000000000,2.3900000000,0.0032970173,0.2700000000,0.0838000000
LN00662,BRW00662,Retail & Consumer,Working Capital / Revolving,B,6,Senior Unsecured,Unsecured,0.0000000000,2022-09-12,2023-09-12,1.0000000000,1.9600000000,1.2400000000,0.7200000000,0.7500000000,1.7800000000,0.0571384631,0.4500000000,0.5171000000
LN00663,BRW00663,Textiles,Term Loan,A,3,Senior Secured,Cash / Marketable Securities,1.0500000000,2024-09-22,2032-08-16,7.9000000000,16.6000000000,16.6000000000,0.0000000000,0.0000000000,16.6000000000,0.0011026464,0.1000000000,0.0666000000
LN00664,BRW00664,Textiles,Term Loan,AA,2,Senior Secured,Plant & Machinery,0.4570000000,2022-11-14,2028-07-26,5.7000000000,17.1200000000,17.1200000000,0.0000000000,0.0000000000,17.1200000000,0.0005665074,0.2860000000,0.0693000000
LN00665,BRW00665,Agriculture,Term Loan,BBB,4,Senior Secured,Real Estate,0.8990000000,2024-02-14,2029-06-02,5.3000000000,7.5200000000,7.5200000000,0.0000000000,0.0000000000,7.5200000000,0.0026642417,0.1612000000,0.0803000000
LN00666,BRW00666,Retail & Consumer,Term Loan,BB,5,Senior Secured,Receivables,0.6510000000,2024-05-01,2032-05-01,8.0000000000,2.8400000000,2.8400000000,0.0000000000,0.0000000000,2.8400000000,0.0163310485,0.2360000000,0.1832000000
LN00667,BRW00667,Agriculture,Term Loan,B,6,Senior Unsecured,Unsecured,0.0000000000,2025-11-15,2033-11-15,8.0000000000,3.5300000000,3.5300000000,0.0000000000,0.0000000000,3.5300000000,0.0506851354,0.4500000000,0.4571000000
LN00668,BRW00668,IT Services,Term Loan,CCC,7,Senior Unsecured,Unsecured,0.0000000000,2025-09-08,2035-05-21,9.7000000000,2.0100000000,2.0100000000,0.0000000000,0.0000000000,2.0100000000,0.1519573018,0.4500000000,1.2670000000
LN00669,BRW00669,Retail & Consumer,Term Loan,BBB,4,Senior Secured,Real Estate,0.9390000000,2023-10-08,2030-10-07,7.0000000000,1.6600000000,1.6600000000,0.0000000000,0.0000000000,1.6600000000,0.0033590294,0.1528000000,0.0900000000
LN00670,BRW00670,Real Estate,Term Loan,BBB,4,Senior Secured,Cash / Marketable Securities,0.9330000000,2023-11-16,2028-12-21,5.1000000000,1.5800000000,1.5800000000,0.0000000000,0.0000000000,1.5800000000,0.0034246234,0.1000000000,0.0816000000
LN00671,BRW00671,IT Services,Term Loan,A,3,Subordinated,Receivables,0.7930000000,2023-12-07,2030-05-01,6.4000000000,2.4200000000,2.4200000000,0.0000000000,0.0000000000,2.4200000000,0.0010614515,0.3923000000,0.0700000000
LN00672,BRW00672,Manufacturing,Working Capital / Revolving,BB,5,Senior Unsecured,Unsecured,0.0000000000,2025-07-15,2026-07-15,1.0000000000,1.5900000000,0.9100000000,0.6800000000,0.7500000000,1.4200000000,0.0149232228,0.4500000000,0.1801000000
LN00673,BRW00673,Agriculture,Term Loan,CCC,7,Senior Secured,Cash / Marketable Securities,0.8550000000,2024-02-11,2030-02-10,6.0000000000,0.9400000000,0.9400000000,0.0000000000,0.0000000000,0.9400000000,0.1480381736,0.1000000000,1.2440000000
LN00674,BRW00674,Manufacturing,Term Loan,BB,5,Senior Secured,Plant & Machinery,0.8110000000,2025-12-02,2034-06-02,8.5000000000,5.5800000000,5.5800000000,0.0000000000,0.0000000000,5.5800000000,0.0144885366,0.2365000000,0.1781000000
LN00675,BRW00675,Healthcare,Term Loan,BB,5,Senior Secured,Real Estate,0.8580000000,2025-08-02,2032-09-07,7.1000000000,5.6700000000,5.6700000000,0.0000000000,0.0000000000,5.6700000000,0.0143771956,0.1698000000,0.1758000000
LN00676,BRW00676,Retail & Consumer,Term Loan,BBB,4,Subordinated,Unsecured,0.0000000000,2024-02-27,2027-04-04,3.1000000000,24.5500000000,24.5500000000,0.0000000000,0.0000000000,24.5500000000,0.0029023562,0.6500000000,0.0697000000
LN00677,BRW00677,Infrastructure,Term Loan,B,6,Senior Secured,Receivables,0.9190000000,2023-09-07,2030-09-06,7.0000000000,2.3000000000,2.3000000000,0.0000000000,0.0000000000,2.3000000000,0.0438462985,0.1893000000,0.4092000000
LN00678,BRW00678,Energy & Power,Term Loan,BBB,4,Senior Secured,Cash / Marketable Securities,0.4250000000,2023-07-12,2030-12-04,7.4000000000,6.0300000000,6.0300000000,0.0000000000,0.0000000000,6.0300000000,0.0026196925,0.2163000000,0.0831000000
LN00679,BRW00679,Agriculture,Working Capital / Revolving,A,3,Subordinated,Unsecured,0.0000000000,2022-03-19,2023-03-19,1.0000000000,6.1300000000,3.0800000000,3.0500000000,0.7500000000,5.3675000000,0.0010839610,0.6500000000,0.0769000000
LN00680,BRW00680,Energy & Power,Term Loan,BBB,4,Senior Unsecured,Unsecured,0.0000000000,2022-09-23,2028-08-16,5.9000000000,3.4800000000,3.4800000000,0.0000000000,0.0000000000,3.4800000000,0.0029514656,0.4500000000,0.0920000000
LN00681,BRW00681,Energy & Power,Working Capital / Revolving,AA,2,Senior Secured,Plant & Machinery,0.8050000000,2024-08-20,2025-08-20,1.0000000000,9.4300000000,5.6500000000,3.7800000000,0.7500000000,8.4850000000,0.0005646027,0.2373000000,0.0577000000
LN00682,BRW00682,Manufacturing,Term Loan,A,3,Senior Secured,Cash / Marketable Securities,1.0780000000,2023-01-06,2029-04-25,6.3000000000,9.7300000000,9.7300000000,0.0000000000,0.0000000000,9.7300000000,0.0010336663,0.1000000000,0.0665000000
LN00683,BRW00683,Real Estate,Term Loan,AAA,1,Senior Secured,Real Estate,0.6550000000,2025-10-12,2032-06-24,6.7000000000,6.2200000000,6.2200000000,0.0000000000,0.0000000000,6.2200000000,0.0001721106,0.2124000000,0.0535000000
LN00684,BRW00684,Agriculture,Term Loan,BBB,4,Senior Unsecured,Unsecured,0.0000000000,2022-09-18,2026-03-19,3.5000000000,3.4700000000,3.4700000000,0.0000000000,0.0000000000,3.4700000000,0.0026917710,0.4500000000,0.0891000000
LN00685,BRW00685,Textiles,Term Loan,BB,5,Senior Secured,Receivables,0.9010000000,2024-08-10,2033-11-27,9.3000000000,3.1300000000,3.1300000000,0.0000000000,0.0000000000,3.1300000000,0.0136761891,0.1923000000,0.1745000000
LN00686,BRW00686,IT Services,Term Loan,BBB,4,Subordinated,Plant & Machinery,0.3360000000,2023-02-08,2032-07-03,9.4000000000,1.1400000000,1.1400000000,0.0000000000,0.0000000000,1.1400000000,0.0034281624,0.5625000000,0.0892000000
LN00687,BRW00687,IT Services,Working Capital / Revolving,BBB,4,Subordinated,Unsecured,0.0000000000,2022-04-05,2023-04-05,1.0000000000,2.0000000000,0.9800000000,1.0200000000,0.7500000000,1.7450000000,0.0027468338,0.6500000000,0.0828000000
LN00688,BRW00688,Textiles,Working Capital / Revolving,CCC,7,Senior Secured,Plant & Machinery,0.8230000000,2023-05-03,2024-05-02,1.0000000000,2.4100000000,1.3200000000,1.0900000000,0.7500000000,2.1375000000,0.1507090054,0.2348000000,1.2726000000
LN00689,BRW00689,Textiles,Term Loan,BB,5,Senior Unsecured,Unsecured,0.0000000000,2022-06-18,2025-11-10,3.4000000000,1.4600000000,1.4600000000,0.0000000000,0.0000000000,1.4600000000,0.0169627962,0.4500000000,0.2018000000
LN00690,BRW00690,IT Services,Term Loan,BBB,4,Senior Secured,Receivables,0.5550000000,2026-02-15,2033-04-28,7.2000000000,6.9600000000,6.9600000000,0.0000000000,0.0000000000,6.9600000000,0.0034294735,0.2529000000,0.0932000000
LN00691,BRW00691,Retail & Consumer,Term Loan,BBB,4,Senior Secured,Cash / Marketable Securities,0.9700000000,2025-06-24,2031-06-24,6.0000000000,14.8300000000,14.8300000000,0.0000000000,0.0000000000,14.8300000000,0.0027627244,0.1000000000,0.0844000000
LN00692,BRW00692,Healthcare,Term Loan,B,6,Senior Unsecured,Plant & Machinery,0.9510000000,2023-08-24,2031-08-24,8.0000000000,1.8100000000,1.8100000000,0.0000000000,0.0000000000,1.8100000000,0.0432367647,0.2789000000,0.4041000000
LN00693,BRW00693,IT Services,Term Loan,A,3,Senior Secured,Plant & Machinery,0.8250000000,2023-12-28,2027-04-16,3.3000000000,5.9500000000,5.9500000000,0.0000000000,0.0000000000,5.9500000000,0.0008960805,0.2345000000,0.0710000000
LN00694,BRW00694,Infrastructure,Working Capital / Revolving,BBB,4,Senior Secured,Receivables,0.9260000000,2025-09-05,2026-09-05,1.0000000000,1.5900000000,0.8500000000,0.7400000000,0.7500000000,1.4050000000,0.0026069956,0.1879000000,0.0849000000
LN00695,BRW00695,Infrastructure,Working Capital / Revolving,B,6,Senior Secured,Plant & Machinery,0.7930000000,2023-04-10,2024-04-09,1.0000000000,3.3000000000,1.7600000000,1.5400000000,0.7500000000,2.9150000000,0.0454268636,0.2390000000,0.4225000000
LN00696,BRW00696,Healthcare,Term Loan,BBB,4,Senior Secured,Receivables,0.8610000000,2025-12-05,2033-07-11,7.6000000000,2.2500000000,2.2500000000,0.0000000000,0.0000000000,2.2500000000,0.0030617127,0.1993000000,0.0827000000
LN00697,BRW00697,Infrastructure,Term Loan,BB,5,Senior Secured,Real Estate,0.6870000000,2022-03-06,2029-07-29,7.4000000000,8.1800000000,8.1800000000,0.0000000000,0.0000000000,8.1800000000,0.0168560196,0.2058000000,0.2005000000
LN00698,BRW00698,Retail & Consumer,Working Capital / Revolving,BB,5,Senior Unsecured,Unsecured,0.0000000000,2025-07-15,2026-07-15,1.0000000000,2.2700000000,1.3300000000,0.9400000000,0.7500000000,2.0350000000,0.0151674850,0.4500000000,0.1897000000
LN00699,BRW00699,Real Estate,Working Capital / Revolving,BB,5,Senior Unsecured,Unsecured,0.0000000000,2024-05-16,2025-05-16,1.0000000000,12.3300000000,8.1700000000,4.1600000000,0.7500000000,11.2900000000,0.0155669530,0.4500000000,0.1808000000
LN00700,BRW00700,Energy & Power,Term Loan,BBB,4,Senior Unsecured,Unsecured,0.0000000000,2022-11-07,2031-08-26,8.8000000000,3.5100000000,3.5100000000,0.0000000000,0.0000000000,3.5100000000,0.0027316805,0.4500000000,0.0805000000
LN00701,BRW00701,IT Services,Term Loan,A,3,Senior Unsecured,Unsecured,0.0000000000,2024-02-05,2031-04-18,7.2000000000,2.3400000000,2.3400000000,0.0000000000,0.0000000000,2.3400000000,0.0010901751,0.4500000000,0.0705000000
LN00702,BRW00702,Real Estate,Working Capital / Revolving,BBB,4,Senior Secured,Receivables,1.0260000000,2023-03-04,2024-03-03,1.0000000000,1.2800000000,0.3700000000,0.9100000000,0.7500000000,1.0525000000,0.0031060100,0.1750000000,0.0873000000
LN00703,BRW00703,Real Estate,Working Capital / Revolving,A,3,Senior Unsecured,Unsecured,0.0000000000,2023-05-02,2024-05-01,1.0000000000,5.7700000000,3.9200000000,1.8500000000,0.7500000000,5.3075000000,0.0011092410,0.4500000000,0.0663000000
LN00704,BRW00704,Textiles,Term Loan,B,6,Senior Secured,Real Estate,0.5590000000,2022-05-07,2027-07-19,5.2000000000,10.9700000000,10.9700000000,0.0000000000,0.0000000000,10.9700000000,0.0567326466,0.2326000000,0.5233000000
LN00705,BRW00705,Textiles,Working Capital / Revolving,BBB,4,Senior Secured,Receivables,1.0050000000,2024-04-18,2025-04-18,1.0000000000,5.8900000000,3.6900000000,2.2000000000,0.7500000000,5.3400000000,0.0028631107,0.1750000000,0.0850000000
LN00706,BRW00706,Agriculture,Term Loan,BB,5,Subordinated,Unsecured,0.0000000000,2022-03-23,2029-07-10,7.3000000000,42.0500000000,42.0500000000,0.0000000000,0.0000000000,42.0500000000,0.0131576058,0.6500000000,0.1679000000
LN00707,BRW00707,IT Services,Working Capital / Revolving,BB,5,Senior Secured,Plant & Machinery,0.8160000000,2024-02-01,2025-01-31,1.0000000000,18.7200000000,15.3100000000,3.4100000000,0.7500000000,17.8675000000,0.0137666803,0.2358000000,0.1789000000
LN00708,BRW00708,Energy & Power,Term Loan,BB,5,Senior Secured,Cash / Marketable Securities,0.6230000000,2022-07-27,2029-11-13,7.3000000000,3.3000000000,3.3000000000,0.0000000000,0.0000000000,3.3000000000,0.0147202870,0.1537000000,0.1755000000
LN00709,BRW00709,Retail & Consumer,Term Loan,BBB,4,Senior Secured,Plant & Machinery,0.8350000000,2023-03-21,2031-04-26,8.1000000000,3.2600000000,3.2600000000,0.0000000000,0.0000000000,3.2600000000,0.0034011243,0.2331000000,0.0868000000
LN00710,BRW00710,Financial Services,Term Loan,BBB,4,Senior Secured,Receivables,0.5330000000,2025-08-18,2034-01-11,8.4000000000,7.1700000000,7.1700000000,0.0000000000,0.0000000000,7.1700000000,0.0028904788,0.2567000000,0.0769000000
LN00711,BRW00711,Infrastructure,Term Loan,CCC,7,Senior Secured,Receivables,0.8770000000,2023-07-29,2026-12-21,3.4000000000,1.9400000000,1.9400000000,0.0000000000,0.0000000000,1.9400000000,0.1621847946,0.1966000000,1.3566000000
LN00712,BRW00712,Textiles,Term Loan,BB,5,Senior Secured,Real Estate,1.0260000000,2022-08-18,2027-09-23,5.1000000000,14.3900000000,14.3900000000,0.0000000000,0.0000000000,14.3900000000,0.0151821451,0.1400000000,0.1740000000
LN00713,BRW00713,Financial Services,Term Loan,B,6,Senior Unsecured,Unsecured,0.0000000000,2025-08-25,2031-07-19,5.9000000000,6.4300000000,6.4300000000,0.0000000000,0.0000000000,6.4300000000,0.0452421316,0.4500000000,0.4257000000
LN00714,BRW00714,Real Estate,Term Loan,B,6,Senior Secured,Cash / Marketable Securities,0.8920000000,2022-10-16,2027-02-02,4.3000000000,5.7900000000,5.7900000000,0.0000000000,0.0000000000,5.7900000000,0.0473110118,0.1000000000,0.4406000000
LN00715,BRW00715,Energy & Power,Term Loan,BB,5,Senior Secured,Cash / Marketable Securities,0.4740000000,2025-09-28,2031-08-22,5.9000000000,8.9100000000,8.9100000000,0.0000000000,0.0000000000,8.9100000000,0.0156893635,0.2008000000,0.1841000000
LN00716,BRW00716,Real Estate,Working Capital / Revolving,A,3,Senior Secured,Receivables,0.7890000000,2022-08-29,2023-08-29,1.0000000000,25.1000000000,19.8500000000,5.2500000000,0.7500000000,23.7875000000,0.0010518560,0.2118000000,0.0679000000
LN00717,BRW00717,Infrastructure,Working Capital / Revolving,BB,5,Senior Unsecured,Unsecured,0.0000000000,2022-12-28,2023-12-28,1.0000000000,5.3200000000,3.8900000000,1.4300000000,0.7500000000,4.9625000000,0.0147064189,0.4500000000,0.1815000000
LN00718,BRW00718,Real Estate,Working Capital / Revolving,A,3,Senior Secured,Receivables,0.5760000000,2025-07-22,2026-07-22,1.0000000000,4.0000000000,2.4200000000,1.5800000000,0.7500000000,3.6050000000,0.0009185937,0.2492000000,0.0617000000
LN00719,BRW00719,Healthcare,Term Loan,BB,5,Senior Secured,Receivables,0.7380000000,2023-03-30,2028-01-16,4.8000000000,20.2600000000,20.2600000000,0.0000000000,0.0000000000,20.2600000000,0.0159985805,0.2208000000,0.1890000000
LN00720,BRW00720,Real Estate,Term Loan,CCC,7,Senior Secured,Receivables,1.0330000000,2025-09-11,2033-09-11,8.0000000000,11.7900000000,11.7900000000,0.0000000000,0.0000000000,11.7900000000,0.1350992869,0.1750000000,1.1443000000
LN00721,BRW00721,Healthcare,Working Capital / Revolving,BBB,4,Senior Unsecured,Unsecured,0.0000000000,2023-11-17,2024-11-16,1.0000000000,3.2500000000,1.0600000000,2.1900000000,0.7500000000,2.7025000000,0.0033930027,0.4500000000,0.0782000000
LN00722,BRW00722,Agriculture,Term Loan,BBB,4,Senior Unsecured,Receivables,1.2460000000,2022-06-13,2029-05-07,6.9000000000,4.5000000000,4.5000000000,0.0000000000,0.0000000000,4.5000000000,0.0027191132,0.2250000000,0.0852000000
LN00723,BRW00723,Energy & Power,Term Loan,AA,2,Senior Unsecured,Unsecured,0.0000000000,2025-05-03,2031-01-13,5.7000000000,5.4500000000,5.4500000000,0.0000000000,0.0000000000,5.4500000000,0.0004410969,0.4500000000,0.0552000000
LN00724,BRW00724,Textiles,Working Capital / Revolving,CCC,7,Senior Unsecured,Unsecured,0.0000000000,2025-06-19,2026-06-19,1.0000000000,6.4400000000,0.9800000000,5.4600000000,0.7500000000,5.0750000000,0.1498941466,0.4500000000,1.2586000000
LN00725,BRW00725,Manufacturing,Working Capital / Revolving,A,3,Senior Secured,Receivables,0.9950000000,2024-06-18,2025-06-18,1.0000000000,1.1500000000,0.5700000000,0.5800000000,0.7500000000,1.0050000000,0.0010058649,0.1759000000,0.0622000000
LN00726,BRW00726,Textiles,Term Loan,AA,2,Senior Secured,Real Estate,0.5110000000,2024-09-06,2030-04-13,5.6000000000,0.9600000000,0.9600000000,0.0000000000,0.0000000000,0.9600000000,0.0005012289,0.2427000000,0.0712000000
LN00727,BRW00727,IT Services,Working Capital / Revolving,A,3,Senior Secured,Real Estate,0.7110000000,2025-12-20,2026-12-20,1.0000000000,1.8500000000,0.9500000000,0.9000000000,0.7500000000,1.6250000000,0.0009810002,0.2008000000,0.0621000000
LN00728,BRW00728,Agriculture,Term Loan,AA,2,Senior Secured,Cash / Marketable Securities,0.7370000000,2024-04-30,2028-12-05,4.6000000000,1.7100000000,1.7100000000,0.0000000000,0.0000000000,1.7100000000,0.0005742222,0.1179000000,0.0563000000
LN00729,BRW00729,Infrastructure,Working Capital / Revolving,BBB,4,Senior Secured,Receivables,0.9570000000,2025-02-13,2026-02-13,1.0000000000,2.3500000000,0.9900000000,1.3600000000,0.7500000000,2.0100000000,0.0029876526,0.1825000000,0.0846000000
LN00730,BRW00730,Healthcare,Term Loan,BBB,4,Senior Secured,Receivables,0.8730000000,2025-08-31,2029-04-06,3.6000000000,8.4500000000,8.4500000000,0.0000000000,0.0000000000,8.4500000000,0.0029801519,0.1973000000,0.0818000000
LN00731,BRW00731,Energy & Power,Term Loan,BBB,4,Senior Secured,Plant & Machinery,0.8410000000,2025-01-20,2031-01-20,6.0000000000,3.7900000000,3.7900000000,0.0000000000,0.0000000000,3.7900000000,0.0029295895,0.2322000000,0.0759000000
LN00732,BRW00732,Financial Services,Term Loan,AA,2,Senior Unsecured,Unsecured,0.0000000000,2026-01-30,2030-05-19,4.3000000000,5.4500000000,5.4500000000,0.0000000000,0.0000000000,5.4500000000,0.0004350239,0.4500000000,0.0661000000
LN00733,BRW00733,Retail & Consumer,Term Loan,A,3,Senior Secured,Receivables,0.9930000000,2022-06-25,2031-09-06,9.2000000000,1.3200000000,1.3200000000,0.0000000000,0.0000000000,1.3200000000,0.0010278870,0.1762000000,0.0583000000
LN00734,BRW00734,Textiles,Working Capital / Revolving,BBB,4,Senior Unsecured,Unsecured,0.0000000000,2022-03-01,2023-03-01,1.0000000000,2.8200000000,2.0700000000,0.7500000000,0.7500000000,2.6325000000,0.0027551710,0.4500000000,0.0769000000
LN00735,BRW00735,Infrastructure,Term Loan,AA,2,Senior Unsecured,Unsecured,0.0000000000,2024-09-07,2031-10-14,7.1000000000,8.0600000000,8.0600000000,0.0000000000,0.0000000000,8.0600000000,0.0005206413,0.4500000000,0.0613000000
LN00736,BRW00736,Real Estate,Working Capital / Revolving,BB,5,Senior Secured,Receivables,0.7700000000,2022-08-21,2023-08-21,1.0000000000,8.1300000000,4.8500000000,3.2800000000,0.7500000000,7.3100000000,0.0129787506,0.2153000000,0.1678000000
LN00737,BRW00737,Infrastructure,Working Capital / Revolving,A,3,Senior Secured,Plant & Machinery,0.4900000000,2024-04-22,2025-04-22,1.0000000000,2.1700000000,1.2200000000,0.9500000000,0.7500000000,1.9325000000,0.0011444161,0.2813000000,0.0756000000
LN00738,BRW00738,Agriculture,Term Loan,BBB,4,Senior Unsecured,Unsecured,0.0000000000,2022-06-29,2026-11-22,4.4000000000,5.2700000000,5.2700000000,0.0000000000,0.0000000000,5.2700000000,0.0029721046,0.4500000000,0.0893000000
LN00739,BRW00739,Healthcare,Working Capital / Revolving,BBB,4,Senior Unsecured,Unsecured,0.0000000000,2025-06-20,2026-06-20,1.0000000000,40.4000000000,14.2300000000,26.1700000000,0.7500000000,33.8575000000,0.0033570798,0.4500000000,0.0861000000
LN00740,BRW00740,Financial Services,Term Loan,BBB,4,Senior Secured,Plant & Machinery,0.6430000000,2025-01-07,2033-08-14,8.6000000000,4.4000000000,4.4000000000,0.0000000000,0.0000000000,4.4000000000,0.0029780051,0.2600000000,0.0717000000
LN00741,BRW00741,Real Estate,Term Loan,AAA,1,Senior Secured,Plant & Machinery,0.7470000000,2023-03-10,2027-02-01,3.9000000000,2.2400000000,2.2400000000,0.0000000000,0.0000000000,2.2400000000,0.0001736198,0.2455000000,0.0633000000
LN00742,BRW00742,Infrastructure,Term Loan,A,3,Senior Unsecured,Receivables,1.1060000000,2025-04-12,2033-06-24,8.2000000000,3.7700000000,3.7700000000,0.0000000000,0.0000000000,3.7700000000,0.0010966641,0.2250000000,0.0761000000
LN00743,BRW00743,Textiles,Working Capital / Revolving,B,6,Senior Unsecured,Unsecured,0.0000000000,2022-11-07,2023-11-07,1.0000000000,4.9100000000,1.4300000000,3.4800000000,0.7500000000,4.0400000000,0.0522227559,0.4500000000,0.4840000000
LN00744,BRW00744,Retail & Consumer,Working Capital / Revolving,AAA,1,Senior Secured,Real Estate,0.7180000000,2024-06-13,2025-06-13,1.0000000000,3.8500000000,0.3800000000,3.4700000000,0.7500000000,2.9825000000,0.0002169054,0.1992000000,0.0640000000
LN00745,BRW00745,Real Estate,Working Capital / Revolving,BBB,4,Senior Secured,Cash / Marketable Securities,0.5080000000,2024-07-16,2025-07-16,1.0000000000,4.3400000000,2.8600000000,1.4800000000,0.7500000000,3.9700000000,0.0029353529,0.1899000000,0.0775000000
LN00746,BRW00746,Textiles,Working Capital / Revolving,BBB,4,Senior Unsecured,Unsecured,0.0000000000,2024-05-04,2025-05-04,1.0000000000,1.0600000000,0.5700000000,0.4900000000,0.7500000000,0.9375000000,0.0031241431,0.4500000000,0.0824000000
LN00747,BRW00747,Retail & Consumer,Working Capital / Revolving,BBB,4,Senior Secured,Receivables,0.7400000000,2022-12-15,2023-12-15,1.0000000000,1.7100000000,1.2300000000,0.4800000000,0.7500000000,1.5900000000,0.0033206061,0.2205000000,0.0962000000
LN00748,BRW00748,Textiles,Term Loan,BBB,4,Senior Unsecured,Unsecured,0.0000000000,2026-02-21,2034-01-15,7.9000000000,3.8600000000,3.8600000000,0.0000000000,0.0000000000,3.8600000000,0.0031179589,0.4500000000,0.0779000000
LN00749,BRW00749,Textiles,Working Capital / Revolving,BB,5,Senior Secured,Plant & Machinery,0.8920000000,2023-02-22,2024-02-22,1.0000000000,3.8000000000,2.2900000000,1.5100000000,0.7500000000,3.4225000000,0.0143145314,0.2251000000,0.1688000000
LN00750,BRW00750,Textiles,Term Loan,B,6,Senior Secured,Receivables,0.9550000000,2023-01-11,2032-03-24,9.2000000000,2.5400000000,2.5400000000,0.0000000000,0.0000000000,2.5400000000,0.0524379439,0.1829000000,0.4842000000
