Loan ID,Scenario,Stressed PD,Stressed LGD,EAD,Capital K,Required Capital,RWA,Expected Loss
LN00001,Baseline,0.007577164927,0.198300000000,2.537500000000,0.022753043037,0.057735846707,0.721698083840,0.003812725205
LN00002,Baseline,0.000845310556,0.450000000000,5.220000000000,0.035264814051,0.184082329346,2.301029116825,0.001985634497
LN00003,Baseline,0.035385215980,0.149300000000,7.770000000000,0.043845900025,0.340682643194,4.258533039927,0.041049009035
LN00004,Baseline,0.008318089516,0.209600000000,35.230000000000,0.039579278885,1.394377995109,17.429724938862,0.061422503147
LN00005,Baseline,0.000088597475,0.258000000000,11.470000000000,0.006292233157,0.072171914308,0.902148928853,0.000262182965
LN00006,Baseline,0.122528977336,0.210400000000,11.890000000000,0.088249299259,1.049284168195,13.116052102437,0.306525351327
LN00007,Baseline,0.007813079468,0.116300000000,98.350000000000,0.023817445009,2.342445716620,29.280571457751,0.089366823327
LN00008,Baseline,0.009882721567,0.312200000000,7.510000000000,0.068618915842,0.515328057975,6.441600724681,0.023171246405
LN00009,Baseline,0.000170436378,0.301100000000,6.697500000000,0.002594531938,0.017376877653,0.217210970667,0.000343704941
LN00010,Baseline,0.000896333283,0.202500000000,9.060000000000,0.016344692014,0.148082909649,1.851036370611,0.001644457857
LN00011,Baseline,0.000991022177,0.210000000000,1.630000000000,0.017824873346,0.029054543554,0.363181794428,0.000339226891
LN00012,Baseline,0.034124966580,0.226900000000,2.880000000000,0.066102982855,0.190376590623,2.379707382784,0.022299710161
LN00013,Baseline,0.006873506398,0.225800000000,2.700000000000,0.044352995019,0.119753086551,1.496913581881,0.004190501911
LN00014,Baseline,0.033957417155,0.450000000000,7.937500000000,0.091670385901,0.727633688089,9.095421101110,0.121291649401
LN00015,Baseline,0.001071308297,0.250500000000,3.770000000000,0.022103317981,0.083329508789,1.041618859865,0.001011727486
LN00016,Baseline,0.000167353389,0.450000000000,5.150000000000,0.014771645269,0.076073973134,0.950924664172,0.000387841478
LN00017,Baseline,0.007337448256,0.450000000000,11.895000000000,0.050838769852,0.604727167387,7.559089592337,0.039275526155
LN00018,Baseline,0.000067617009,0.450000000000,10.620000000000,0.008048102470,0.085470848235,1.068385602938,0.000323141686
LN00019,Baseline,0.033580369893,0.450000000000,3.810000000000,0.130638645877,0.497733240792,6.221665509906,0.057573544182
LN00020,Baseline,0.008799269024,0.231700000000,2.290000000000,0.049224336017,0.112723729479,1.409046618489,0.004668830549
LN00021,Baseline,0.007514729404,0.450000000000,13.950000000000,0.091017521050,1.269694418643,15.871180233043,0.047173713834
LN00022,Baseline,0.000936941317,0.450000000000,7.820000000000,0.014256253461,0.111483902062,1.393548775776,0.003297096493
LN00023,Baseline,0.138632716187,0.450000000000,0.900000000000,0.195236833757,0.175713150381,2.196414379765,0.056146250056
LN00024,Baseline,0.043749233373,0.450000000000,3.280000000000,0.123486303409,0.405035075180,5.062938439754,0.064573868458
LN00025,Baseline,0.006734571898,0.450000000000,5.290000000000,0.087788066731,0.464398873005,5.804985912558,0.016031648403
LN00026,Baseline,0.000236626977,0.650000000000,9.770000000000,0.026464362541,0.258556822029,3.231960275357,0.001502699619
LN00027,Baseline,0.000955802672,0.100000000000,11.140000000000,0.008335848762,0.092861355204,1.160766940054,0.001064764176
LN00028,Baseline,0.000071732065,0.288500000000,5.097500000000,0.001227084462,0.006255063046,0.078188288071,0.000105491236
LN00029,Baseline,0.000229759573,0.450000000000,8.050000000000,0.018046077041,0.145270920183,1.815886502286,0.000832304055
LN00030,Baseline,0.009618854314,0.184000000000,4.780000000000,0.040129246780,0.191817799608,2.397722495099,0.008459974746
LN00031,Baseline,0.007556845888,0.650000000000,2.280000000000,0.131706417188,0.300290631188,3.753632889844,0.011199245606
LN00032,Baseline,0.153382943450,0.119500000000,3.450000000000,0.053168493323,0.183431301964,2.292891274552,0.063235953011
LN00033,Baseline,0.000893985569,0.450000000000,4.570000000000,0.034024622419,0.155492524456,1.943656555706,0.001838481322
LN00034,Baseline,0.000949859546,0.120600000000,3.982500000000,0.003858368666,0.015365953213,0.192074415165,0.000456207566
LN00035,Baseline,0.001097181178,0.223800000000,0.605000000000,0.007933433426,0.004799727222,0.059996590281,0.000148557234
LN00036,Baseline,0.000195494629,0.450000000000,3.010000000000,0.016612187876,0.050002685505,0.625033568817,0.000264797475
LN00037,Baseline,0.000233187057,0.198300000000,4.740000000000,0.007431046609,0.035223160928,0.440289511603,0.000219182308
LN00038,Baseline,0.000843814048,0.244600000000,2.997500000000,0.007185750681,0.021539287666,0.269241095831,0.000618674756
LN00039,Baseline,0.000231997146,0.229000000000,3.500000000000,0.009229320159,0.032302620557,0.403782756960,0.000185945713
LN00040,Baseline,0.008732334467,0.187000000000,7.300000000000,0.038383731644,0.280201241004,3.502515512546,0.011920509781
LN00041,Baseline,0.000806736315,0.450000000000,1.520000000000,0.034442123910,0.052352028343,0.654400354283,0.000551807639
LN00042,Baseline,0.037740432988,0.450000000000,0.805000000000,0.095109808527,0.076563395864,0.957042448302,0.013671471850
LN00043,Baseline,0.007769050681,0.102100000000,3.075000000000,0.011855826934,0.036456667821,0.455708347759,0.002439151729
LN00044,Baseline,0.000757273129,0.450000000000,9.620000000000,0.028599208530,0.275124386062,3.439054825772,0.003278235376
LN00045,Baseline,0.032477012444,0.207100000000,20.807500000000,0.041548689207,0.864524350685,10.806554383562,0.139951021885
LN00046,Baseline,0.036812132137,0.450000000000,9.800000000000,0.130406231053,1.277981064319,15.974763303987,0.162341502725
LN00047,Baseline,0.000736411810,0.210000000000,1.030000000000,0.014370237462,0.014801344586,0.185016807330,0.000159285874
LN00048,Baseline,0.000788432543,0.252600000000,3.550000000000,0.013388032976,0.047527517064,0.594093963295,0.000707011115
LN00049,Baseline,0.009163203872,0.232900000000,5.790000000000,0.050080058000,0.289963535821,3.624544197764,0.012356497952
LN00050,Baseline,0.000224262292,0.450000000000,5.350000000000,0.017822902276,0.095352527178,1.191906589719,0.000539911468
LN00051,Baseline,0.000226842582,0.315700000000,7.690000000000,0.008454651192,0.065016267664,0.812703345800,0.000550713223
LN00052,Baseline,0.000023029291,0.238300000000,1.790000000000,0.003373032526,0.006037728222,0.075471602777,0.000009823305
LN00053,Baseline,0.009740328762,0.450000000000,4.342500000000,0.057951735280,0.251655410455,3.145692630687,0.019033819942
LN00054,Baseline,0.008708560971,0.450000000000,6.820000000000,0.080232313530,0.547184378273,6.839804728415,0.026726573621
LN00055,Baseline,0.007131539146,0.258200000000,10.230000000000,0.051341058751,0.525219031020,6.565237887749,0.018837147659
LN00056,Baseline,0.007189882246,0.450000000000,2.000000000000,0.089718968696,0.179437937393,2.242974217407,0.006470894021
LN00057,Baseline,0.000983958569,0.378000000000,3.170000000000,0.031970348036,0.101346003274,1.266825040927,0.001179038195
LN00058,Baseline,0.007286494318,0.265000000000,0.275000000000,0.029837279919,0.008205251978,0.102565649723,0.000531003273
LN00059,Baseline,0.000207466676,0.450000000000,1.920000000000,0.004536122512,0.008709355224,0.108866940299,0.000179251208
LN00060,Baseline,0.000248569034,0.245100000000,2.477500000000,0.002850233395,0.007061453236,0.088268165453,0.000150939880
LN00061,Baseline,0.006732186392,0.450000000000,1.620000000000,0.087777587188,0.142199691244,1.777496140547,0.004907763880
LN00062,Baseline,0.000735548691,0.263000000000,5.290000000000,0.019207828382,0.101609412140,1.270117651753,0.001023346827
LN00063,Baseline,0.010104704146,0.450000000000,4.240000000000,0.099530329712,0.422008597980,5.275107474745,0.019279775510
LN00064,Baseline,0.008676928187,0.123200000000,0.470000000000,0.024963417412,0.011732806184,0.146660077296,0.000502428850
LN00065,Baseline,0.007134450475,0.199500000000,5.560000000000,0.039674352063,0.220589397471,2.757367468387,0.007913675156
LN00066,Baseline,0.009765989214,0.650000000000,1.770000000000,0.129201112233,0.228685968653,2.858574608160,0.011235770591
LN00067,Baseline,0.009706386214,0.183800000000,7.280000000000,0.040190261008,0.292585100139,3.657313751734,0.012987765963
LN00068,Baseline,0.000924524870,0.450000000000,1.240000000000,0.036890956089,0.045744785551,0.571809819387,0.000515884877
LN00069,Baseline,0.000086560050,0.650000000000,4.620000000000,0.015994881602,0.073896353000,0.923704412504,0.000259939831
LN00070,Baseline,0.000827327341,0.450000000000,3.122500000000,0.013032119184,0.040692792152,0.508659901897,0.001162498330
LN00071,Baseline,0.000170589728,0.124200000000,5.227500000000,0.001070983744,0.005598567520,0.069982094002,0.000110756319
LN00072,Baseline,0.000946510417,0.450000000000,5.080000000000,0.029863724686,0.151707721404,1.896346517548,0.002163722812
LN00073,Baseline,0.036102082543,0.243900000000,2.995000000000,0.050751963597,0.152002130973,1.900026637160,0.026371867307
LN00074,Baseline,0.000220512880,0.100000000000,0.960000000000,0.003926501464,0.003769441406,0.047118017572,0.000021169237
LN00075,Baseline,0.000093719769,0.450000000000,0.867500000000,0.002386515151,0.002070301893,0.025878773667,0.000036585855
LN00076,Baseline,0.000736104557,0.247400000000,2.252500000000,0.006579513746,0.014820354713,0.185254433918,0.000410207882
LN00077,Baseline,0.000946943636,0.253100000000,4.440000000000,0.020999873526,0.093239438457,1.165492980715,0.001064141168
LN00078,Baseline,0.007480212714,0.295300000000,2.157500000000,0.033673726212,0.072651064303,0.908138303783,0.004765716452
LN00079,Baseline,0.009683539799,0.450000000000,7.745000000000,0.057802798124,0.447682671469,5.596033393356,0.033749557083
LN00080,Baseline,0.007554846464,0.450000000000,2.970000000000,0.051560170158,0.153133705370,1.914171317129,0.010097052299
LN00081,Baseline,0.008766920967,0.223800000000,1.505000000000,0.027493356605,0.041377501690,0.517218771125,0.002952865553
LN00082,Baseline,0.000931041068,0.450000000000,3.390000000000,0.037021169655,0.125501765132,1.568772064148,0.001420303150
LN00083,Baseline,0.037494879390,0.168000000000,5.620000000000,0.048167586954,0.270701838681,3.383772983512,0.035401165325
LN00084,Baseline,0.000221691429,0.233600000000,5.325000000000,0.002481879683,0.013216009311,0.165200116388,0.000275766402
LN00085,Baseline,0.000027013222,0.450000000000,29.320000000000,0.006723951944,0.197146271003,2.464328387543,0.000356412451
LN00086,Baseline,0.000084751913,0.650000000000,2.300000000000,0.013301858406,0.030594274334,0.382428429170,0.000126704110
LN00087,Baseline,0.009279003405,0.197100000000,4.160000000000,0.035017934523,0.145674607618,1.820932595220,0.007608188936
LN00088,Baseline,0.001096695127,0.214500000000,6.860000000000,0.019147870756,0.131354393383,1.641929917288,0.001613753979
LN00089,Baseline,0.000200214483,0.211400000000,4.380000000000,0.007899816533,0.034601196416,0.432514955197,0.000185384996
LN00090,Baseline,0.000916419945,0.270100000000,2.435000000000,0.008421907121,0.020507343839,0.256341797985,0.000602723441
LN00091,Baseline,0.000167604601,0.100000000000,0.950000000000,0.003413259086,0.003242596131,0.040532451641,0.000015922437
LN00092,Baseline,0.009410374197,0.244800000000,2.417500000000,0.031048787334,0.075060443381,0.938255542261,0.005569097091
LN00093,Baseline,0.000918535181,0.650000000000,1.350000000000,0.020301070983,0.027406445827,0.342580572832,0.000806014621
LN00094,Baseline,0.000876746760,0.238900000000,0.800000000000,0.019069511349,0.015255609079,0.190695113488,0.000167563841
LN00095,Baseline,0.000762938898,0.287500000000,2.020000000000,0.019359574198,0.039106339881,0.488829248511,0.000443076765
LN00096,Baseline,0.009739049972,0.273000000000,1.570000000000,0.059752570129,0.093811535102,1.172644188781,0.004174254208
LN00097,Baseline,0.000871961079,0.326800000000,7.555000000000,0.009831172694,0.074274509700,0.928431371252,0.002152849232
LN00098,Baseline,0.000088574978,0.206900000000,6.695000000000,0.001047501383,0.007013021758,0.087662771973,0.000122693661
LN00099,Baseline,0.000178408910,0.175000000000,1.820000000000,0.006165866497,0.011221877024,0.140273462801,0.000056823238
LN00100,Baseline,0.155310641363,0.216700000000,3.450000000000,0.096698276798,0.333609054952,4.170113186895,0.116112565142
LN00101,Baseline,0.034507976907,0.450000000000,0.700000000000,0.131421053635,0.091994737544,1.149934219304,0.010870012726
LN00102,Baseline,0.007374675706,0.450000000000,2.730000000000,0.090465332660,0.246970358161,3.087129477011,0.009059789105
LN00103,Baseline,0.001047943698,0.206500000000,5.830000000000,0.007086087682,0.041311891185,0.516398639812,0.001261614179
LN00104,Baseline,0.153103073418,0.123500000000,9.637500000000,0.045336923380,0.436934599076,5.461682488456,0.182228062453
LN00105,Baseline,0.007416550658,0.234000000000,2.200000000000,0.047128446884,0.103682583145,1.296032289309,0.003818040279
LN00106,Baseline,0.008283798440,0.267400000000,10.982500000000,0.032002274712,0.351464982025,4.393312275309,0.024327200696
LN00107,Baseline,0.000999433896,0.241600000000,0.980000000000,0.020593795058,0.020181919157,0.252273989460,0.000236633965
LN00108,Baseline,0.001055495423,0.450000000000,1.117500000000,0.015520678808,0.017344358568,0.216804482096,0.000530782261
LN00109,Baseline,0.000078632335,0.232800000000,9.110000000000,0.005472239321,0.049852100215,0.623151252684,0.000166764086
LN00110,Baseline,0.039157992240,0.157200000000,23.830000000000,0.047247542002,1.125908925917,14.073861573961,0.146688814938
LN00111,Baseline,0.001002591718,0.213500000000,6.805000000000,0.007099396596,0.048311393834,0.603892422919,0.001456632924
LN00112,Baseline,0.000226211841,0.159400000000,4.300000000000,0.004262135263,0.018327181633,0.229089770408,0.000155050120
LN00113,Baseline,0.001018476387,0.239600000000,0.420000000000,0.008056972466,0.003383928436,0.042299105447,0.000102491316
LN00114,Baseline,0.008626372241,0.450000000000,0.495000000000,0.054874100558,0.027162679776,0.339533497203,0.001921524417
LN00115,Baseline,0.000174857224,0.450000000000,5.100000000000,0.010706013552,0.054600669114,0.682508363921,0.000401297329
LN00116,Baseline,0.044504663782,0.219000000000,3.130000000000,0.067902415141,0.212534559390,2.656681992376,0.030506611883
LN00117,Baseline,0.009654289366,0.450000000000,1.300000000000,0.057725770663,0.075043501862,0.938043773281,0.005647759279
LN00118,Baseline,0.009417612301,0.196500000000,4.790000000000,0.039944254408,0.191332978613,2.391662232659,0.008864186314
LN00119,Baseline,0.000764997035,0.327300000000,5.030000000000,0.024385413784,0.122658631334,1.533232891679,0.001259429153
LN00120,Baseline,0.007390798815,0.102400000000,11.520000000000,0.019027030454,0.219191390832,2.739892385398,0.008718541040
LN00121,Baseline,0.009227329437,0.450000000000,4.542500000000,0.056576387830,0.256998241719,3.212478021492,0.018861814785
LN00122,Baseline,0.006794449691,0.149900000000,15.310000000000,0.029330376681,0.449048066980,5.613100837253,0.015593051414
LN00123,Baseline,0.000098571815,0.152100000000,4.520000000000,0.003749525802,0.016947856625,0.211848207817,0.000067767334
LN00124,Baseline,0.000865374440,0.248500000000,3.632500000000,0.007434820465,0.027006985341,0.337587316760,0.000781152954
LN00125,Baseline,0.000089798090,0.106300000000,12.990000000000,0.002662362749,0.034584092114,0.432301151420,0.000123996526
LN00126,Baseline,0.001059087382,0.303800000000,1.445000000000,0.010503447269,0.015177481304,0.189718516298,0.000464929829
LN00127,Baseline,0.000871821786,0.450000000000,74.770000000000,0.034147027521,2.553173247782,31.914665597276,0.029333751719
LN00128,Baseline,0.000192047159,0.450000000000,5.662500000000,0.004265787705,0.024155022881,0.301937786018,0.000489360166
LN00129,Baseline,0.000215908996,0.202500000000,5.922500000000,0.002106885029,0.012478026582,0.155975332276,0.000258941008
LN00130,Baseline,0.008664375500,0.450000000000,7.580000000000,0.095157392432,0.721293034636,9.016162932955,0.029554184831
LN00131,Baseline,0.000199384032,0.450000000000,23.687500000000,0.004395073421,0.104108301654,1.301353770670,0.002125309162
LN00132,Baseline,0.040326361877,0.450000000000,9.900000000000,0.136194266134,1.348323234723,16.854040434037,0.179653942164
LN00133,Baseline,0.009900376518,0.450000000000,0.900000000000,0.094897516398,0.085407764758,1.067597059479,0.004009652490
LN00134,Baseline,0.000898890723,0.450000000000,18.240000000000,0.036373606214,0.663454577351,8.293182216890,0.007378095053
LN00135,Baseline,0.007365382073,0.245500000000,2.662500000000,0.027786490835,0.073981531848,0.924769148099,0.004814335958
LN00136,Baseline,0.000023605148,0.381500000000,4.990000000000,0.004001065841,0.019965318547,0.249566481838,0.000044936766
LN00137,Baseline,0.129888633764,0.511400000000,1.250000000000,0.218034773512,0.272543466890,3.406793336124,0.083031309134
LN00138,Baseline,0.000776130211,0.210000000000,7.590000000000,0.015512223670,0.117737777659,1.471722220733,0.001237073943
LN00139,Baseline,0.007253163936,0.252600000000,2.340000000000,0.050507023568,0.118186435150,1.477330439376,0.004287229152
LN00140,Baseline,0.000088640819,0.238800000000,4.950000000000,0.005943697969,0.029421304945,0.367766311814,0.000104778766
LN00141,Baseline,0.000851532232,0.650000000000,3.370000000000,0.051126895234,0.172297636938,2.153720461720,0.001865281355
LN00142,Baseline,0.001085465474,0.226600000000,30.720000000000,0.015263852932,0.468905562073,5.861319525912,0.007556090159
LN00143,Baseline,0.035400484265,0.450000000000,32.530000000000,0.124333725151,4.044576079172,50.557200989645,0.518209988908
LN00144,Baseline,0.007042379074,0.450000000000,4.700000000000,0.080270627615,0.377271949791,4.715899372392,0.014894631741
LN00145,Baseline,0.001007124472,0.483800000000,4.780000000000,0.041396734960,0.197876393109,2.473454913862,0.002329039798
LN00146,Baseline,0.001056537027,0.117200000000,2.625000000000,0.004045102240,0.010618393379,0.132729917240,0.000325043616
LN00147,Baseline,0.000829119158,0.450000000000,13.540000000000,0.034922077327,0.472844927004,5.910561587550,0.005051823028
LN00148,Baseline,0.000801590305,0.450000000000,3.230000000000,0.034330743641,0.110888301960,1.386103774502,0.001165111508
LN00149,Baseline,0.000795714895,0.269700000000,2.940000000000,0.020499054531,0.060267220321,0.753340254015,0.000630936663
LN00150,Baseline,0.000025007572,0.450000000000,11.920000000000,0.006546139058,0.078029977571,0.975374719638,0.000134140615
LN00151,Baseline,0.038488730255,0.223900000000,2.620000000000,0.066540020577,0.174334853912,2.179185673905,0.022578181965
LN00152,Baseline,0.035617684550,0.450000000000,3.885000000000,0.093198222151,0.362075093058,4.525938663221,0.062268617014
LN00153,Baseline,0.000170169443,0.217800000000,0.920000000000,0.007491602128,0.006892273958,0.086153424470,0.000034097872
LN00154,Baseline,0.008323640080,0.261200000000,9.060000000000,0.054560823431,0.494321060288,6.179013253603,0.019697661187
LN00155,Baseline,0.000245755774,0.208200000000,31.210000000000,0.008643526366,0.269764457885,3.372055723564,0.001596901852
LN00156,Baseline,0.008911101450,0.213200000000,9.220000000000,0.045465806847,0.419194739131,5.239934239139,0.017516587764
LN00157,Baseline,0.000909284731,0.152200000000,19.330000000000,0.012373646835,0.239182593324,2.989782416550,0.002675139319
LN00158,Baseline,0.007081060508,0.450000000000,1.920000000000,0.085339135140,0.163851139469,2.048139243361,0.006118036279
LN00159,Baseline,0.007550746972,0.191100000000,5.680000000000,0.038711637289,0.219882099803,2.748526247540,0.008195943199
LN00160,Baseline,0.007692346270,0.199700000000,1.750000000000,0.036291326892,0.063509822061,0.793872775760,0.002688282713
LN00161,Baseline,0.000229068097,0.450000000000,3.317500000000,0.004906418036,0.016277041834,0.203463022925,0.000341970036
LN00162,Baseline,0.044126965521,0.450000000000,8.485000000000,0.100644079674,0.853965016034,10.674562700425,0.168487786099
LN00163,Baseline,0.000240774262,0.280000000000,4.960000000000,0.009837012020,0.048791579617,0.609894745218,0.000334387295
LN00164,Baseline,0.000098754359,0.650000000000,1.090000000000,0.017046852928,0.018581069692,0.232263371149,0.000069967463
LN00165,Baseline,0.010066690374,0.203700000000,1.090000000000,0.026613369635,0.029008572902,0.362607161279,0.002235137464
LN00166,Baseline,0.001084718800,0.297900000000,1.130000000000,0.020059191228,0.022666886088,0.283336076100,0.000365145636
LN00167,Baseline,0.033050148217,0.214500000000,6.472500000000,0.043291582573,0.280204768201,3.502559602507,0.045885214590
LN00168,Baseline,0.033951784419,0.450000000000,35.300000000000,0.130952832621,4.622634991533,57.782937394167,0.539324095491
LN00169,Baseline,0.000838723543,0.436100000000,16.325000000000,0.012755503233,0.208233590280,2.602919878499,0.005971151780
LN00170,Baseline,0.136966081570,0.450000000000,0.607500000000,0.158964514577,0.096570942606,1.207136782569,0.037443102549
LN00171,Baseline,0.000763971560,0.450000000000,18.560000000000,0.033504330988,0.621840383144,7.773004789302,0.006380690472
LN00172,Baseline,0.001042815322,0.450000000000,11.430000000000,0.039178294716,0.447807908606,5.597598857575,0.005363720607
LN00173,Baseline,0.000954907222,0.229800000000,0.960000000000,0.019146793529,0.018380921788,0.229761522352,0.000210660172
LN00174,Baseline,0.039507208046,0.450000000000,3.310000000000,0.135533294826,0.448615205874,5.607690073428,0.058845986384
LN00175,Baseline,0.000179678041,0.450000000000,13.400000000000,0.015912399933,0.213226159103,2.665326988792,0.001083458585
LN00176,Baseline,0.000074600129,0.650000000000,6.547500000000,0.002855942777,0.018699285335,0.233741066692,0.000317488823
LN00177,Baseline,0.000786576908,0.233200000000,1.210000000000,0.017621384613,0.021321875382,0.266523442277,0.000221949979
LN00178,Baseline,0.150372265051,0.173500000000,8.250000000000,0.076829541623,0.633843718394,7.923046479921,0.215239100888
LN00179,Baseline,0.040084342501,0.450000000000,0.477500000000,0.097174661069,0.046400900660,0.580011258254,0.008613123095
LN00180,Baseline,0.009197823447,0.178800000000,3.590000000000,0.038489793983,0.138178360397,1.727229504968,0.005904009288
LN00181,Baseline,0.036119613739,0.281500000000,13.980000000000,0.083051245961,1.161056418529,14.513205231612,0.142144044320
LN00182,Baseline,0.037152467403,0.250500000000,4.202500000000,0.052652097946,0.221270441620,2.765880520249,0.039111377688
LN00183,Baseline,0.000875598449,0.325100000000,2.720000000000,0.025933059706,0.070537922400,0.881724029994,0.000774267192
LN00184,Baseline,0.001009630366,0.256100000000,10.910000000000,0.021940574903,0.239371672188,2.992145902347,0.002820958733
LN00185,Baseline,0.009327624168,0.139100000000,11.880000000000,0.024444840807,0.290404708788,3.630058859846,0.015413973559
LN00186,Baseline,0.007398825062,0.239300000000,15.617500000000,0.027144198785,0.423924524525,5.299056556566,0.027651390290
LN00187,Baseline,0.001080216464,0.450000000000,10.740000000000,0.039870031420,0.428204137455,5.352551718182,0.005220686168
LN00188,Baseline,0.000070408019,0.270000000000,13.220000000000,0.006025537924,0.079657611351,0.995720141882,0.000251314382
LN00189,Baseline,0.009761830209,0.179900000000,9.330000000000,0.036159478956,0.337367938659,4.217099233236,0.016384909865
LN00190,Baseline,0.000765186620,0.226600000000,5.840000000000,0.016884906076,0.098607851482,1.232598143521,0.001012605122
LN00191,Baseline,0.035687616911,0.247200000000,4.335000000000,0.051231874499,0.222090175954,2.776127199420,0.038243278533
LN00192,Baseline,0.000236036517,0.202300000000,3.540000000000,0.008225943825,0.029119841140,0.363998014256,0.000169035663
LN00193,Baseline,0.000180809278,0.450000000000,1.182500000000,0.004065341005,0.004807265739,0.060090821732,0.000096213137
LN00194,Baseline,0.037734132684,0.225800000000,1.720000000000,0.067284255530,0.115728919512,1.446611493895,0.014655031515
LN00195,Baseline,0.000202726886,0.650000000000,3.380000000000,0.024445374242,0.082625364939,1.032817061741,0.000445390969
LN00196,Baseline,0.000186079874,0.195300000000,4.907500000000,0.001805320446,0.008859610088,0.110745126097,0.000178345417
LN00197,Baseline,0.009111258932,0.450000000000,18.930000000000,0.084496877518,1.599525891409,19.994073642608,0.077614259209
LN00198,Baseline,0.043775531852,0.213100000000,4.300000000000,0.065799847687,0.282939345053,3.536741813164,0.040112833102
LN00199,Baseline,0.000238446482,0.650000000000,10.945000000000,0.007315163157,0.080064460750,1.000805759377,0.001696367888
LN00200,Baseline,0.000851475181,0.650000000000,13.190000000000,0.051125167187,0.674340955201,8.429261940009,0.007300122462
LN00201,Baseline,0.008492308357,0.450000000000,3.560000000000,0.078539208765,0.279599583205,3.494994790057,0.013604677988
LN00202,Baseline,0.123421446344,0.176100000000,7.652500000000,0.059849681668,0.457999688962,5.724996112026,0.166323389056
LN00203,Baseline,0.000817022339,0.233400000000,3.510000000000,0.017978847335,0.063105754146,0.788821926822,0.000669332479
LN00204,Baseline,0.000179354724,0.450000000000,16.810000000000,0.015897815818,0.267242283893,3.340528548662,0.001356728809
LN00205,Baseline,0.000029161482,0.317600000000,8.460000000000,0.004878614583,0.041273079374,0.515913492179,0.000078353868
LN00206,Baseline,0.000239599328,0.207400000000,1.360000000000,0.008498582570,0.011558072296,0.144475903695,0.000067582345
LN00207,Baseline,0.000230135673,0.258800000000,5.270000000000,0.010387229162,0.054740697682,0.684258721023,0.000313876521
LN00208,Baseline,0.008447168948,0.205600000000,21.527500000000,0.024830056064,0.534529031920,6.681612898998,0.037387625911
LN00209,Baseline,0.000206086759,0.450000000000,3.740000000000,0.017066749679,0.063829643798,0.797870547475,0.000346844015
LN00210,Baseline,0.000922102665,0.450000000000,6.515000000000,0.014093792651,0.091821059122,1.147763239027,0.002703374488
LN00211,Baseline,0.008511893039,0.450000000000,7.740000000000,0.094645279864,0.732554466144,9.156930826805,0.029646923456
LN00212,Baseline,0.008163956677,0.450000000000,1.590000000000,0.093436427520,0.148563919758,1.857048996969,0.005841311002
LN00213,Baseline,0.000177008567,0.277500000000,7.470000000000,0.009738175161,0.072744168456,0.909302105700,0.000366925485
LN00214,Baseline,0.033785907716,0.165600000000,1.032500000000,0.033675943188,0.034770411341,0.434630141768,0.005776782073
LN00215,Baseline,0.009960022896,0.148900000000,2.400000000000,0.031120033849,0.074688081239,0.933601015483,0.003559313782
LN00216,Baseline,0.008325479440,0.450000000000,13.140000000000,0.094004757118,1.235222508535,15.440281356690,0.049228559928
LN00217,Baseline,0.000245225440,0.245400000000,5.520000000000,0.002823455402,0.015585473818,0.194818422724,0.000332184343
LN00218,Baseline,0.000179539807,0.200600000000,3.310000000000,0.007090615299,0.023469936639,0.293374207985,0.000119211918
LN00219,Baseline,0.039673320117,0.222300000000,7.000000000000,0.059342649391,0.415398545738,5.192481821727,0.061735653434
LN00220,Baseline,0.000803619492,0.245600000000,3.800000000000,0.006963954072,0.026463025475,0.330787818435,0.000750001999
LN00221,Baseline,0.000820063129,0.450000000000,4.540000000000,0.032550780914,0.147780545349,1.847256816865,0.001675388972
LN00222,Baseline,0.000740290915,0.245600000000,8.640000000000,0.017995754486,0.155483318763,1.943541484536,0.001570885476
LN00223,Baseline,0.007108245306,0.100000000000,2.170000000000,0.019862797880,0.043102271401,0.538778392507,0.001542489231
LN00224,Baseline,0.153295283505,0.450000000000,4.670000000000,0.200189016833,0.934882708609,11.686033857618,0.322150038286
LN00225,Baseline,0.000844960276,0.195400000000,3.280000000000,0.015309563136,0.050215367085,0.627692088566,0.000541545180
LN00226,Baseline,0.040414023785,0.281300000000,0.880000000000,0.060924383708,0.053613457663,0.670168220792,0.010004249104
LN00227,Baseline,0.000024453240,0.145600000000,1.790000000000,0.002102058253,0.003762684273,0.047033553410,0.000006373101
LN00228,Baseline,0.008048306612,0.301900000000,18.770000000000,0.035646995115,0.669094098303,8.363676228789,0.045607041292
LN00229,Baseline,0.008495855240,0.162400000000,6.030000000000,0.019664982534,0.118579844681,1.482248058512,0.008319753152
LN00230,Baseline,0.000181428052,0.325000000000,1.190000000000,0.011549155466,0.013743495005,0.171793687562,0.000070167299
LN00231,Baseline,0.000248293717,0.650000000000,0.837500000000,0.007552168094,0.006324940779,0.079061759735,0.000135164892
LN00232,Baseline,0.001032147417,0.450000000000,3.415000000000,0.015276198089,0.052168216474,0.652102705923,0.001586152542
LN00233,Baseline,0.145415068484,0.271800000000,20.075000000000,0.098058929512,1.968533009959,24.606662624493,0.793440598452
LN00234,Baseline,0.008280250644,0.450000000000,3.720000000000,0.079846223981,0.297027953210,3.712849415121,0.013861139578
LN00235,Baseline,0.034158117617,0.214600000000,16.560000000000,0.062532933329,1.035545375920,12.944317199001,0.121390298593
LN00236,Baseline,0.044735996235,0.210100000000,6.370000000000,0.062978386319,0.401172320853,5.014654010660,0.059871838993
LN00237,Baseline,0.000852232344,0.220300000000,7.180000000000,0.013008587181,0.093401655962,1.167520699523,0.001348021918
LN00238,Baseline,0.006882434355,0.247100000000,1.180000000000,0.037806006755,0.044611087970,0.557638599629,0.002006766444
LN00239,Baseline,0.000023271007,0.114600000000,11.440000000000,0.001627617011,0.018619938611,0.232749232634,0.000030508849
LN00240,Baseline,0.000231591675,0.275300000000,3.210000000000,0.011085360468,0.035584007102,0.444800088778,0.000204660574
LN00241,Baseline,0.040615186788,0.232600000000,9.372500000000,0.050467190522,0.473003743166,5.912546789576,0.088542873958
LN00242,Baseline,0.009252556915,0.153600000000,1.990000000000,0.033122803389,0.065914378744,0.823929734295,0.002828173557
LN00243,Baseline,0.000231521652,0.450000000000,5.350000000000,0.018117096464,0.096926466085,1.211580826061,0.000557388377
LN00244,Baseline,0.000805147935,0.650000000000,6.370000000000,0.049700136551,0.316589869829,3.957373372860,0.003333715025
LN00245,Baseline,0.009859406807,0.100000000000,3.840000000000,0.019484590313,0.074820826802,0.935260335019,0.003786012214
LN00246,Baseline,0.038070032020,0.450000000000,6.720000000000,0.134366070822,0.902939995924,11.286749949048,0.115123776830
LN00247,Baseline,0.008864406286,0.215300000000,3.430000000000,0.045841521032,0.157236417139,1.965455214239,0.006546177890
LN00248,Baseline,0.000730535720,0.161100000000,2.340000000000,0.011724852165,0.027436154066,0.342951925830,0.000275392972
LN00249,Baseline,0.001100621499,0.199500000000,22.320000000000,0.017840409613,0.398197942565,4.977474282057,0.004900891435
LN00250,Baseline,0.000830131932,0.277600000000,12.790000000000,0.021556333258,0.275705502365,3.446318779563,0.002947386746
LN00251,Baseline,0.006921529041,0.100000000000,2.090000000000,0.017293338452,0.036143077364,0.451788467054,0.001446599570
LN00252,Baseline,0.038348971088,0.245500000000,7.910000000000,0.073428190041,0.580816983224,7.260212290304,0.074470058700
LN00253,Baseline,0.000775388158,0.221600000000,2.130000000000,0.016623663866,0.035408404034,0.442605050421,0.000365989414
LN00254,Baseline,0.000178643854,0.209500000000,1.370000000000,0.007386368995,0.010119325523,0.126491569042,0.000051273466
LN00255,Baseline,0.000217880759,0.142900000000,12.600000000000,0.005576493619,0.070263819602,0.878297745024,0.000392303022
LN00256,Baseline,0.008022846844,0.146800000000,0.820000000000,0.024787253862,0.020325548167,0.254069352087,0.000965758212
LN00257,Baseline,0.044752442567,0.288300000000,10.050000000000,0.064817474603,0.651415619765,8.142695247060,0.129666398379
LN00258,Baseline,0.000192049106,0.264000000000,3.087500000000,0.002502615678,0.007726825907,0.096585323837,0.000156539226
LN00259,Baseline,0.000090027244,0.140000000000,3.257500000000,0.000718344440,0.002340007015,0.029250087685,0.000041056925
LN00260,Baseline,0.008254170209,0.221700000000,6.750000000000,0.036339420678,0.245291089575,3.066138619682,0.012352159364
LN00261,Baseline,0.000220204223,0.129800000000,8.010000000000,0.005092935372,0.040794412333,0.509930154166,0.000228945890
LN00262,Baseline,0.040297677773,0.210000000000,1.960000000000,0.063546546063,0.124551230283,1.556890378540,0.016586524171
LN00263,Baseline,0.000900806721,0.650000000000,8.267500000000,0.020018419437,0.165502282697,2.068778533711,0.004840822718
LN00264,Baseline,0.000244953378,0.252500000000,4.462500000000,0.002902605719,0.012952878021,0.161910975264,0.000276008874
LN00265,Baseline,0.036760423488,0.224600000000,1.137500000000,0.047032563473,0.053499540950,0.668744261881,0.009391644894
LN00266,Baseline,0.000180629141,0.100000000000,3.390000000000,0.000902689617,0.003060117802,0.038251472521,0.000061233279
LN00267,Baseline,0.000978229937,0.650000000000,17.840000000000,0.041384386016,0.738297446534,9.228718081676,0.011343554349
LN00268,Baseline,0.000235996175,0.450000000000,21.225000000000,0.005023241057,0.106618291432,1.332728642898,0.002254058467
LN00269,Baseline,0.000169782979,0.450000000000,8.357500000000,0.003865660855,0.032307260591,0.403840757394,0.000638532560
LN00270,Baseline,0.000024304162,0.650000000000,1.360000000000,0.009364980865,0.012736373977,0.159204674708,0.000021484879
LN00271,Baseline,0.000095620984,0.125700000000,6.237500000000,0.000677714822,0.004227246200,0.052840577505,0.000074971991
LN00272,Baseline,0.000227778675,0.650000000000,10.490000000000,0.025950803753,0.272223931373,3.402799142163,0.001553108894
LN00273,Baseline,0.000099001775,0.100000000000,7.970000000000,0.000554736074,0.004421246508,0.055265581349,0.000078904414
LN00274,Baseline,0.008494237816,0.381400000000,8.760000000000,0.046179589633,0.404533205185,5.056665064811,0.028379792173
LN00275,Baseline,0.008936973294,0.232100000000,6.440000000000,0.043825807945,0.282238203168,3.527977539601,0.013358308471
LN00276,Baseline,0.000837998555,0.235600000000,3.720000000000,0.006886754143,0.025618725412,0.320234067650,0.000734448749
LN00277,Baseline,0.001082571697,0.650000000000,2.440000000000,0.057652284200,0.140671573447,1.758394668089,0.001716958711
LN00278,Baseline,0.000861395627,0.194300000000,0.582500000000,0.005793887988,0.003374939753,0.042186746910,0.000097492542
LN00279,Baseline,0.042214593406,0.650000000000,5.830000000000,0.143023065964,0.833824474569,10.422805932111,0.159972201713
LN00280,Baseline,0.037590752337,0.100000000000,5.400000000000,0.029772100512,0.160769342764,2.009616784547,0.020299006262
LN00281,Baseline,0.000084583672,0.450000000000,7.115000000000,0.002193379884,0.015605897872,0.195073723399,0.000270815771
LN00282,Baseline,0.000225250798,0.650000000000,1.180000000000,0.025802421690,0.030446857594,0.380585719922,0.000172767362
LN00283,Baseline,0.000207602563,0.207400000000,8.540000000000,0.007605270879,0.064949013306,0.811862666320,0.000367704829
LN00284,Baseline,0.000241243223,0.650000000000,34.970000000000,0.022859590319,0.799399873444,9.992498418048,0.005483579073
LN00285,Baseline,0.008112168898,0.450000000000,4.850000000000,0.085267510715,0.413547426966,5.169342837075,0.017704808620
LN00286,Baseline,0.000966413976,0.318300000000,4.210000000000,0.026680013929,0.112322858641,1.404035733010,0.001295036283
LN00287,Baseline,0.000077450824,0.202800000000,6.100000000000,0.003970246978,0.024218506564,0.302731332046,0.000095812865
LN00288,Baseline,0.000876818944,0.141000000000,34.200000000000,0.007931997108,0.271274301094,3.390928763676,0.004228196313
LN00289,Baseline,0.000888633624,0.380300000000,1.610000000000,0.022976919046,0.036992839663,0.462410495793,0.000544095261
LN00290,Baseline,0.000176536501,0.210000000000,4.775000000000,0.001861219487,0.008887323052,0.111091538150,0.000177021977
LN00291,Baseline,0.033322003242,0.198400000000,2.010000000000,0.050995831875,0.102501622069,1.281270275866,0.013288281741
LN00292,Baseline,0.000088073663,0.271600000000,2.275000000000,0.001368658615,0.003113698349,0.038921229364,0.000054419836
LN00293,Baseline,0.041068041453,0.416300000000,4.260000000000,0.126546206145,0.539086838178,6.738585477219,0.072831625298
LN00294,Baseline,0.000087921659,0.256700000000,17.240000000000,0.005983814964,0.103160969988,1.289512124847,0.000389098007
LN00295,Baseline,0.032339662661,0.450000000000,27.140000000000,0.129579395619,3.516784797093,43.959809963658,0.394964300077
LN00296,Baseline,0.036538430063,0.650000000000,7.020000000000,0.192269942111,1.349734993619,16.871687420235,0.166724856379
LN00297,Baseline,0.121181830413,0.196600000000,3.080000000000,0.082200342452,0.253177054752,3.164713184406,0.073378991407
LN00298,Baseline,0.042762736121,0.238000000000,54.200000000000,0.073062934056,3.960011025813,49.500137822666,0.551622190866
LN00299,Baseline,0.009636914329,0.450000000000,2.920000000000,0.098195260499,0.286730160657,3.584127008211,0.012662905429
LN00300,Baseline,0.007531541763,0.233200000000,2.530000000000,0.038479719704,0.097353690850,1.216921135623,0.004443579514
LN00301,Baseline,0.008964166215,0.450000000000,0.760000000000,0.096134605105,0.073062299880,0.913278748495,0.003065744845
LN00302,Baseline,0.000176818677,0.450000000000,18.100000000000,0.012540877977,0.226989891376,2.837373642204,0.001440188126
LN00303,Baseline,0.000828042068,0.450000000000,10.385000000000,0.013040287963,0.135423390497,1.692792381215,0.003869647593
LN00304,Baseline,0.000778825692,0.187200000000,50.290000000000,0.014074632861,0.707813286591,8.847666082384,0.007332089364
LN00305,Baseline,0.035947951022,0.450000000000,0.997500000000,0.093498538671,0.093264792324,1.165809904053,0.016136136515
LN00306,Baseline,0.000976949110,0.320400000000,16.035000000000,0.010458916056,0.167708718957,2.096358986957,0.005019187427
LN00307,Baseline,0.001067981878,0.260200000000,4.082500000000,0.009049498332,0.036944576942,0.461807211771,0.001134481372
LN00308,Baseline,0.007384571744,0.450000000000,8.627500000000,0.050996662065,0.439973701969,5.499671274607,0.028669676724
LN00309,Baseline,0.000926732468,0.287200000000,0.860000000000,0.019936462399,0.017145357663,0.214316970791,0.000228895506
LN00310,Baseline,0.000223696312,0.450000000000,19.450000000000,0.011307494986,0.219930777480,2.749134718504,0.001957901974
LN00311,Baseline,0.001084688664,0.100000000000,9.840000000000,0.008073897984,0.079447156167,0.993089452083,0.001067333645
LN00312,Baseline,0.000952371125,0.210000000000,4.140000000000,0.006731273656,0.027867472935,0.348343411690,0.000827991456
LN00313,Baseline,0.000186872502,0.100500000000,8.540000000000,0.003625587133,0.030962514115,0.387031426444,0.000160387062
LN00314,Baseline,0.000958213713,0.100000000000,2.080000000000,0.008346368285,0.017360446032,0.217005575399,0.000199308452
LN00315,Baseline,0.000844579173,0.182500000000,2.192500000000,0.005364925366,0.011762598864,0.147032485806,0.000337942520
LN00316,Baseline,0.001093821924,0.650000000000,2.820000000000,0.057948489698,0.163414740948,2.042684261847,0.002004975586
LN00317,Baseline,0.000873685047,0.244300000000,0.700000000000,0.019466226529,0.013626358570,0.170329482131,0.000149408880
LN00318,Baseline,0.009025094828,0.450000000000,9.802500000000,0.056014975088,0.549086793298,6.863584916231,0.039810821422
LN00319,Baseline,0.000737887181,0.250700000000,14.760000000000,0.016298596274,0.240567281007,3.007091012585,0.002730427549
LN00320,Baseline,0.037548424776,0.218800000000,2.220000000000,0.059435539526,0.131946897747,1.649336221836,0.018238621657
LN00321,Baseline,0.044104759318,0.256300000000,5.602500000000,0.057311698111,0.321088788667,4.013609858336,0.063330939078
LN00322,Baseline,0.000952434341,0.245000000000,3.440000000000,0.020386761533,0.070130459675,0.876630745938,0.000802711663
LN00323,Baseline,0.000890078780,0.450000000000,6.220000000000,0.030580332887,0.190209670556,2.377620881954,0.002491330504
LN00324,Baseline,0.001078017858,0.650000000000,2.390000000000,0.057531873792,0.137501178362,1.718764729531,0.001674700743
LN00325,Baseline,0.043812221921,0.319300000000,1.562500000000,0.071223500280,0.111286719187,1.391083989839,0.021858191343
LN00326,Baseline,0.007784437691,0.270800000000,12.830000000000,0.054197504883,0.695353987652,8.691924845646,0.027045970076
LN00327,Baseline,0.039537307192,0.314800000000,3.865000000000,0.067644666020,0.261446634168,3.268082927094,0.048105120735
LN00328,Baseline,0.000907162472,0.287500000000,27.255000000000,0.008899225953,0.242548403339,3.031855041741,0.007108355034
LN00329,Baseline,0.008840876308,0.650000000000,4.690000000000,0.138287311054,0.648567488841,8.107093610515,0.026951411426
LN00330,Baseline,0.000849565320,0.230900000000,1.780000000000,0.016442078542,0.029266899804,0.365836247550,0.000349173046
LN00331,Baseline,0.007523285788,0.100000000000,15.290000000000,0.017373939261,0.265647531294,3.320594141172,0.011503103970
LN00332,Baseline,0.000241724584,0.246300000000,7.055000000000,0.002801886753,0.019767311044,0.247091388053,0.000420031877
LN00333,Baseline,0.009859728778,0.210100000000,9.270000000000,0.046147570935,0.427787982567,5.347349782086,0.019203073982
LN00334,Baseline,0.043664603518,0.143400000000,14.740000000000,0.039328992599,0.579709350909,7.246366886369,0.092294571089
LN00335,Baseline,0.000247391251,0.650000000000,2.330000000000,0.026100073627,0.060813171551,0.760164644386,0.000374674049
LN00336,Baseline,0.009232176978,0.450000000000,3.402500000000,0.056589707447,0.192546479589,2.406830994861,0.014135616975
LN00337,Baseline,0.000091314173,0.650000000000,3.780000000000,0.016411689375,0.062036185838,0.775452322981,0.000224358922
LN00338,Baseline,0.009293544525,0.152600000000,1.075000000000,0.019247193846,0.020690733384,0.258634167300,0.001524559512
LN00339,Baseline,0.000081925799,0.450000000000,3.440000000000,0.010785957512,0.037103693840,0.463796173000,0.000126821136
LN00340,Baseline,0.038324064476,0.212000000000,15.522500000000,0.045051477034,0.699311552262,8.741394403274,0.126115681656
LN00341,Baseline,0.000185675151,0.213200000000,5.680000000000,0.007666122550,0.043543576083,0.544294701033,0.000224848152
LN00342,Baseline,0.141076461392,0.165100000000,1.170000000000,0.070002822211,0.081903301987,1.023791274836,0.027251316818
LN00343,Baseline,0.036027511710,0.145900000000,0.850000000000,0.030337705649,0.025787049802,0.322338122524,0.004467951865
LN00344,Baseline,0.007568681506,0.450000000000,22.152500000000,0.051605480567,1.143190408261,14.289880103263,0.075449347676
LN00345,Baseline,0.008681478142,0.312800000000,4.090000000000,0.059900343377,0.244992404414,3.062405055170,0.011106666424
LN00346,Baseline,0.008080584051,0.229300000000,2.350000000000,0.047459023854,0.111528706057,1.394108825711,0.004354263119
LN00347,Baseline,0.035061448228,0.450000000000,3.410000000000,0.131884447883,0.449725967282,5.621574591025,0.053801792305
LN00348,Baseline,0.001031274927,0.209700000000,1.020000000000,0.013463486650,0.013732756383,0.171659454793,0.000220583519
LN00349,Baseline,0.009636701732,0.650000000000,18.600000000000,0.141836696922,2.638162562751,32.977032034383,0.116507723935
LN00350,Baseline,0.000071888379,0.241300000000,2.637500000000,0.001028181459,0.002711828598,0.033897857480,0.000045751831
LN00351,Baseline,0.006743564625,0.450000000000,17.590000000000,0.087827536548,1.544886367884,19.311079598550,0.053378685792
LN00352,Baseline,0.000193427140,0.450000000000,3.965000000000,0.004290198005,0.017010635092,0.212632938645,0.000345122375
LN00353,Baseline,0.009415559929,0.450000000000,18.720000000000,0.097536413750,1.825881665392,22.823520817396,0.079316676845
LN00354,Baseline,0.009561552447,0.450000000000,5.790000000000,0.097972977081,0.567263537298,7.090794216220,0.024912624902
LN00355,Baseline,0.000778709389,0.450000000000,9.065000000000,0.012470302210,0.113043289532,1.413041119148,0.003176550276
LN00356,Baseline,0.001015148887,0.450000000000,9.200000000000,0.038657264740,0.355646835608,4.445585445101,0.004202716394
LN00357,Baseline,0.007097550671,0.159300000000,7.392500000000,0.017707614960,0.130903543591,1.636294294885,0.008358254883
LN00358,Baseline,0.008013157357,0.259200000000,6.350000000000,0.053507081633,0.339769968367,4.247124604592,0.013189015956
LN00359,Baseline,0.001102690991,0.450000000000,3.080000000000,0.016008455942,0.049306044301,0.616325553767,0.001528329714
LN00360,Baseline,0.007351607043,0.145400000000,27.285000000000,0.016441928939,0.448618031088,5.607725388604,0.029165582172
LN00361,Baseline,0.034172982251,0.222500000000,1.602500000000,0.045424887951,0.072793382942,0.909917286772,0.012184590403
LN00362,Baseline,0.000200503846,0.267600000000,4.500000000000,0.010007348186,0.045033066837,0.562913335460,0.000241446731
LN00363,Baseline,0.000216823644,0.247400000000,4.550000000000,0.009630410905,0.043818369617,0.547729620214,0.000244071871
LN00364,Baseline,0.000096993035,0.185300000000,6.700000000000,0.004817313794,0.032276002420,0.403450030245,0.000120417823
LN00365,Baseline,0.010061211033,0.450000000000,2.920000000000,0.099409341355,0.290275276755,3.628440959440,0.013220431297
LN00366,Baseline,0.000754272661,0.374200000000,6.140000000000,0.027680554715,0.169958605949,2.124482574361,0.001733007814
LN00367,Baseline,0.007171003995,0.450000000000,3.790000000000,0.083736443484,0.317361120806,3.967014010072,0.012230147314
LN00368,Baseline,0.009391869888,0.210000000000,0.920000000000,0.039822004814,0.036636244429,0.457953055359,0.001814509262
LN00369,Baseline,0.000826398422,0.226400000000,4.520000000000,0.017540527286,0.079283183335,0.991039791685,0.000845676644
LN00370,Baseline,0.044239698906,0.450000000000,1.490000000000,0.139316031405,0.207580886793,2.594761084917,0.029662718116
LN00371,Baseline,0.008948943077,0.196000000000,0.790000000000,0.041850747955,0.033062090884,0.413276136052,0.001385654346
LN00372,Baseline,0.000769260964,0.450000000000,5.140000000000,0.033621853337,0.172816326150,2.160204076881,0.001779300611
LN00373,Baseline,0.001037662480,0.253200000000,7.300000000000,0.021990063458,0.160527463244,2.006593290556,0.001917973821
LN00374,Baseline,0.000792333293,0.650000000000,7.590000000000,0.049298008768,0.374171886547,4.677148581838,0.003908976300
LN00375,Baseline,0.000200560868,0.271700000000,7.900000000000,0.010162152785,0.080281007000,1.003512587502,0.000430489864
LN00376,Baseline,0.000211191527,0.450000000000,0.650000000000,0.017282064988,0.011233342242,0.140416778026,0.000061773522
LN00377,Baseline,0.038934122470,0.450000000000,0.977500000000,0.096166881464,0.094003126631,1.175039082893,0.017126147121
LN00378,Baseline,0.000981310025,0.272400000000,32.250000000000,0.023007943541,0.742006179193,9.275077239912,0.008620710442
LN00379,Baseline,0.000968549562,0.450000000000,1.570000000000,0.037760822406,0.059284491177,0.741056139715,0.000684280265
LN00380,Baseline,0.010101005157,0.141200000000,6.900000000000,0.018475028769,0.127477698505,1.593471231307,0.009841207305
LN00381,Baseline,0.010127194200,0.450000000000,2.250000000000,0.097560289904,0.219510652283,2.743883153538,0.010253784128
LN00382,Baseline,0.039150276756,0.256000000000,4.032500000000,0.054816453814,0.221047350006,2.763091875070,0.040415613701
LN00383,Baseline,0.007030143357,0.261800000000,2.107500000000,0.028965393692,0.061044567205,0.763057090068,0.003878835901
LN00384,Baseline,0.000997264821,0.229100000000,7.860000000000,0.019507142333,0.153326138740,1.916576734256,0.001795800692
LN00385,Baseline,0.001094033018,0.450000000000,5.140000000000,0.040122021066,0.206227188280,2.577839853498,0.002530498370
LN00386,Baseline,0.126521700120,0.203400000000,2.580000000000,0.069782171660,0.180038002884,2.250475036048,0.066395045615
LN00387,Baseline,0.008254542761,0.450000000000,1.505000000000,0.053767054490,0.080919417007,1.011492712584,0.005590389085
LN00388,Baseline,0.131253283106,0.450000000000,5.860000000000,0.192406588408,1.127502608071,14.093782600892,0.346114907551
LN00389,Baseline,0.000170660459,0.450000000000,1.330000000000,0.015501179734,0.020616569046,0.257707113070,0.000102140285
LN00390,Baseline,0.041299280977,0.166400000000,6.870000000000,0.050650552171,0.347969293418,4.349616167720,0.047212016436
LN00391,Baseline,0.007889172475,0.450000000000,61.960000000000,0.085474092283,5.295974757846,66.199684473074,0.219965906951
LN00392,Baseline,0.000230995880,0.650000000000,14.720000000000,0.007134134221,0.105014455733,1.312680696667,0.002210168578
LN00393,Baseline,0.009536803317,0.264300000000,9.190000000000,0.057499654809,0.528421827695,6.605272846182,0.023164103702
LN00394,Baseline,0.009498622183,0.184700000000,3.315000000000,0.023523473327,0.077980314078,0.974753925971,0.005815821140
LN00395,Baseline,0.000023985383,0.241800000000,0.567500000000,0.000408110329,0.000231602612,0.002895032647,0.000003291310
LN00396,Baseline,0.000844964919,0.193100000000,1.190000000000,0.015129400407,0.018003986484,0.225049831050,0.000194163644
LN00397,Baseline,0.042357127693,0.450000000000,16.160000000000,0.137821104239,2.227189044499,27.839863056235,0.308021032581
LN00398,Baseline,0.001025597510,0.228700000000,1.720000000000,0.007728650077,0.013293278132,0.166165976648,0.000403433139
LN00399,Baseline,0.000907697613,0.450000000000,2.015000000000,0.013935135401,0.028079297832,0.350991222902,0.000823054811
LN00400,Baseline,0.001061219528,0.210900000000,3.375000000000,0.007301963401,0.024644126477,0.308051580965,0.000755362795
LN00401,Baseline,0.000780704151,0.237700000000,1.550000000000,0.017893317863,0.027734642688,0.346683033595,0.000287638734
LN00402,Baseline,0.044159627589,0.235700000000,1.310000000000,0.072937461478,0.095548074536,1.194350931697,0.013635035732
LN00403,Baseline,0.007033086199,0.450000000000,4.260000000000,0.075324269327,0.320881387334,4.011017341675,0.013482426244
LN00404,Baseline,0.000178739271,0.450000000000,1.615000000000,0.004028087232,0.006505360879,0.081317010987,0.000129898765
LN00405,Baseline,0.136115076683,0.216800000000,2.140000000000,0.093608343061,0.200321854151,2.504023176887,0.063150862057
LN00406,Baseline,0.032991376540,0.259700000000,2.050000000000,0.065447176241,0.134166711295,1.677083891188,0.017564113999
LN00407,Baseline,0.000748317964,0.210000000000,7.560000000000,0.013017021247,0.098408680625,1.230108507813,0.001188029599
LN00408,Baseline,0.032077183184,0.116100000000,3.550000000000,0.030828324532,0.109440552087,1.368006901087,0.013220771435
LN00409,Baseline,0.000201613478,0.169200000000,3.240000000000,0.001667229531,0.005401823681,0.067522796015,0.000110526121
LN00410,Baseline,0.146896976483,0.650000000000,8.140000000000,0.286192998459,2.329611007458,29.120137593226,0.777231902572
LN00411,Baseline,0.006832585495,0.450000000000,3.890000000000,0.088215272433,0.343157409765,4.289467622058,0.011960440909
LN00412,Baseline,0.008910196508,0.450000000000,3.035000000000,0.055690929112,0.169021969856,2.112774623195,0.012169100881
LN00413,Baseline,0.000093277724,0.175700000000,6.465000000000,0.000928190468,0.006000751374,0.075009392172,0.000105954213
LN00414,Baseline,0.034365067098,0.260100000000,8.740000000000,0.075891977312,0.663295881704,8.291198521299,0.078121213543
LN00415,Baseline,0.000021415147,0.450000000000,3.870000000000,0.005810024644,0.022484795374,0.281059942169,0.000037294478
LN00416,Baseline,0.000237264199,0.100000000000,4.200000000000,0.001121005639,0.004708223685,0.058852796068,0.000099650964
LN00417,Baseline,0.000234038321,0.650000000000,1.895000000000,0.007208238382,0.013659611733,0.170745146665,0.000288276702
LN00418,Baseline,0.008520026724,0.331100000000,1.900000000000,0.069658187786,0.132350556794,1.654381959923,0.005359863612
LN00419,Baseline,0.000233702960,0.210000000000,9.670000000000,0.008495513514,0.082151615680,1.026895196001,0.000474580601
LN00420,Baseline,0.033336109166,0.450000000000,6.990000000000,0.130431323292,0.911714949813,11.396436872663,0.104858731383
LN00421,Baseline,0.008028104366,0.650000000000,7.070000000000,0.134258931011,0.949210642247,11.865133028086,0.036893153616
LN00422,Baseline,0.000090415221,0.235300000000,5.080000000000,0.001211609026,0.006154973853,0.076937173162,0.000108075484
LN00423,Baseline,0.000022460205,0.450000000000,4.690000000000,0.006318656914,0.029634500925,0.370431261565,0.000047402262
LN00424,Baseline,0.000090901104,0.650000000000,8.990000000000,0.010844850885,0.097495209459,1.218690118238,0.000531180601
LN00425,Baseline,0.008401076355,0.200300000000,10.900000000000,0.024128800570,0.263003926213,3.287549077667,0.018341817974
LN00426,Baseline,0.042377109109,0.450000000000,10.267500000000,0.099155200363,1.018076019728,12.725950246603,0.195798135498
LN00427,Baseline,0.000203947191,0.184100000000,3.492500000000,0.001830722496,0.006393798316,0.079922478948,0.000131131772
LN00428,Baseline,0.037106460768,0.225000000000,17.940000000000,0.059469828850,1.066888729566,13.336109119569,0.149780228889
LN00429,Baseline,0.000073517379,0.450000000000,5.630000000000,0.010247605343,0.057694018079,0.721175225992,0.000186256279
LN00430,Baseline,0.034917920272,0.450000000000,8.430000000000,0.131764511888,1.110774835212,13.884685440150,0.132461130553
LN00431,Baseline,0.042394043813,0.134800000000,5.940000000000,0.041293893510,0.245285727451,3.066071593134,0.033945419610
LN00432,Baseline,0.007108103869,0.450000000000,5.740000000000,0.083483395162,0.479194688229,5.989933602859,0.018360232295
LN00433,Baseline,0.006999893149,0.211600000000,2.150000000000,0.041816694786,0.089905893789,1.123823672368,0.003184531389
LN00434,Baseline,0.034478540812,0.273000000000,9.040000000000,0.079713779007,0.720612562225,9.007657027806,0.085090280442
LN00435,Baseline,0.000072129734,0.224400000000,69.682500000000,0.000958830992,0.066813740566,0.835171757081,0.001127874838
LN00436,Baseline,0.000234036870,0.450000000000,2.760000000000,0.004990294440,0.013773212655,0.172165158192,0.000290673792
LN00437,Baseline,0.000198513502,0.212200000000,4.810000000000,0.007895181394,0.037975822507,0.474697781335,0.000202619158
LN00438,Baseline,0.001099445287,0.260600000000,2.870000000000,0.023291977319,0.066847974907,0.835599686332,0.000822299318
LN00439,Baseline,0.007168410437,0.450000000000,2.750000000000,0.089630897666,0.246484968583,3.081062107283,0.008870907916
LN00440,Baseline,0.008914632315,0.250200000000,21.000000000000,0.053362530837,1.120613147572,14.007664344651,0.046839261107
LN00441,Baseline,0.038217795753,0.210000000000,2.290000000000,0.062760393902,0.143721302036,1.796516275445,0.018378937978
LN00442,Baseline,0.000198056390,0.229000000000,2.790000000000,0.008510209074,0.023743483318,0.296793541470,0.000126540208
LN00443,Baseline,0.009687746990,0.168900000000,0.877500000000,0.021699468650,0.019041283740,0.238016046750,0.001435818559
LN00444,Baseline,0.000247164998,0.450000000000,2.100000000000,0.013664308947,0.028695048788,0.358688109849,0.000233570923
LN00445,Baseline,0.001053348347,0.249100000000,0.697500000000,0.008579162090,0.005983965558,0.074799569469,0.000183016379
LN00446,Baseline,0.007350644505,0.200500000000,8.430000000000,0.040264602478,0.339430598892,4.242882486148,0.012424169602
LN00447,Baseline,0.122198976091,0.650000000000,73.680000000000,0.272423267948,20.072146382442,250.901829780526,5.852353362964
LN00448,Baseline,0.008923400162,0.450000000000,3.110000000000,0.096003963489,0.298572326450,3.732154080621,0.012488298527
LN00449,Baseline,0.000075743124,0.450000000000,0.850000000000,0.010392338903,0.008833488068,0.110418600847,0.000028971745
LN00450,Baseline,0.009196415683,0.263600000000,11.020000000000,0.056741903392,0.625295775381,7.816197192263,0.026714410418
LN00451,Baseline,0.000084734912,0.650000000000,1.945000000000,0.003172884221,0.006171259810,0.077140747623,0.000107126113
LN00452,Baseline,0.039624969747,0.205600000000,16.430000000000,0.061967154161,1.018120342862,12.726504285771,0.133853464804
LN00453,Baseline,0.009524271378,0.450000000000,3.380000000000,0.087741877327,0.296567545364,3.707094317049,0.014486416767
LN00454,Baseline,0.000224468630,0.450000000000,2.380000000000,0.017831323705,0.042438550418,0.530481880223,0.000240405903
LN00455,Baseline,0.000067470833,0.175200000000,3.750000000000,0.002427002606,0.009101259773,0.113765747160,0.000044328337
LN00456,Baseline,0.000170506337,0.225000000000,9.560000000000,0.007747034660,0.074061651354,0.925770641927,0.000366759132
LN00457,Baseline,0.139140795259,0.240800000000,3.570000000000,0.104573060921,0.373325827488,4.666572843598,0.119613219489
LN00458,Baseline,0.000905806650,0.450000000000,2.587500000000,0.013914238469,0.036003092038,0.450038650475,0.001054698618
LN00459,Baseline,0.007576617517,0.291600000000,3.670000000000,0.057851244205,0.212314066233,2.653925827915,0.008108283922
LN00460,Baseline,0.008109982182,0.450000000000,1.260000000000,0.093243672597,0.117487027472,1.468587843406,0.004598359897
LN00461,Baseline,0.009277217707,0.100000000000,5.690000000000,0.012602925140,0.071710644048,0.896383050604,0.005278736875
LN00462,Baseline,0.000234336376,0.175000000000,0.682500000000,0.001942630444,0.001325845278,0.016573065973,0.000027988551
LN00463,Baseline,0.039767147235,0.218200000000,2.870000000000,0.063465970924,0.182147336551,2.276841706888,0.024903539681
LN00464,Baseline,0.000868405472,0.183900000000,9.580000000000,0.014608780771,0.139952119784,1.749401497294,0.001529923761
LN00465,Baseline,0.007611747404,0.650000000000,6.070000000000,0.132012751434,0.801317401207,10.016467515091,0.030032149381
LN00466,Baseline,0.008461732906,0.450000000000,8.090000000000,0.087459590251,0.707548085134,8.844351064178,0.030804938645
LN00467,Baseline,0.007759358347,0.650000000000,4.200000000000,0.128520054978,0.539784230906,6.747302886321,0.021183048287
LN00468,Baseline,0.039806741526,0.450000000000,13.332500000000,0.096932358379,1.292350668092,16.154383351145,0.238825521629
LN00469,Baseline,0.000221609853,0.650000000000,11.300000000000,0.019048154732,0.215244148477,2.690551855963,0.001627724371
LN00470,Baseline,0.000753011719,0.200500000000,6.170000000000,0.005421646319,0.033451557791,0.418144472383,0.000931539503
LN00471,Baseline,0.000730100149,0.178400000000,11.330000000000,0.012980006516,0.147063473826,1.838293422828,0.001475730988
LN00472,Baseline,0.000805264307,0.210600000000,7.802500000000,0.005980423028,0.046662250676,0.583278133452,0.001323215543
LN00473,Baseline,0.000240160456,0.210000000000,2.450000000000,0.002376746891,0.005823029882,0.072787873528,0.000123562555
LN00474,Baseline,0.000219056262,0.175000000000,1.170000000000,0.006848040488,0.008012207371,0.100152592135,0.000044851770
LN00475,Baseline,0.000790754895,0.237100000000,6.820000000000,0.017964239604,0.122516114098,1.531451426230,0.001278668062
LN00476,Baseline,0.001060138815,0.650000000000,7.740000000000,0.057056224565,0.441615178131,5.520189726632,0.005333558381
LN00477,Baseline,0.000899753154,0.142400000000,12.360000000000,0.004381879520,0.054160030871,0.677000385884,0.001583623135
LN00478,Baseline,0.008305232917,0.516700000000,1.760000000000,0.107857344015,0.189828925467,2.372861568332,0.007552712373
LN00479,Baseline,0.009900943975,0.450000000000,1.810000000000,0.098958052329,0.179114074716,2.238925933945,0.008064318868
LN00480,Baseline,0.000750679192,0.270000000000,7.100000000000,0.019924214965,0.141461926252,1.768274078156,0.001439052011
LN00481,Baseline,0.000806311288,0.450000000000,3.590000000000,0.012790764634,0.045918845035,0.573985562939,0.001302595886
LN00482,Baseline,0.000213989714,0.226700000000,0.680000000000,0.006035398237,0.004104070801,0.051300885017,0.000032987798
LN00483,Baseline,0.007361214889,0.450000000000,6.520000000000,0.090411657057,0.589484004010,7.368550050120,0.021597804486
LN00484,Baseline,0.000978776726,0.264100000000,0.630000000000,0.008632616898,0.005438548646,0.067981858069,0.000162851808
LN00485,Baseline,0.000073355720,0.650000000000,1.740000000000,0.014786818038,0.025729063387,0.321613292335,0.000082965320
LN00486,Baseline,0.000764746190,0.224100000000,14.397500000000,0.006128708051,0.088238074161,1.102975927013,0.002467438097
LN00487,Baseline,0.000803355505,0.100000000000,27.800000000000,0.007637554192,0.212324006549,2.654050081866,0.002233328304
LN00488,Baseline,0.000200498407,0.450000000000,1.330000000000,0.016828266770,0.022381594805,0.279769935058,0.000119998297
LN00489,Baseline,0.007297071946,0.450000000000,2.747500000000,0.050702803613,0.139305952927,1.741324411588,0.009021917327
LN00490,Baseline,0.007160101935,0.100000000000,4.207500000000,0.011163734570,0.046971413204,0.587142665052,0.003012612889
LN00491,Baseline,0.009635689293,0.450000000000,22.512500000000,0.057676677912,1.298446211503,16.230577643783,0.097615554846
LN00492,Baseline,0.007778327587,0.228500000000,2.740000000000,0.046729118595,0.128037784951,1.600472311886,0.004869933119
LN00493,Baseline,0.007914191806,0.450000000000,2.780000000000,0.091536706637,0.254472044452,3.180900555646,0.009900653949
LN00494,Baseline,0.000749188494,0.100000000000,21.090000000000,0.007371890018,0.155473160484,1.943414506054,0.001580038533
LN00495,Baseline,0.007902763664,0.140000000000,3.080000000000,0.028774667897,0.088625977122,1.107824714031,0.003407671692
LN00496,Baseline,0.000824281792,0.263600000000,9.230000000000,0.018159209691,0.167609505447,2.095118818092,0.002005500679
LN00497,Baseline,0.000952531886,0.138200000000,1.020000000000,0.011500387491,0.011730395241,0.146629940509,0.000134272705
LN00498,Baseline,0.007394096994,0.160500000000,3.780000000000,0.032293522890,0.122069516523,1.525868956533,0.004485924705
LN00499,Baseline,0.001059397510,0.102900000000,0.850000000000,0.006567376566,0.005582270081,0.069778376014,0.000092660203
LN00500,Baseline,0.001075557993,0.112900000000,1.560000000000,0.009981525003,0.015571179005,0.194639737561,0.000189431576
LN00501,Baseline,0.007045357284,0.128500000000,10.370000000000,0.022644733097,0.234825882219,2.935323527731,0.009388255622
LN00502,Baseline,0.033536268613,0.100000000000,3.650000000000,0.020283922298,0.074036316387,0.925453954841,0.012240738044
LN00503,Baseline,0.033644575680,0.238800000000,3.260000000000,0.069354444697,0.226095489713,2.826193621418,0.026191898432
LN00504,Baseline,0.000955973296,0.450000000000,2.120000000000,0.037514671666,0.079531103932,0.994138799151,0.000911998525
LN00505,Baseline,0.000772868931,0.650000000000,3.092500000000,0.017913964850,0.055398936297,0.692486703716,0.001553563161
LN00506,Baseline,0.009607930542,0.136500000000,5.460000000000,0.017472985727,0.095402502069,1.192531275861,0.007160694554
LN00507,Baseline,0.001007419583,0.650000000000,11.980000000000,0.055625898403,0.666398262868,8.329978285850,0.007844776293
LN00508,Baseline,0.043339109375,0.116800000000,0.320000000000,0.035975011732,0.011512003754,0.143900046930,0.001619842552
LN00509,Baseline,0.000920720601,0.124200000000,1.950000000000,0.010160855753,0.019813668719,0.247670858984,0.000222989322
LN00510,Baseline,0.000248994924,0.450000000000,5.250000000000,0.018808402854,0.098744114983,1.234301437290,0.000588250507
LN00511,Baseline,0.000068017866,0.450000000000,3.725000000000,0.001831380318,0.006821891683,0.085273646035,0.000114014948
LN00512,Baseline,0.037564970776,0.450000000000,5.640000000000,0.094953401036,0.535537181842,6.694214773025,0.095339895829
LN00513,Baseline,0.000076859163,0.215200000000,5.860000000000,0.005004256970,0.029324945842,0.366561823028,0.000096924939
LN00514,Baseline,0.001083007774,0.450000000000,2.837500000000,0.015806051301,0.044849670565,0.560620882068,0.001382865552
LN00515,Baseline,0.000939825040,0.115300000000,2.650000000000,0.009530412290,0.025255592568,0.315694907096,0.000287158842
LN00516,Baseline,0.000232592286,0.238400000000,3.510000000000,0.009620831847,0.033769119782,0.422113997270,0.000194629503
LN00517,Baseline,0.000790173762,0.114200000000,12.815000000000,0.003198587748,0.040989901994,0.512373774929,0.001156397966
LN00518,Baseline,0.010053458525,0.650000000000,2.160000000000,0.123019870425,0.265722920117,3.321536501468,0.014115055769
LN00519,Baseline,0.000024779901,0.139700000000,4.210000000000,0.002025918035,0.008529114926,0.106613936581,0.000014573977
LN00520,Baseline,0.038836429464,0.450000000000,5.380000000000,0.129153431099,0.694845459310,8.685568241380,0.094022995732
LN00521,Baseline,0.045432273723,0.317800000000,19.452500000000,0.071853274753,1.397725827129,17.471572839110,0.280862520602
LN00522,Baseline,0.000866696211,0.450000000000,3.320000000000,0.030709384988,0.101955158159,1.274439476983,0.001294844139
LN00523,Baseline,0.000198433191,0.450000000000,11.690000000000,0.013340107031,0.155945851190,1.949323139870,0.001043857802
LN00524,Baseline,0.008677319911,0.450000000000,15.360000000000,0.095200388662,1.462277969846,18.278474623070,0.059977635226
LN00525,Baseline,0.000176714691,0.109900000000,4.200000000000,0.003853409447,0.016184319678,0.202303995980,0.000081567967
LN00526,Baseline,0.000844796623,0.175000000000,3.630000000000,0.013709885574,0.049766884635,0.622086057939,0.000536657055
LN00527,Baseline,0.120978309285,0.450000000000,2.992500000000,0.151767767746,0.454165044979,5.677063062233,0.162912415741
LN00528,Baseline,0.117006500302,0.254500000000,3.127500000000,0.084725408756,0.264978715885,3.312233948567,0.093131177658
LN00529,Baseline,0.009656300981,0.262300000000,8.990000000000,0.033650802089,0.302520710783,3.781508884783,0.022770301247
LN00530,Baseline,0.000944531909,0.201000000000,4.497500000000,0.006404745685,0.028805343719,0.360066796482,0.000853854485
LN00531,Baseline,0.007907157602,0.267100000000,5.670000000000,0.054907577277,0.311325963160,3.891574539494,0.011975050180
LN00532,Baseline,0.008076135836,0.227600000000,1.450000000000,0.047099068606,0.068293649479,0.853670618490,0.002665286349
LN00533,Baseline,0.000885468896,0.218900000000,1.700000000000,0.012109512618,0.020586171450,0.257327143122,0.000329509540
LN00534,Baseline,0.008844145960,0.650000000000,38.220000000000,0.138302647341,5.285927181354,66.074089766926,0.219715118080
LN00535,Baseline,0.000029027487,0.138100000000,3.350000000000,0.000274388190,0.000919200436,0.011490005448,0.000013429131
LN00536,Baseline,0.000243459596,0.650000000000,1.937500000000,0.007436134802,0.014407511179,0.180093889741,0.000306606928
LN00537,Baseline,0.000870663730,0.650000000000,16.432500000000,0.019533027815,0.320976479565,4.012205994560,0.009299668128
LN00538,Baseline,0.000192869272,0.160100000000,5.940000000000,0.005869560274,0.034865188028,0.435814850351,0.000183417521
LN00539,Baseline,0.000202824569,0.450000000000,7.990000000000,0.014433372565,0.115322646797,1.441533084958,0.000729255738
LN00540,Baseline,0.039859670076,0.450000000000,3.900000000000,0.135818055809,0.529690417654,6.621130220679,0.069953720983
LN00541,Baseline,0.132902912541,0.450000000000,3.260000000000,0.186790806536,0.608938029306,7.611725366331,0.194968572697
LN00542,Baseline,0.008932673311,0.175000000000,3.780000000000,0.031080813163,0.117485473756,1.468568421945,0.005908963396
LN00543,Baseline,0.039673078499,0.237200000000,1.120000000000,0.071511780368,0.080093194012,1.001164925153,0.010539708726
LN00544,Baseline,0.126627742945,0.157000000000,4.100000000000,0.062690748925,0.257032070592,3.212900882405,0.081510278134
LN00545,Baseline,0.000194207754,0.450000000000,5.405000000000,0.004303986887,0.023263049125,0.290788114061,0.000472361810
LN00546,Baseline,0.000865907881,0.650000000000,28.520000000000,0.051560283205,1.470499277016,18.381240962700,0.016052200295
LN00547,Baseline,0.000763140644,0.341700000000,4.880000000000,0.018988344986,0.092663123532,1.158289044146,0.001272533971
LN00548,Baseline,0.000071836742,0.450000000000,0.395000000000,0.001916312053,0.000756943261,0.009461790760,0.000012768981
LN00549,Baseline,0.009156003831,0.650000000000,4.080000000000,0.139735887568,0.570122421276,7.126530265950,0.024281722160
LN00550,Baseline,0.000869780045,0.365800000000,62.425000000000,0.010984526423,0.685709061943,8.571363274293,0.019861483858
LN00551,Baseline,0.000806080539,0.184800000000,9.932500000000,0.005251647264,0.052161986446,0.652024830579,0.001479581788
LN00552,Baseline,0.000212064225,0.450000000000,1.990000000000,0.013190193690,0.026248485443,0.328106068033,0.000189903514
LN00553,Baseline,0.000228281218,0.167500000000,7.405000000000,0.001821317502,0.013486856101,0.168585701269,0.000283145755
LN00554,Baseline,0.035590022226,0.203500000000,2.130000000000,0.052758091691,0.112374735301,1.404684191264,0.015426673084
LN00555,Baseline,0.000093401092,0.124000000000,1.027500000000,0.000655780489,0.000673814452,0.008422680654,0.000011900233
LN00556,Baseline,0.000243004140,0.650000000000,2.870000000000,0.007425171378,0.021310241855,0.266378023187,0.000453324223
LN00557,Baseline,0.000947579019,0.257200000000,4.337500000000,0.008214466297,0.035630247565,0.445378094566,0.001057123891
LN00558,Baseline,0.000974741897,0.258400000000,0.690000000000,0.018086315029,0.012479557370,0.155994467129,0.000173792581
LN00559,Baseline,0.006890504172,0.220700000000,1.420000000000,0.040985837476,0.058199889216,0.727498615206,0.002159442665
LN00560,Baseline,0.001081779858,0.106300000000,4.240000000000,0.003730746439,0.015818364903,0.197729561292,0.000487571163
LN00561,Baseline,0.000079065995,0.228700000000,2.517500000000,0.001054358509,0.002654347547,0.033179344339,0.000045522424
LN00562,Baseline,0.000242693039,0.450000000000,6.650000000000,0.018561723205,0.123435459314,1.542943241425,0.000726258920
LN00563,Baseline,0.040011939328,0.450000000000,1.185000000000,0.097111519319,0.115077150393,1.438464379913,0.021336366646
LN00564,Baseline,0.006734173337,0.145700000000,9.150000000000,0.022101898357,0.202232369966,2.527904624575,0.008977696856
LN00565,Baseline,0.006844669601,0.268200000000,1.195000000000,0.029284311943,0.034994752772,0.437434409651,0.002193709762
LN00566,Baseline,0.009007724848,0.277400000000,19.985000000000,0.034500069215,0.689483883262,8.618548540770,0.049937376316
LN00567,Baseline,0.008601415425,0.135900000000,0.810000000000,0.028674055867,0.023225985252,0.290324815649,0.000946835209
LN00568,Baseline,0.000067469425,0.450000000000,1.500000000000,0.009845593082,0.014768389623,0.184604870287,0.000045541862
LN00569,Baseline,0.001003261773,0.450000000000,6.800000000000,0.038430877897,0.261329969696,3.266624621205,0.003069981026
LN00570,Baseline,0.001045283482,0.316400000000,23.670000000000,0.023393766306,0.553730448470,6.921630605879,0.007828324512
LN00571,Baseline,0.000909625081,0.299700000000,6.140000000000,0.024369771267,0.149630395578,1.870379944725,0.001673853870
LN00572,Baseline,0.038452128947,0.270000000000,7.870000000000,0.080806440851,0.635946689496,7.949333618700,0.081706928800
LN00573,Baseline,0.000731646410,0.237600000000,4.560000000000,0.017305889224,0.078914854862,0.986435685775,0.000792706693
LN00574,Baseline,0.009377575864,0.276100000000,1.610000000000,0.059773514703,0.096235358672,1.202941983405,0.004168529401
LN00575,Baseline,0.036595673080,0.650000000000,2.750000000000,0.188105227530,0.517289375706,6.466117196331,0.065414765631
LN00576,Baseline,0.001055650606,0.450000000000,1.222500000000,0.015522296621,0.018976007619,0.237200095237,0.000580739790
LN00577,Baseline,0.037177310371,0.650000000000,1.195000000000,0.136654355516,0.163301954842,2.041274435525,0.028877475830
LN00578,Baseline,0.008609691319,0.650000000000,6.700000000000,0.134286323780,0.899718369328,11.246479616606,0.037495205692
LN00579,Baseline,0.035767183922,0.450000000000,1.265000000000,0.093334304547,0.118067895252,1.475848690649,0.020360469447
LN00580,Baseline,0.000786675933,0.650000000000,6.170000000000,0.049119342835,0.303066345292,3.788329316145,0.003154963829
LN00581,Baseline,0.001015369487,0.228400000000,1.220000000000,0.014241211197,0.017374277660,0.217178470747,0.000282930677
LN00582,Baseline,0.000909689722,0.223500000000,6.030000000000,0.017612189023,0.106201499811,1.327518747632,0.001225993387
LN00583,Baseline,0.000209887106,0.119400000000,2.750000000000,0.003899719226,0.010724227872,0.134052848403,0.000068916431
LN00584,Baseline,0.001089603031,0.170300000000,18.290000000000,0.015153456859,0.277156725943,3.464459074283,0.003393881357
LN00585,Baseline,0.045330963455,0.100000000000,6.190000000000,0.028582583272,0.176926190452,2.211577380651,0.028059866379
LN00586,Baseline,0.009619383415,0.239400000000,13.005000000000,0.030661058557,0.398747066534,4.984338331672,0.029948959468
LN00587,Baseline,0.000181457647,0.450000000000,1.897500000000,0.004076988003,0.007736084736,0.096701059204,0.000154942148
LN00588,Baseline,0.000946398956,0.450000000000,4.740000000000,0.037326035577,0.176925408635,2.211567607936,0.002018668973
LN00589,Baseline,0.000238753359,0.450000000000,1.680000000000,0.015738707241,0.026441028164,0.330512852051,0.000180497540
LN00590,Baseline,0.000023578780,0.243800000000,2.960000000000,0.003477495848,0.010293387709,0.128667346364,0.000017015579
LN00591,Baseline,0.033450210663,0.329900000000,3.000000000000,0.066857623738,0.200572871213,2.507160890160,0.033105673493
LN00592,Baseline,0.001029302364,0.175000000000,1.877500000000,0.005929101082,0.011131887282,0.139148591022,0.000338190158
LN00593,Baseline,0.000904154358,0.252500000000,1.330000000000,0.016351076820,0.021746932171,0.271836652139,0.000303637637
LN00594,Baseline,0.008607337979,0.140000000000,1.090000000000,0.029545305098,0.032204382557,0.402554781961,0.001313479776
LN00595,Baseline,0.000029588484,0.193400000000,0.430000000000,0.002986768442,0.001284310430,0.016053880378,0.000002460637
LN00596,Baseline,0.000951292593,0.100000000000,1.560000000000,0.008316130307,0.012973163279,0.162164540992,0.000148401644
LN00597,Baseline,0.008131428632,0.450000000000,7.432500000000,0.053390821018,0.396827277214,4.960340965169,0.027196579488
LN00598,Baseline,0.007945319785,0.450000000000,0.780000000000,0.052812531747,0.041193774762,0.514922184531,0.002788807245
LN00599,Baseline,0.130934705287,0.450000000000,1.140000000000,0.185098253184,0.211012008630,2.637650107879,0.067169503812
LN00600,Baseline,0.007106420791,0.100000000000,26.870000000000,0.018331893267,0.492577972088,6.157224651098,0.019094952665
LN00601,Baseline,0.001023030585,0.290700000000,2.370000000000,0.021253356056,0.050370453852,0.629630673152,0.000704826129
LN00602,Baseline,0.009556439293,0.450000000000,6.180000000000,0.097957820528,0.605379330866,7.567241635819,0.026576457674
LN00603,Baseline,0.035959973211,0.306400000000,8.520000000000,0.090307517027,0.769420045072,9.617750563403,0.093874516946
LN00604,Baseline,0.007722598483,0.450000000000,8.690000000000,0.088838163606,0.772003641737,9.650045521712,0.030199221370
LN00605,Baseline,0.151380448482,0.100000000000,0.885000000000,0.036572508916,0.032366670390,0.404583379878,0.013397169691
LN00606,Baseline,0.006797154662,0.238400000000,3.560000000000,0.046653077284,0.166084955132,2.076061939150,0.005768772350
LN00607,Baseline,0.039205353658,0.100000000000,0.890000000000,0.030064215723,0.026757151993,0.334464399915,0.003489276476
LN00608,Baseline,0.000203864467,0.172600000000,51.740000000000,0.006509806795,0.336817403591,4.210217544887,0.001820575744
LN00609,Baseline,0.009041396536,0.250100000000,0.910000000000,0.053565983848,0.048745045302,0.609313066275,0.002057740479
LN00610,Baseline,0.000787680902,0.166200000000,1.397500000000,0.004644330899,0.006490452432,0.081130655398,0.000182950311
LN00611,Baseline,0.008965834273,0.226900000000,1.580000000000,0.048475892159,0.076591909611,0.957398870134,0.003214269519
LN00612,Baseline,0.007968110442,0.650000000000,0.852500000000,0.076387966771,0.065120741673,0.814009270908,0.004415329199
LN00613,Baseline,0.139908187544,0.189300000000,14.325000000000,0.067380118197,0.965220193173,12.065252414662,0.379392180097
LN00614,Baseline,0.114221914844,0.173100000000,50.520000000000,0.071135017628,3.593741090549,44.921763631863,0.998872015975
LN00615,Baseline,0.000896689599,0.130600000000,2.790000000000,0.010543424270,0.029416153714,0.367701921426,0.000326730376
LN00616,Baseline,0.008462870424,0.291300000000,1.032500000000,0.035210150409,0.036354480297,0.454431003712,0.002545354265
LN00617,Baseline,0.007423794672,0.225000000000,0.480000000000,0.045330146086,0.021758470121,0.271980876518,0.000801769825
LN00618,Baseline,0.000779172084,0.650000000000,3.510000000000,0.048881272986,0.171573268182,2.144665852272,0.001777681109
LN00619,Baseline,0.000181526776,0.175000000000,3.062500000000,0.001585978023,0.004857057695,0.060713221183,0.000097287006
LN00620,Baseline,0.000077507997,0.152300000000,2.147500000000,0.000690681004,0.001483237456,0.018540468198,0.000025350095
LN00621,Baseline,0.007035434107,0.450000000000,5.590000000000,0.089079042623,0.497951848265,6.224398103313,0.017697634497
LN00622,Baseline,0.001082486914,0.231300000000,6.650000000000,0.014318047008,0.095215012606,1.190187657580,0.001665021834
LN00623,Baseline,0.130372921149,0.450000000000,6.190000000000,0.192052967023,1.188807865875,14.860098323436,0.363153771860
LN00624,Baseline,0.001028530655,0.307300000000,2.847500000000,0.010405952237,0.029630948994,0.370386862424,0.000900002122
LN00625,Baseline,0.155891152692,0.113300000000,1.490000000000,0.050601872616,0.075396790198,0.942459877473,0.026317076724
LN00626,Baseline,0.000758204632,0.650000000000,8.720000000000,0.048209333525,0.420385388334,5.254817354179,0.004297503852
LN00627,Baseline,0.008908162010,0.450000000000,4.075000000000,0.055685157431,0.226917016533,2.836462706662,0.016335342087
LN00628,Baseline,0.000094907317,0.240900000000,10.212500000000,0.001290857413,0.013182881327,0.164786016591,0.000233490150
LN00629,Baseline,0.008847894514,0.247000000000,8.910000000000,0.030470822748,0.271495030680,3.393687883504,0.019472180811
LN00630,Baseline,0.037946730196,0.118100000000,1.080000000000,0.035237219005,0.038056196526,0.475702456572,0.004840029543
LN00631,Baseline,0.037974931578,0.450000000000,1.070000000000,0.134288463889,0.143688656361,1.796108204512,0.018284929555
LN00632,Baseline,0.032559753724,0.207900000000,1.785000000000,0.041745457998,0.074515642527,0.931445531584,0.012082973447
LN00633,Baseline,0.000083690509,0.104900000000,1.480000000000,0.000506845649,0.000750131560,0.009376644505,0.000012993119
LN00634,Baseline,0.001100690384,0.450000000000,9.540000000000,0.031147213997,0.297144421527,3.714305269089,0.004725263819
LN00635,Baseline,0.000097871768,0.140000000000,6.370000000000,0.003655625527,0.023286334606,0.291079182575,0.000087282043
LN00636,Baseline,0.000169794405,0.284500000000,13.450000000000,0.008308742749,0.111752589980,1.396907374745,0.000649722535
LN00637,Baseline,0.009095802773,0.307600000000,6.660000000000,0.065998507628,0.439550060806,5.494375760073,0.018633807095
LN00638,Baseline,0.007715783895,0.213700000000,5.520000000000,0.043590395308,0.240618982098,3.007737276221,0.009101723862
LN00639,Baseline,0.009786036271,0.100000000000,14.880000000000,0.021917575336,0.326133520994,4.076669012421,0.014561621971
LN00640,Baseline,0.032685521543,0.247900000000,7.170000000000,0.071547389424,0.512994782168,6.412434777104,0.058096651468
LN00641,Baseline,0.009902117818,0.233100000000,4.225000000000,0.030236540215,0.127749382410,1.596867280122,0.009752075978
LN00642,Baseline,0.043583653878,0.210100000000,19.700000000000,0.060295546331,1.187822262729,14.847778284110,0.180391435892
LN00643,Baseline,0.000070309141,0.266200000000,5.030000000000,0.005936843740,0.029862324012,0.373279050155,0.000094142955
LN00644,Baseline,0.000171321793,0.325900000000,3.310000000000,0.011248372191,0.037232111953,0.465401399411,0.000184809786
LN00645,Baseline,0.009545880710,0.100000000000,1.940000000000,0.018837303189,0.036544368187,0.456804602339,0.001851900858
LN00646,Baseline,0.034197529202,0.478400000000,9.050000000000,0.131088714577,1.186352866926,14.829410836570,0.148058886630
LN00647,Baseline,0.000025133304,0.450000000000,15.440000000000,0.006557329577,0.101245168668,1.265564608350,0.000174626198
LN00648,Baseline,0.001070102739,0.450000000000,4.260000000000,0.037883488695,0.161383661839,2.017295772984,0.002051386950
LN00649,Baseline,0.008617832541,0.450000000000,16.580000000000,0.095002182237,1.575136181493,19.689202268664,0.064297648587
LN00650,Baseline,0.000023797948,0.450000000000,0.547500000000,0.000754419105,0.000413044460,0.005163055750,0.000005863220
LN00651,Baseline,0.000890477301,0.450000000000,4.240000000000,0.032833331702,0.139213326417,1.740166580215,0.001699030691
LN00652,Baseline,0.032931277400,0.263300000000,3.827500000000,0.053075127031,0.203145048711,2.539313108886,0.033187507437
LN00653,Baseline,0.010018443882,0.204600000000,1.990000000000,0.026675178296,0.053083604810,0.663545060123,0.004079049500
LN00654,Baseline,0.000191359799,0.263800000000,42.247500000000,0.002493562326,0.105346774347,1.316834679333,0.002132684001
LN00655,Baseline,0.034657501498,0.240800000000,4.190000000000,0.070391985739,0.294942420247,3.686780253081,0.034967755451
LN00656,Baseline,0.000832007341,0.450000000000,2.980000000000,0.034983484124,0.104250782688,1.303134783605,0.001115721844
LN00657,Baseline,0.045341964975,0.268800000000,4.600000000000,0.083737800416,0.385193881915,4.814923523941,0.056064432852
LN00658,Baseline,0.000763014964,0.178300000000,0.545000000000,0.004868096225,0.002653112442,0.033163905531,0.000074144835
LN00659,Baseline,0.009660374752,0.228500000000,2.100000000000,0.049896294917,0.104782219325,1.309777741567,0.004635530825
LN00660,Baseline,0.000989600012,0.100000000000,10.475000000000,0.003294458727,0.034509455169,0.431368189613,0.001036606013
LN00661,Baseline,0.001036688445,0.270000000000,2.390000000000,0.023438164425,0.056017212976,0.700215162196,0.000668975053
LN00662,Baseline,0.045501802137,0.450000000000,1.780000000000,0.101801431715,0.181206548453,2.265081855661,0.036446943512
LN00663,Baseline,0.000235666219,0.100000000000,16.600000000000,0.004062927585,0.067444597909,0.843057473859,0.000391205923
LN00664,Baseline,0.000097349696,0.286000000000,17.120000000000,0.007448524628,0.127518741625,1.593984270318,0.000476655264
LN00665,Baseline,0.000774640540,0.161200000000,7.520000000000,0.012086750123,0.090892360926,1.136154511572,0.000939037854
LN00666,Baseline,0.009409534646,0.236000000000,2.840000000000,0.051142891319,0.145245811345,1.815572641815,0.006306646501
LN00667,Baseline,0.039552843571,0.450000000000,3.530000000000,0.135570196189,0.478562792546,5.982034906826,0.062829692013
LN00668,Baseline,0.136546173429,0.450000000000,2.010000000000,0.194460482013,0.390865568845,4.885819610567,0.123506013866
LN00669,Baseline,0.001063521226,0.152800000000,1.660000000000,0.013433839070,0.022300172856,0.278752160698,0.000269760032
LN00670,Baseline,0.001092118205,0.100000000000,1.580000000000,0.008908268927,0.014075064905,0.175938311316,0.000172554676
LN00671,Baseline,0.000223987462,0.392300000000,2.420000000000,0.015527826757,0.037577340753,0.469716759414,0.000212646081
LN00672,Baseline,0.008328574554,0.450000000000,1.420000000000,0.053990930596,0.076667121446,0.958339018081,0.005321959140
LN00673,Baseline,0.132661694377,0.100000000000,0.940000000000,0.042881140496,0.040308272066,0.503853400827,0.012470199271
LN00674,Baseline,0.008000575364,0.236500000000,5.580000000000,0.048797036104,0.272287461459,3.403593268232,0.010558119290
LN00675,Baseline,0.007917026059,0.169800000000,5.670000000000,0.034919401713,0.197993007712,2.474912596400,0.007622243511
LN00676,Baseline,0.000870669213,0.650000000000,24.550000000000,0.036422273134,0.894166805442,11.177085068019,0.013893703974
LN00677,Baseline,0.033295081477,0.189300000000,2.300000000000,0.054853437474,0.126162906190,1.577036327371,0.014496345524
LN00678,Baseline,0.000757034779,0.216300000000,6.030000000000,0.016030008625,0.096660952011,1.208261900143,0.000987392135
LN00679,Baseline,0.000230349354,0.650000000000,5.367500000000,0.007118354298,0.038207766697,0.477597083710,0.000803660104
LN00680,Baseline,0.000890869809,0.450000000000,3.480000000000,0.036210023149,0.126010880557,1.575136006964,0.001395102121
LN00681,Baseline,0.000096917662,0.237300000000,8.485000000000,0.001293625467,0.010976412087,0.137205151090,0.000195142792
LN00682,Baseline,0.000216200159,0.100000000000,9.730000000000,0.003886900911,0.037819545860,0.472744323245,0.000210362754
LN00683,Baseline,0.000020371935,0.212400000000,6.220000000000,0.002894420264,0.018003294043,0.225041175531,0.000026913933
LN00684,Baseline,0.000785577610,0.450000000000,3.470000000000,0.025944925069,0.090028889990,1.125361124875,0.001226679438
LN00685,Baseline,0.007395523735,0.192300000000,3.130000000000,0.038694287272,0.121113119162,1.513913989523,0.004451358340
LN00686,Baseline,0.001093667315,0.562500000000,1.140000000000,0.050144219279,0.057164409978,0.714555124720,0.000701314165
LN00687,Baseline,0.000807584281,0.650000000000,1.745000000000,0.018496758661,0.032276843863,0.403460548287,0.000916002471
LN00688,Baseline,0.135307949323,0.234800000000,2.137500000000,0.082580392654,0.176515589298,2.206444866219,0.067909030146
LN00689,Baseline,0.009903188038,0.450000000000,1.460000000000,0.082728441267,0.120783524250,1.509794053123,0.006506394541
LN00690,Baseline,0.001094241351,0.252900000000,6.960000000000,0.022550703174,0.156952894089,1.961911176111,0.001926066118
LN00691,Baseline,0.000813967426,0.100000000000,14.830000000000,0.007688438857,0.114019548253,1.425244353157,0.001207113693
LN00692,Baseline,0.032740157189,0.278900000000,1.810000000000,0.080523413670,0.145747378742,1.821842234280,0.016527526011
LN00693,Baseline,0.000178745345,0.234500000000,5.950000000000,0.005647491649,0.033602575314,0.420032191425,0.000249398911
LN00694,Baseline,0.000752038220,0.187900000000,1.405000000000,0.005076127271,0.007131958815,0.089149485194,0.000198537714
LN00695,Baseline,0.034736383127,0.239000000000,2.915000000000,0.049069952543,0.143038911663,1.787986395789,0.024200317079
LN00696,Baseline,0.000936699265,0.199300000000,2.250000000000,0.016446155918,0.037003850815,0.462548135183,0.000420039368
LN00697,Baseline,0.009819400432,0.205800000000,8.180000000000,0.045150268818,0.369329198933,4.616614986659,0.016530410741
LN00698,Baseline,0.008514123087,0.450000000000,2.035000000000,0.054544424574,0.110997904008,1.387473800106,0.007796808217
LN00699,Baseline,0.008819424311,0.450000000000,11.290000000000,0.055432257576,0.625830188031,7.822877350387,0.044807085212
LN00700,Baseline,0.000801510723,0.450000000000,3.510000000000,0.034329018089,0.120494853492,1.506185668646,0.001265986187
LN00701,Baseline,0.000232113977,0.450000000000,2.340000000000,0.018140914289,0.042449739435,0.530621742943,0.000244416017
LN00702,Baseline,0.000955298556,0.175000000000,1.052500000000,0.005621737605,0.005916878829,0.073960985365,0.000175954053
LN00703,Baseline,0.000237550383,0.450000000000,5.307500000000,0.005049324983,0.026799292345,0.334991154310,0.000567359396
LN00704,Baseline,0.045126610200,0.232600000000,10.970000000000,0.072372901980,0.793930734720,9.924134184001,0.115146051371
LN00705,Baseline,0.000854622046,0.175000000000,5.340000000000,0.005188662705,0.027707458843,0.346343235535,0.000798644302
LN00706,Baseline,0.007014976218,0.650000000000,42.050000000000,0.128545655092,5.405344796625,67.566809957814,0.191736837477
LN00707,Baseline,0.007462393929,0.235800000000,17.867500000000,0.026857913139,0.479883763008,5.998547037606,0.031440233487
LN00708,Baseline,0.008175090639,0.153700000000,3.300000000000,0.031927250628,0.105359927073,1.316999088414,0.004146487723
LN00709,Baseline,0.001081848110,0.233100000000,3.260000000000,0.020668141904,0.067378142606,0.842226782571,0.000822102870
LN00710,Baseline,0.000865803637,0.256700000000,7.170000000000,0.020361110307,0.145989160901,1.824864511263,0.001593545361
LN00711,Baseline,0.146724044797,0.196600000000,1.940000000000,0.080381078392,0.155939292080,1.949241150995,0.055961137582
LN00712,Baseline,0.008525287041,0.140000000000,14.390000000000,0.029459323814,0.423919669686,5.298995871080,0.017175043272
LN00713,Baseline,0.034567759589,0.450000000000,6.430000000000,0.131471225332,0.845359978882,10.566999736027,0.100021812372
LN00714,Baseline,0.036458629460,0.100000000000,5.790000000000,0.028045451151,0.162383162165,2.029789527059,0.021109546457
LN00715,Baseline,0.008913428577,0.200800000000,8.910000000000,0.042824795542,0.381568928282,4.769611603527,0.015947264643
LN00716,Baseline,0.000221289907,0.211800000000,23.787500000000,0.002247038869,0.053451437095,0.668142963685,0.001114901149
LN00717,Baseline,0.008164624463,0.450000000000,4.962500000000,0.053492754855,0.265457795966,3.318222449579,0.018232627005
LN00718,Baseline,0.000184744727,0.249200000000,3.605000000000,0.002290357630,0.008256739255,0.103209240684,0.000165968381
LN00719,Baseline,0.009151805027,0.220800000000,20.260000000000,0.046470637140,0.941495108452,11.768688855645,0.040939757824
LN00720,Baseline,0.119902434124,0.175000000000,11.790000000000,0.072945635131,0.860029038198,10.750362977478,0.247388697207
LN00721,Baseline,0.001078305180,0.450000000000,2.702500000000,0.015757478377,0.042584585313,0.532307316411,0.001311353887
LN00722,Baseline,0.000796483606,0.225000000000,4.500000000000,0.017109912372,0.076994605676,0.962432570944,0.000806439651
LN00723,Baseline,0.000069989549,0.450000000000,5.450000000000,0.010014706524,0.054580150555,0.682251881935,0.000171649369
LN00724,Baseline,0.134500149548,0.450000000000,5.075000000000,0.157923720400,0.801462881032,10.018286012897,0.307164716530
LN00725,Baseline,0.000208481931,0.175900000000,1.005000000000,0.001780006481,0.001788906514,0.022361331420,0.000036855331
LN00726,Baseline,0.000082826217,0.242700000000,0.960000000000,0.005847611639,0.005613707173,0.070171339668,0.000019297846
LN00727,Baseline,0.000201642301,0.200800000000,1.625000000000,0.001978828312,0.003215596007,0.040194950085,0.000065795883
LN00728,Baseline,0.000099104599,0.117900000000,1.710000000000,0.002853093600,0.004878790056,0.060984875699,0.000019980379
LN00729,Baseline,0.000905839692,0.182500000000,2.010000000000,0.005643144857,0.011342721162,0.141784014526,0.000332284645
LN00730,Baseline,0.000902730934,0.197300000000,8.450000000000,0.012518306885,0.105779693179,1.322246164735,0.001505019473
LN00731,Baseline,0.000881854886,0.232200000000,3.790000000000,0.018588991330,0.070452277143,0.880653464281,0.000776065810
LN00732,Baseline,0.000068723600,0.450000000000,5.450000000000,0.008515540102,0.046409693557,0.580121169460,0.000168544628
LN00733,Baseline,0.000214589607,0.176200000000,1.320000000000,0.006822500655,0.009005700864,0.112571260804,0.000049910109
LN00734,Baseline,0.000810931483,0.450000000000,2.632500000000,0.012844017677,0.033811876535,0.422648456691,0.000960649708
LN00735,Baseline,0.000087083195,0.450000000000,8.060000000000,0.011105437523,0.089509826433,1.118872830416,0.000315850748
LN00736,Baseline,0.006884809261,0.215300000000,7.310000000000,0.023576446930,0.172343827059,2.154297838240,0.010835608861
LN00737,Baseline,0.000247667350,0.281300000000,1.932500000000,0.003261854074,0.006303532997,0.078794162468,0.000134635005
LN00738,Baseline,0.000899398995,0.450000000000,5.270000000000,0.033002848751,0.173925012916,2.174062661446,0.002132924717
LN00739,Baseline,0.001062674628,0.450000000000,33.857500000000,0.015595425494,0.528022118654,6.600276483170,0.016190777795
LN00740,Baseline,0.000901841696,0.260000000000,4.400000000000,0.021050514776,0.092622265016,1.157778312706,0.001031706900
LN00741,Baseline,0.000020605803,0.245500000000,2.240000000000,0.002533715264,0.005675522191,0.070944027387,0.000011331543
LN00742,Baseline,0.000233960461,0.225000000000,3.770000000000,0.009107492660,0.034335247326,0.429190591580,0.000198456961
LN00743,Baseline,0.040966791792,0.450000000000,4.040000000000,0.097941195225,0.395682428707,4.946030358838,0.074477627479
LN00744,Baseline,0.000027570772,0.199200000000,2.982500000000,0.000378772801,0.001129689880,0.014121123501,0.000016380182
LN00745,Baseline,0.000884227374,0.189900000000,3.970000000000,0.005770681953,0.022909607355,0.286370091937,0.000666621670
LN00746,Baseline,0.000962942450,0.450000000000,0.937500000000,0.014538596808,0.013629934507,0.170374181339,0.000406241346
LN00747,Baseline,0.001046872044,0.220500000000,1.590000000000,0.007561009325,0.012022004828,0.150275060344,0.000367028104
LN00748,Baseline,0.000960333574,0.450000000000,3.860000000000,0.037600222074,0.145136857204,1.814210715053,0.001668099419
LN00749,Baseline,0.007870088258,0.225100000000,3.422500000000,0.026299396368,0.090009684070,1.125121050880,0.006063153377
LN00750,Baseline,0.041164854388,0.182900000000,2.540000000000,0.055629203197,0.141298176119,1.766227201490,0.019123791744
LN00001,Adverse,0.042146194464,0.228045000000,2.537500000000,0.050148270778,0.127251237099,1.590640463742,0.024388493376
LN00002,Adverse,0.009807467172,0.517500000000,5.220000000000,0.113494408832,0.592440814103,7.405510176290,0.026493401444
LN00003,Adverse,0.110829429247,0.171695000000,7.770000000000,0.069925185916,0.543318694566,6.791483682076,0.147854233300
LN00004,Adverse,0.044644355105,0.241040000000,35.230000000000,0.070148524549,2.471332519849,30.891656498108,0.379112684742
LN00005,Adverse,0.001785401197,0.296700000000,11.470000000000,0.033053047894,0.379118459342,4.738980741779,0.006075986300
LN00006,Adverse,0.271525880650,0.241960000000,11.890000000000,0.116400529678,1.384002297866,17.300028723327,0.781154000755
LN00007,Adverse,0.042952378729,0.133745000000,98.350000000000,0.041102832172,4.042463544099,50.530794301238,0.564987890590
LN00008,Adverse,0.049632675904,0.359030000000,7.510000000000,0.114521726556,0.860058166436,10.750727080447,0.133825343420
LN00009,Adverse,0.002971725398,0.346265000000,6.697500000000,0.023759529821,0.159129450974,1.989118137180,0.006891757605
LN00010,Adverse,0.010226844735,0.232875000000,9.060000000000,0.051681061941,0.468230421185,5.852880264817,0.021577082797
LN00011,Adverse,0.010983706011,0.241500000000,1.630000000000,0.054658956287,0.089094098748,1.113676234355,0.004323680953
LN00012,Adverse,0.108163056958,0.260935000000,2.880000000000,0.105490343354,0.303812188858,3.797652360731,0.081283758530
LN00013,Adverse,0.039675810527,0.259670000000,2.700000000000,0.078287378334,0.211375921502,2.642199018772,0.027817067843
LN00014,Adverse,0.107807288157,0.517500000000,7.937500000000,0.166746522204,1.323550519993,16.544381499909,0.442835280995
LN00015,Adverse,0.011605568387,0.288075000000,3.770000000000,0.066165802901,0.249445076937,3.118063461711,0.012604143406
LN00016,Adverse,0.002930187839,0.517500000000,5.150000000000,0.071245164938,0.366912599429,4.586407492863,0.007809316863
LN00017,Adverse,0.041316035084,0.517500000000,11.895000000000,0.112979516920,1.343891353768,16.798641922101,0.254327567818
LN00018,Adverse,0.001442683710,0.517500000000,10.620000000000,0.045934292290,0.487822184115,6.097777301435,0.007928773267
LN00019,Adverse,0.107005543839,0.517500000000,3.810000000000,0.208530254985,0.794500271493,9.931253393668,0.210980155649
LN00020,Adverse,0.046216862543,0.266455000000,2.290000000000,0.083414625520,0.191019492440,2.387743655500,0.028200695309
LN00021,Adverse,0.041931062624,0.517500000000,13.950000000000,0.158103242857,2.205540237857,27.569252973217,0.302705582468
LN00022,Adverse,0.010554708571,0.517500000000,7.820000000000,0.069003881404,0.539610352579,6.745129407239,0.042713322383
LN00023,Adverse,0.297214439834,0.517500000000,0.900000000000,0.248506909547,0.223656218592,2.795702732402,0.138427625353
LN00024,Adverse,0.128160126585,0.517500000000,3.280000000000,0.203254114587,0.666673495846,8.333418698069,0.217538998866
LN00025,Adverse,0.039175482292,0.517500000000,5.290000000000,0.155554484868,0.822883224951,10.286040311890,0.107245820936
LN00026,Adverse,0.003821442713,0.747500000000,9.770000000000,0.118079585316,1.153637548540,14.420469356748,0.027908282738
LN00027,Adverse,0.010705293883,0.115000000000,11.140000000000,0.025846791153,0.287933253443,3.599165668038,0.013714551993
LN00028,Adverse,0.001511677549,0.331775000000,5.097500000000,0.014689160327,0.074877994769,0.935974934617,0.002556583933
LN00029,Adverse,0.003736609432,0.517500000000,8.050000000000,0.081004602890,0.652087053261,8.151088165766,0.015566247819
LN00030,Adverse,0.048815535816,0.211600000000,4.780000000000,0.067196821557,0.321200807043,4.015010088035,0.049374376070
LN00031,Adverse,0.042076264727,0.747500000000,2.280000000000,0.228563961577,0.521125832396,6.514072904955,0.071710577974
LN00032,Adverse,0.319873639784,0.137425000000,3.450000000000,0.065630929019,0.226426705116,2.830333813954,0.151657290568
LN00033,Adverse,0.010207732813,0.517500000000,4.570000000000,0.110109977312,0.503202596317,6.290032453968,0.024141032910
LN00034,Adverse,0.010657958829,0.138690000000,3.982500000000,0.018569925428,0.073954728016,0.924434100196,0.005886741574
LN00035,Adverse,0.011802376949,0.257370000000,0.605000000000,0.035959916992,0.021755749780,0.271946872253,0.001837734542
LN00036,Adverse,0.003302354350,0.517500000000,3.010000000000,0.076964450369,0.231662995611,2.895787445143,0.005143994813
LN00037,Adverse,0.003779035423,0.228045000000,4.740000000000,0.034080810467,0.161543041613,2.019288020168,0.004084885231
LN00038,Adverse,0.009795036634,0.281290000000,2.997500000000,0.036314201104,0.108851817809,1.360647722612,0.008258849449
LN00039,Adverse,0.003764326108,0.263350000000,3.500000000000,0.041346641211,0.144713244238,1.808915552977,0.003469673482
LN00040,Adverse,0.046000303988,0.215050000000,7.300000000000,0.065861461607,0.480788669733,6.009858371667,0.072214267220
LN00041,Adverse,0.009484589008,0.517500000000,1.520000000000,0.112405393919,0.170856198757,2.135702484457,0.007460577714
LN00042,Adverse,0.115770107962,0.517500000000,0.805000000000,0.171562771554,0.138108031101,1.726350388758,0.048228379851
LN00043,Adverse,0.042802710754,0.117415000000,3.075000000000,0.025966728378,0.079847689762,0.998096122029,0.015453966871
LN00044,Adverse,0.009062737809,0.517500000000,9.620000000000,0.100480111829,0.966618675793,12.082733447413,0.045117480770
LN00045,Adverse,0.104650051487,0.238165000000,20.807500000000,0.075818080487,1.577584709725,19.719808871568,0.518605703702
LN00046,Adverse,0.113829036534,0.517500000000,9.800000000000,0.209295860540,2.051099433294,25.638742916176,0.577283958780
LN00047,Adverse,0.008882037278,0.241500000000,1.030000000000,0.049290001392,0.050768701434,0.634608767924,0.002209362363
LN00048,Adverse,0.009329537544,0.290490000000,3.550000000000,0.050400754763,0.178922679408,2.236533492605,0.009620987632
LN00049,Adverse,0.047382586717,0.267835000000,5.790000000000,0.084390149180,0.488618963755,6.107737046932,0.073479240506
LN00050,Adverse,0.003668197314,0.517500000000,5.350000000000,0.080395070963,0.430113629650,5.376420370629,0.010155862789
LN00051,Adverse,0.003700364999,0.363055000000,7.690000000000,0.043914985435,0.337706237995,4.221327974940,0.010331022954
LN00052,Adverse,0.000609369935,0.274045000000,1.790000000000,0.018180385339,0.032542889756,0.406786121951,0.000298920663
LN00053,Adverse,0.049192833981,0.517500000000,4.342500000000,0.120588563778,0.523655838207,6.545697977587,0.110548288709
LN00054,Adverse,0.045923221831,0.517500000000,6.820000000000,0.145141375404,0.989864180256,12.373302253200,0.162079122968
LN00055,Adverse,0.040593694694,0.296930000000,10.230000000000,0.090008953752,0.920791596884,11.509894961053,0.123307159381
LN00056,Adverse,0.040799257831,0.517500000000,2.000000000000,0.157060723364,0.314121446728,3.926518084103,0.042227231855
LN00057,Adverse,0.010928151904,0.434700000000,3.170000000000,0.098251085757,0.311455941849,3.893199273111,0.015058982395
LN00058,Adverse,0.041138098741,0.304750000000,0.275000000000,0.066428298322,0.018267782039,0.228347275483,0.003447629788
LN00059,Adverse,0.003456266190,0.517500000000,1.920000000000,0.038895060618,0.074678516387,0.933481454838,0.003434146086
LN00060,Adverse,0.003967360603,0.281865000000,2.477500000000,0.022964170369,0.056893732089,0.711171651115,0.002770489389
LN00061,Adverse,0.039166853239,0.517500000000,1.620000000000,0.155546444177,0.251985239567,3.149815494591,0.032835531413
LN00062,Adverse,0.008874524072,0.302450000000,5.290000000000,0.064419440895,0.340778842337,4.259735529210,0.014198887971
LN00063,Adverse,0.050313276475,0.517500000000,4.240000000000,0.165675887562,0.702465763261,8.780822040766,0.110397391240
LN00064,Adverse,0.045820521195,0.141680000000,0.470000000000,0.043043388668,0.020230392674,0.252879908424,0.003051170178
LN00065,Adverse,0.040603969289,0.229425000000,5.560000000000,0.069550246714,0.386699371728,4.833742146602,0.051794545037
LN00066,Adverse,0.049272289426,0.747500000000,1.770000000000,0.223642063928,0.395846453152,4.948080664402,0.065190934332
LN00067,Adverse,0.049087602760,0.211370000000,7.280000000000,0.067223111962,0.489384255087,6.117303188587,0.075534707214
LN00068,Adverse,0.010454996973,0.517500000000,1.240000000000,0.115554892482,0.143288066678,1.791100833475,0.006708971557
LN00069,Adverse,0.001753039527,0.747500000000,4.620000000000,0.083735475778,0.386857898094,4.835723726177,0.006054034354
LN00070,Adverse,0.009657585740,0.517500000000,3.122500000000,0.066394631288,0.207317236198,2.591465452474,0.015605632437
LN00071,Adverse,0.002973786317,0.142830000000,5.227500000000,0.009804669654,0.051253910616,0.640673882699,0.002220359190
LN00072,Adverse,0.010631238209,0.517500000000,5.080000000000,0.100855678786,0.512346848232,6.404335602897,0.027948462127
LN00073,Adverse,0.112338880143,0.280485000000,2.995000000000,0.091884618029,0.275194430997,3.439930387462,0.094370565536
LN00074,Adverse,0.003621273020,0.115000000000,0.960000000000,0.017771425634,0.017060568609,0.213257107607,0.000399788541
LN00075,Adverse,0.001865984556,0.517500000000,0.867500000000,0.026390676192,0.022893911596,0.286173894954,0.000837698779
LN00076,Adverse,0.008879363067,0.284510000000,2.252500000000,0.035154896587,0.079186404563,0.989830057039,0.005690417738
LN00077,Adverse,0.010634696468,0.291065000000,4.440000000000,0.065299576767,0.289930120846,3.624126510578,0.013743522398
LN00078,Adverse,0.041811804048,0.339595000000,2.157500000000,0.074461982497,0.160651727237,2.008146590456,0.030634514228
LN00079,Adverse,0.049016688222,0.517500000000,7.745000000000,0.120422484341,0.932672141222,11.658401765280,0.196460724519
LN00080,Adverse,0.042069379227,0.517500000000,2.970000000000,0.113725129732,0.337763635304,4.222045441303,0.064659584137
LN00081,Adverse,0.046112290153,0.257370000000,1.505000000000,0.058515668229,0.088066080685,1.100826008564,0.017861219776
LN00082,Adverse,0.010507384130,0.517500000000,3.390000000000,0.115714851954,0.392273348122,4.903416851530,0.018433366664
LN00083,Adverse,0.115257423798,0.193200000000,5.620000000000,0.077648721389,0.436385814205,5.454822677565,0.125144666641
LN00084,Adverse,0.003636046054,0.268640000000,5.325000000000,0.020804507561,0.110784002765,1.384800034557,0.005201392969
LN00085,Adverse,0.000693106352,0.517500000000,29.320000000000,0.036667999073,1.075105732828,13.438821660352,0.010516571988
LN00086,Adverse,0.001724166789,0.747500000000,2.300000000000,0.073699221332,0.169508209064,2.118852613296,0.002964273752
LN00087,Adverse,0.047749478165,0.226665000000,4.160000000000,0.063341763876,0.263501737725,3.293771721559,0.045024243548
LN00088,Adverse,0.011798695193,0.246675000000,6.860000000000,0.056902703467,0.390352545785,4.879406822318,0.019965639918
LN00089,Adverse,0.003363327669,0.243110000000,4.380000000000,0.036434694312,0.159583961088,1.994799513599,0.003581344622
LN00090,Adverse,0.010389656475,0.310615000000,2.435000000000,0.041139085523,0.100173673249,1.252170915608,0.007858190960
LN00091,Adverse,0.002933579931,0.115000000000,0.950000000000,0.016261909868,0.015448814374,0.193110179680,0.000320493607
LN00092,Adverse,0.048163433378,0.281520000000,2.417500000000,0.065070868543,0.157308824703,1.966360308789,0.032778809406
LN00093,Adverse,0.010406728565,0.747500000000,1.350000000000,0.099071675655,0.133746762135,1.671834526684,0.010501689963
LN00094,Adverse,0.010066858870,0.274735000000,0.800000000000,0.060701225526,0.048560980421,0.607012255259,0.002212574777
LN00095,Adverse,0.009111523216,0.330625000000,2.020000000000,0.066528660385,0.134387893979,1.679848674732,0.006085244674
LN00096,Adverse,0.049188872088,0.313950000000,1.570000000000,0.099902047983,0.156846215334,1.960577691673,0.024245268836
LN00097,Adverse,0.010027580712,0.375820000000,7.555000000000,0.049017802545,0.370329498231,4.629118727885,0.028471511471
LN00098,Adverse,0.001785044839,0.237935000000,6.695000000000,0.011781936594,0.078880065494,0.986000818673,0.002843531491
LN00099,Adverse,0.003078236344,0.201250000000,1.820000000000,0.029052494728,0.052875540406,0.660944255070,0.001127481017
LN00100,Adverse,0.322777516070,0.249205000000,3.450000000000,0.118901407770,0.410209856807,5.127623210093,0.277510309578
LN00101,Adverse,0.108975184101,0.517500000000,0.700000000000,0.209689006067,0.146782304247,1.834778803090,0.039476260440
LN00102,Adverse,0.041445704853,0.517500000000,2.730000000000,0.157656864959,0.430403241337,5.380040516715,0.058553455674
LN00103,Adverse,0.011426367497,0.237475000000,5.830000000000,0.032740274810,0.190875802144,2.385947526796,0.015819568703
LN00104,Adverse,0.319450972938,0.142025000000,9.637500000000,0.059617494565,0.574563603874,7.182045048423,0.437253610459
LN00105,Adverse,0.041591230421,0.269100000000,2.200000000000,0.082051221040,0.180512686287,2.256408578587,0.024622840234
LN00106,Adverse,0.044530858664,0.307510000000,10.982500000000,0.069008780956,0.757888936850,9.473611710627,0.150390888351
LN00107,Adverse,0.011049680075,0.277840000000,0.980000000000,0.062985636486,0.061725923756,0.771574046956,0.003008642250
LN00108,Adverse,0.011484442607,0.517500000000,1.117500000000,0.071496855455,0.079897735971,0.998721699639,0.006641524938
LN00109,Adverse,0.001625332776,0.267720000000,9.110000000000,0.028935363794,0.263601164161,3.295014552011,0.003964071568
LN00110,Adverse,0.118719396158,0.180780000000,23.830000000000,0.075138579648,1.790552353007,22.381904412584,0.511441662783
LN00111,Adverse,0.011074396326,0.245525000000,6.805000000000,0.033411260147,0.227363625300,2.842045316252,0.018503075079
LN00112,Adverse,0.003692511056,0.183310000000,4.300000000000,0.022151433560,0.095251164310,1.190639553869,0.002910559068
LN00113,Adverse,0.011198308540,0.275540000000,0.420000000000,0.037670790862,0.015821732162,0.197771652025,0.001295944413
LN00114,Adverse,0.045656059469,0.517500000000,0.495000000000,0.117220236033,0.058024016836,0.725300210454,0.011695370334
LN00115,Adverse,0.003030945218,0.517500000000,5.100000000000,0.057947024100,0.295529822909,3.694122786366,0.007999422166
LN00116,Adverse,0.129698454418,0.251850000000,3.130000000000,0.107332703189,0.335951360983,4.199392012286,0.102240059483
LN00117,Adverse,0.048925796238,0.517500000000,1.300000000000,0.120336720107,0.156437736139,1.955471701739,0.032914829419
LN00118,Adverse,0.048186171819,0.225975000000,4.790000000000,0.068624635829,0.328712005619,4.108900070241,0.052157688147
LN00119,Adverse,0.009129214544,0.376395000000,5.030000000000,0.080846761017,0.406659207916,5.083240098949,0.017284039262
LN00120,Adverse,0.041501778044,0.117760000000,11.520000000000,0.034113572129,0.392988350924,4.912354386547,0.056301112886
LN00121,Adverse,0.047585992075,0.517500000000,4.542500000000,0.119067169749,0.540862618583,6.760782732291,0.111862473457
LN00122,Adverse,0.039391649985,0.172385000000,15.310000000000,0.051883981730,0.794343760287,9.929297003588,0.103963007909
LN00123,Adverse,0.001941339288,0.174915000000,4.520000000000,0.019697144306,0.089031092263,1.112888653287,0.001534853514
LN00124,Adverse,0.009973398945,0.285775000000,3.632500000000,0.037185498034,0.135076321609,1.688454020114,0.010353162913
LN00125,Adverse,0.001804387579,0.122245000000,12.990000000000,0.013881098326,0.180315467259,2.253943340738,0.002865299900
LN00126,Adverse,0.011512013633,0.349370000000,1.445000000000,0.048316229812,0.069816952079,0.872711900987,0.005811720933
LN00127,Adverse,0.010026436358,0.517500000000,74.770000000000,0.110705325957,8.277437221799,103.467965272484,0.387957664572
LN00128,Adverse,0.003257568366,0.517500000000,5.662500000000,0.037543445071,0.212589757717,2.657371971466,0.009545795102
LN00129,Adverse,0.003563355301,0.232875000000,5.922500000000,0.017821672143,0.105548853268,1.319360665854,0.004914587426
LN00130,Adverse,0.045779723820,0.517500000000,7.580000000000,0.161610133778,1.225004814034,15.312560175429,0.179577833644
LN00131,Adverse,0.003352627779,0.517500000000,23.687500000000,0.038196179799,0.904772008981,11.309650112269,0.041097454238
LN00132,Adverse,0.121137465938,0.517500000000,9.900000000000,0.216348933516,2.141854441804,26.773180522552,0.620617522369
LN00133,Adverse,0.049687031096,0.517500000000,0.900000000000,0.160711756030,0.144640580427,1.808007255342,0.023141734733
LN00134,Adverse,0.010247644137,0.517500000000,18.240000000000,0.114912141085,2.095997453396,26.199968167448,0.096729562537
LN00135,Adverse,0.041413359625,0.282325000000,2.662500000000,0.061689287047,0.164247726762,2.053096584530,0.031130021238
LN00136,Adverse,0.000621650279,0.438725000000,4.990000000000,0.023672991811,0.118128229135,1.476602864186,0.001360940257
LN00137,Adverse,0.283395090351,0.588110000000,1.250000000000,0.282862858755,0.353578573443,4.419732168039,0.208334358233
LN00138,Adverse,0.009224635097,0.241500000000,7.590000000000,0.051489784644,0.390807465451,4.885093318137,0.016908617764
LN00139,Adverse,0.041021418902,0.290490000000,2.340000000000,0.088278540930,0.206571785775,2.582147322189,0.027884170026
LN00140,Adverse,0.001786087692,0.274620000000,4.950000000000,0.031034609264,0.153621315857,1.920266448215,0.002427952240
LN00141,Adverse,0.009859065536,0.747500000000,3.370000000000,0.164182046116,0.553293495409,6.916168692617,0.024835725514
LN00142,Adverse,0.011713467847,0.260590000000,30.720000000000,0.050518013266,1.551913367523,19.398917094038,0.093770114651
LN00143,Adverse,0.110861632068,0.517500000000,32.530000000000,0.202348791172,6.582406176836,82.280077210444,1.866275201182
LN00144,Adverse,0.040278160843,0.517500000000,4.700000000000,0.146536178034,0.688720036759,8.609000459486,0.097966556710
LN00145,Adverse,0.011109825887,0.556370000000,4.780000000000,0.126312265194,0.603772627625,7.547157845313,0.029546010902
LN00146,Adverse,0.011492441168,0.134780000000,2.625000000000,0.018626324940,0.048894102967,0.611176287094,0.004065996954
LN00147,Adverse,0.009672569562,0.517500000000,13.540000000000,0.113044667424,1.530624796922,19.132809961524,0.067775211296
LN00148,Adverse,0.009441119505,0.517500000000,3.230000000000,0.112255432206,0.362585046025,4.532313075316,0.015781067281
LN00149,Adverse,0.009391371943,0.310155000000,2.940000000000,0.067174964339,0.197494395156,2.468679939454,0.008563576037
LN00150,Adverse,0.000651300145,0.517500000000,11.920000000000,0.035521313638,0.423414058565,5.292675732067,0.004017610075
LN00151,Adverse,0.117329144035,0.257485000000,2.620000000000,0.106131796418,0.278065306616,3.475816332696,0.079151495988
LN00152,Adverse,0.111319481338,0.517500000000,3.885000000000,0.168912527548,0.656225169525,8.202814619063,0.223806425737
LN00153,Adverse,0.002968136786,0.250470000000,0.920000000000,0.035597648713,0.032749836816,0.409372960202,0.000683954883
LN00154,Adverse,0.044662707883,0.300380000000,9.060000000000,0.093218163446,0.844556560817,10.556957010214,0.121547004798
LN00155,Adverse,0.003933164618,0.239430000000,31.210000000000,0.038264556275,1.194236801353,14.927960016912,0.029391006436
LN00156,Adverse,0.046577163045,0.245180000000,9.220000000000,0.076908421314,0.709095644513,8.863695556418,0.105290453062
LN00157,Adverse,0.010331966225,0.175030000000,19.330000000000,0.038954878357,0.752997798641,9.412472483008,0.034956450254
LN00158,Adverse,0.040415261090,0.517500000000,1.920000000000,0.152243346059,0.292307224433,3.653840305408,0.040156603419
LN00159,Adverse,0.042055259217,0.219765000000,5.680000000000,0.067189615055,0.381637013510,4.770462668879,0.052496116557
LN00160,Adverse,0.042541108127,0.229655000000,1.750000000000,0.065477029498,0.114584801622,1.432310020276,0.017097111827
LN00161,Adverse,0.003728029151,0.517500000000,3.317500000000,0.040667787985,0.134915386639,1.686442332992,0.006400303746
LN00162,Adverse,0.128929827814,0.517500000000,8.485000000000,0.178803520490,1.517147871361,18.964348392012,0.566129262309
LN00163,Adverse,0.003872344373,0.322000000000,4.960000000000,0.046084431532,0.228578780399,2.857234754992,0.006184598646
LN00164,Adverse,0.001944156461,0.747500000000,1.090000000000,0.087887463400,0.095797335106,1.197466688831,0.001584050080
LN00165,Adverse,0.050197158046,0.234255000000,1.090000000000,0.055013611216,0.059964836225,0.749560452817,0.012817239431
LN00166,Adverse,0.011707789738,0.342585000000,1.130000000000,0.066403757023,0.075036245436,0.937953067955,0.004532331856
LN00167,Adverse,0.105875375510,0.246675000000,6.472500000000,0.078901023531,0.510686874805,6.383585935057,0.169041041423
LN00168,Adverse,0.107795322443,0.517500000000,35.300000000000,0.208997627584,7.377616253724,92.220203171546,1.969178001567
LN00169,Adverse,0.009752696110,0.501515000000,16.325000000000,0.064621951120,1.054953352040,13.186916900504,0.079847589338
LN00170,Adverse,0.294603416920,0.517500000000,0.607500000000,0.217109686126,0.131894134321,1.648676679017,0.092617790466
LN00171,Adverse,0.009120401791,0.517500000000,18.560000000000,0.111123304689,2.062448535023,25.780606687790,0.087599635123
LN00172,Adverse,0.011386843271,0.517500000000,11.430000000000,0.118263937512,1.351756805763,16.896960072034,0.067353462621
LN00173,Adverse,0.010698168557,0.264270000000,0.960000000000,0.059385092239,0.057009688549,0.712621106863,0.002714116804
LN00174,Adverse,0.119443315249,0.517500000000,3.310000000000,0.215471241473,0.713209809277,8.915122615959,0.204597440773
LN00175,Adverse,0.003095074414,0.517500000000,13.400000000000,0.074880550922,1.003399382359,12.542492279484,0.021462793526
LN00176,Adverse,0.001559216678,0.747500000000,6.547500000000,0.033798634107,0.221296556816,2.766206960194,0.007631205971
LN00177,Adverse,0.009313750309,0.268180000000,1.210000000000,0.057943103227,0.070111154904,0.876389436302,0.003022291485
LN00178,Adverse,0.315312432682,0.199525000000,8.250000000000,0.095420179948,0.787216484574,9.840206057178,0.519029883330
LN00179,Adverse,0.120637496465,0.517500000000,0.477500000000,0.174342826223,0.083248699522,1.040608744019,0.029810279361
LN00180,Adverse,0.047492472053,0.205620000000,3.590000000000,0.064826525810,0.232727227659,2.909090345737,0.035057793551
LN00181,Adverse,0.112375730687,0.323725000000,13.980000000000,0.132390199406,1.850814987695,23.135187346187,0.508576091167
LN00182,Adverse,0.114541596025,0.288075000000,4.202500000000,0.095101858653,0.399665560990,4.995819512381,0.138668086581
LN00183,Adverse,0.010057440982,0.373865000000,2.720000000000,0.082581647745,0.224622081867,2.807776023342,0.010227540470
LN00184,Adverse,0.011129388488,0.294515000000,10.910000000000,0.066895159408,0.729826189140,9.122827364253,0.035760490888
LN00185,Adverse,0.047902963094,0.159965000000,11.880000000000,0.044404806642,0.527529102913,6.594113786409,0.091034034198
LN00186,Adverse,0.041529672452,0.275195000000,15.617500000000,0.060192671478,0.940059046803,11.750738085037,0.178488631349
LN00187,Adverse,0.011673521696,0.517500000000,10.740000000000,0.119043328308,1.278525346025,15.981566825316,0.064880849908
LN00188,Adverse,0.001489581553,0.310500000000,13.220000000000,0.032188202492,0.425528036939,5.319100461743,0.006114449256
LN00189,Adverse,0.049259417184,0.206885000000,9.330000000000,0.062333199571,0.581568751998,7.269609399969,0.095082352111
LN00190,Adverse,0.009130843367,0.260590000000,5.840000000000,0.055975685662,0.326898004264,4.086225053297,0.013895733802
LN00191,Adverse,0.111466795144,0.284280000000,4.335000000000,0.092838393616,0.402454436324,5.030680454052,0.137366528569
LN00192,Adverse,0.003814175701,0.232645000000,3.540000000000,0.036721644163,0.129994620338,1.624932754229,0.003141215127
LN00193,Adverse,0.003110056455,0.517500000000,1.182500000000,0.036507421369,0.043170025769,0.539625322111,0.001903179610
LN00194,Adverse,0.115756960535,0.259670000000,1.720000000000,0.107132677076,0.184268204570,2.303352557127,0.051700809101
LN00195,Adverse,0.003395626030,0.747500000000,3.380000000000,0.112475689412,0.380167830212,4.752097877654,0.008579218945
LN00196,Adverse,0.003179535191,0.224595000000,4.907500000000,0.016057553117,0.078802441921,0.985030524012,0.003504483568
LN00197,Adverse,0.047217387735,0.517500000000,18.930000000000,0.149649522345,2.832865457990,35.410818224875,0.462554515034
LN00198,Adverse,0.128213747550,0.245065000000,4.300000000000,0.104109547431,0.447671053951,5.595888174390,0.135109018786
LN00199,Adverse,0.003843804561,0.747500000000,10.945000000000,0.059797207354,0.654480434491,8.181005431137,0.031447654586
LN00200,Adverse,0.009858592980,0.747500000000,13.190000000000,0.164179803069,2.165531602484,27.069145031049,0.097201043954
LN00201,Adverse,0.045217984325,0.517500000000,3.560000000000,0.143380128591,0.510433257785,6.380415722309,0.083305092521
LN00202,Adverse,0.272977155194,0.202515000000,7.652500000000,0.084568045393,0.647156967373,8.089462092164,0.423045264591
LN00203,Adverse,0.009571194341,0.268410000000,3.510000000000,0.058454646989,0.205175810930,2.564697636629,0.009017204999
LN00204,Adverse,0.003090787839,0.517500000000,16.810000000000,0.074836291495,1.257998060038,15.724975750473,0.026887304299
LN00205,Adverse,0.000737165057,0.365240000000,8.460000000000,0.026704573708,0.225920693568,2.824008669598,0.002277788720
LN00206,Adverse,0.003857948656,0.238510000000,1.360000000000,0.037821795585,0.051437641996,0.642970524947,0.001251416694
LN00207,Adverse,0.003741273330,0.297620000000,5.270000000000,0.046610346667,0.245636526934,3.070456586679,0.005868027840
LN00208,Adverse,0.045069835484,0.236440000000,21.527500000000,0.053298265376,1.147378407877,14.342230098458,0.229403754467
LN00209,Adverse,0.003438650769,0.517500000000,3.740000000000,0.078277643791,0.292758387779,3.659479847238,0.006655336631
LN00210,Adverse,0.010435490648,0.517500000000,6.515000000000,0.068669331857,0.447380697050,5.592258713126,0.035183387165
LN00211,Adverse,0.045282159455,0.517500000000,7.740000000000,0.161159781508,1.247376708870,15.592208860881,0.181375425590
LN00212,Adverse,0.044132649969,0.517500000000,1.590000000000,0.160116037193,0.254584499136,3.182306239202,0.036313447711
LN00213,Adverse,0.003059620600,0.319125000000,7.470000000000,0.045949691866,0.343244198237,4.290552477959,0.007293718636
LN00214,Adverse,0.107442790732,0.190440000000,1.032500000000,0.061278593278,0.063270147559,0.790876844489,0.021126400732
LN00215,Adverse,0.049870377609,0.171235000000,2.400000000000,0.052867653556,0.126882368535,1.586029606691,0.020494929864
LN00216,Adverse,0.044668788542,0.517500000000,13.140000000000,0.160603429955,2.110329069604,26.379113370053,0.303745528645
LN00217,Adverse,0.003926706070,0.282210000000,5.520000000000,0.022856169534,0.126166055827,1.577075697843,0.006117019575
LN00218,Adverse,0.003093241942,0.230690000000,3.310000000000,0.033371653902,0.110460174416,1.380752180195,0.002361949745
LN00219,Adverse,0.119787307219,0.255645000000,7.000000000000,0.098274802090,0.687923614627,8.599045182839,0.214361183079
LN00220,Adverse,0.009458271855,0.282440000000,3.800000000000,0.035903761953,0.136434295420,1.705428692745,0.010151298350
LN00221,Adverse,0.009596725289,0.517500000000,4.540000000000,0.108130631142,0.490913065384,6.136413317298,0.022547026231
LN00222,Adverse,0.008915767274,0.282440000000,8.640000000000,0.060240953253,0.520481836110,6.506022951374,0.021756982830
LN00223,Adverse,0.040511422053,0.115000000000,2.170000000000,0.034843259885,0.075609873950,0.945123424375,0.010109625373
LN00224,Adverse,0.319741282851,0.517500000000,4.670000000000,0.247156138920,1.154219168754,14.427739609431,0.772726751797
LN00225,Adverse,0.009804558297,0.224710000000,3.280000000000,0.049277617071,0.161630583993,2.020382299909,0.007226437928
LN00226,Adverse,0.121318443899,0.323495000000,0.880000000000,0.109220709555,0.096114224409,1.201427805107,0.034536400808
LN00227,Adverse,0.000639623184,0.167440000000,1.790000000000,0.011387245769,0.020383169927,0.254789624082,0.000191706326
LN00228,Adverse,0.043746034003,0.347185000000,18.770000000000,0.077400279356,1.452803243506,18.160040543831,0.285078137121
LN00229,Adverse,0.045229611337,0.186760000000,6.030000000000,0.042155105025,0.254195283302,3.177441041270,0.050935905746
LN00230,Adverse,0.003118240936,0.373750000000,1.190000000000,0.054252545120,0.064560528693,0.807006608657,0.001386876634
LN00231,Adverse,0.003964018820,0.747500000000,0.837500000000,0.060870949888,0.050979420531,0.637242756639,0.002481599657
LN00232,Adverse,0.011304402782,0.517500000000,3.415000000000,0.071029427570,0.242565495153,3.032068689406,0.019977847121
LN00233,Adverse,0.307731946962,0.312570000000,20.075000000000,0.131251769216,2.634879267003,32.935990837541,1.930969576341
LN00234,Adverse,0.044519104954,0.517500000000,3.720000000000,0.144946391924,0.539200577957,6.740007224462,0.085703728947
LN00235,Adverse,0.108233412406,0.246790000000,16.560000000000,0.099791525154,1.652547656543,20.656845706784,0.442332898917
LN00236,Adverse,0.130168730544,0.241615000000,6.370000000000,0.100661427600,0.641213293811,8.015166172633,0.200341072580
LN00237,Adverse,0.009864863631,0.253345000000,7.180000000000,0.046516042495,0.333985185116,4.174814813946,0.017944355634
LN00238,Adverse,0.039707812939,0.284165000000,1.180000000000,0.073422333507,0.086638353538,1.082979419224,0.013314613383
LN00239,Adverse,0.000614532313,0.131790000000,11.440000000000,0.008780951765,0.100454088197,1.255676102459,0.000926516602
LN00240,Adverse,0.003759309043,0.316595000000,3.210000000000,0.049679266811,0.159470446463,1.993380580787,0.003820472813
LN00241,Adverse,0.121733512979,0.267490000000,9.372500000000,0.090430791322,0.847562591663,10.594532395790,0.305192006758
LN00242,Adverse,0.047665853682,0.176640000000,1.990000000000,0.055743063487,0.110928696339,1.386608704241,0.016755195825
LN00243,Adverse,0.003758442376,0.517500000000,5.350000000000,0.081197135670,0.434404675836,5.430058447951,0.010405717522
LN00244,Adverse,0.009471181742,0.747500000000,6.370000000000,0.162296662606,1.033829740799,12.922871759992,0.045097742201
LN00245,Adverse,0.049560835200,0.115000000000,3.840000000000,0.033974720933,0.130462928382,1.630786604771,0.021886064824
LN00246,Adverse,0.116457418392,0.517500000000,6.720000000000,0.213885478050,1.437310412496,17.966380156195,0.404992318201
LN00247,Adverse,0.046426950435,0.247595000000,3.430000000000,0.077601148502,0.266171939363,3.327149242032,0.039428127120
LN00248,Adverse,0.008830828859,0.185265000000,2.340000000000,0.039401630743,0.092199815940,1.152497699246,0.003828341810
LN00249,Adverse,0.011828420029,0.229425000000,22.320000000000,0.052958265336,1.182028482298,14.775356028728,0.060570571119
LN00250,Adverse,0.009681033832,0.319240000000,12.790000000000,0.069753542314,0.892147806190,11.151847577372,0.039528431747
LN00251,Adverse,0.039847739780,0.115000000000,2.090000000000,0.031976991575,0.066831912392,0.835398904906,0.009577404256
LN00252,Adverse,0.117038337243,0.282325000000,7.910000000000,0.116856860225,0.924337764381,11.554222054769,0.261368932126
LN00253,Adverse,0.009218289592,0.254840000000,2.130000000000,0.054894622062,0.116925544993,1.461569312407,0.005003772399
LN00254,Adverse,0.003081355829,0.240925000000,1.370000000000,0.034795032376,0.047669194355,0.595864929439,0.001017054645
LN00255,Adverse,0.003588201322,0.164335000000,12.600000000000,0.025299666369,0.318775796249,3.984697453117,0.007429805009
LN00256,Adverse,0.043660609234,0.168820000000,0.820000000000,0.045937376109,0.037668648409,0.470858105114,0.006044042922
LN00257,Adverse,0.130202150172,0.331545000000,10.050000000000,0.114972819000,1.155476830952,14.443460386904,0.433837112382
LN00258,Adverse,0.003257593722,0.303600000000,3.087500000000,0.022025590816,0.068004011645,0.850050145558,0.003053554339
LN00259,Adverse,0.001808004432,0.161000000000,3.257500000000,0.008040371826,0.026191511224,0.327393890302,0.000948221485
LN00260,Adverse,0.044432636565,0.254955000000,6.750000000000,0.068093069407,0.459628218499,5.745352731236,0.076466179275
LN00261,Adverse,0.003617400454,0.149270000000,8.010000000000,0.023057166085,0.184687900339,2.308598754241,0.004325154620
LN00262,Adverse,0.121078234248,0.241500000000,1.960000000000,0.100948639869,0.197859334144,2.473241676801,0.057311171399
LN00263,Adverse,0.010263213252,0.747500000000,8.267500000000,0.098481509192,0.814195877247,10.177448465582,0.063426208881
LN00264,Adverse,0.003923391329,0.290375000000,4.462500000000,0.023505991995,0.104895489277,1.311193615960,0.005083924354
LN00265,Adverse,0.113720679424,0.258290000000,1.137500000000,0.085026264376,0.096717375727,1.208967196590,0.033411690003
LN00266,Adverse,0.003107672396,0.115000000000,3.390000000000,0.008108986542,0.027489464376,0.343618304703,0.001211526084
LN00267,Adverse,0.010882993414,0.747500000000,17.840000000000,0.141647030901,2.526983031276,31.587287890945,0.145129070379
LN00268,Adverse,0.003813679015,0.517500000000,21.225000000000,0.041209421679,0.874669975138,10.933374689226,0.041889211950
LN00269,Adverse,0.002962938639,0.517500000000,8.357500000000,0.035444772372,0.296229685097,3.702871063717,0.012814728133
LN00270,Adverse,0.000636473439,0.747500000000,1.360000000000,0.050707648640,0.068962402150,0.862030026879,0.000647038898
LN00271,Adverse,0.001895621547,0.144555000000,6.237500000000,0.007448962628,0.046462904393,0.580786304915,0.001709209560
LN00272,Adverse,0.003712010099,0.747500000000,10.490000000000,0.116691649509,1.224095403346,15.301192541830,0.029106891988
LN00273,Adverse,0.001947972767,0.115000000000,7.970000000000,0.006033296344,0.048085371860,0.601067148254,0.001785414439
LN00274,Adverse,0.045224309521,0.438610000000,8.760000000000,0.098997860307,0.867221256286,10.840265703573,0.173761909336
LN00275,Adverse,0.046660249181,0.266915000000,6.440000000000,0.077492652027,0.499052679055,6.238158488191,0.080205823441
LN00276,Adverse,0.009746658795,0.270940000000,3.720000000000,0.034902061572,0.129835669048,1.622945863101,0.009823626210
LN00277,Adverse,0.011691454168,0.747500000000,2.440000000000,0.172020765086,0.419730666809,5.246633335108,0.021324043258
LN00278,Adverse,0.009940600030,0.223445000000,0.582500000000,0.029033278894,0.016911884956,0.211398561946,0.001293835820
LN00279,Adverse,0.125022421948,0.747500000000,5.830000000000,0.255297010369,1.488381570449,18.604769630617,0.544838338167
LN00280,Adverse,0.115457658931,0.115000000000,5.400000000000,0.047409626555,0.256011983399,3.200149792489,0.071699206196
LN00281,Adverse,0.001721472838,0.517500000000,7.115000000000,0.025012508139,0.177963995412,2.224549942650,0.006338484508
LN00282,Adverse,0.003680532653,0.747500000000,1.180000000000,0.116285985062,0.137217462373,1.715218279668,0.003246413827
LN00283,Adverse,0.003457999153,0.238510000000,8.540000000000,0.035250112334,0.301035959330,3.762949491625,0.007043513408
LN00284,Adverse,0.003878084801,0.747500000000,34.970000000000,0.107048862547,3.743498723252,46.793734040655,0.101373427563
LN00285,Adverse,0.043959811127,0.517500000000,4.850000000000,0.151082560015,0.732750416073,9.159380200907,0.110333630953
LN00286,Adverse,0.010789552480,0.366045000000,4.210000000000,0.082446873506,0.347101337459,4.338766718237,0.016627233915
LN00287,Adverse,0.001606044160,0.233220000000,6.100000000000,0.022202678889,0.135436341225,1.692954265308,0.002284825876
LN00288,Adverse,0.010067450749,0.162150000000,34.200000000000,0.028872196141,0.987429108038,12.342863850480,0.055829350152
LN00289,Adverse,0.010164099083,0.437345000000,1.610000000000,0.081085810335,0.130548154639,1.631851932983,0.007156800841
LN00290,Adverse,0.003053336323,0.241500000000,4.775000000000,0.016847269808,0.080445713334,1.005571416676,0.003520992948
LN00291,Adverse,0.106455236912,0.228160000000,2.010000000000,0.084799291974,0.170446576868,2.130582210851,0.048820541976
LN00292,Adverse,0.001777098362,0.312340000000,2.275000000000,0.015420396236,0.035081401437,0.438517517957,0.001262759003
LN00293,Adverse,0.122666738749,0.478745000000,4.260000000000,0.200867221529,0.855694363713,10.696179546411,0.250173134208
LN00294,Adverse,0.001774686770,0.295205000000,17.240000000000,0.031858183749,0.549235087829,6.865438597865,0.009031974074
LN00295,Adverse,0.104355823619,0.517500000000,27.140000000000,0.206935243224,5.616222501096,70.202781263695,1.465672324942
LN00296,Adverse,0.113255198146,0.747500000000,7.020000000000,0.306408403066,2.150986989520,26.887337369006,0.594300989511
LN00297,Adverse,0.269328875863,0.226090000000,3.080000000000,0.108757010426,0.334971592113,4.187144901413,0.187549101875
LN00298,Adverse,0.126145125050,0.273700000000,54.200000000000,0.115748275888,6.273556553131,78.419456914142,1.871304903356
LN00299,Adverse,0.048871752386,0.517500000000,2.920000000000,0.164390322424,0.480019741478,6.000246768471,0.073850105031
LN00300,Adverse,0.041989066748,0.268180000000,2.530000000000,0.072156994826,0.182557196910,2.281964961370,0.028489388639
LN00301,Adverse,0.046747470605,0.517500000000,0.760000000000,0.162483656597,0.123487579013,1.543594737668,0.018385780189
LN00302,Adverse,0.003057093261,0.517500000000,18.100000000000,0.063938137496,1.157280288679,14.466003608484,0.028635028305
LN00303,Adverse,0.009663563880,0.517500000000,10.385000000000,0.066412749767,0.689696406335,8.621205079188,0.051934287389
LN00304,Adverse,0.009247667619,0.215280000000,50.290000000000,0.046416472216,2.334284387762,29.178554847031,0.100119237235
LN00305,Adverse,0.112014766669,0.517500000000,0.997500000000,0.169333469695,0.168910136021,2.111376700259,0.057822722647
LN00306,Adverse,0.010872883950,0.368460000000,16.035000000000,0.049754305033,0.797810281206,9.972628515076,0.064239782921
LN00307,Adverse,0.011580141774,0.299230000000,4.082500000000,0.041483094414,0.169354732946,2.116934161827,0.014146376173
LN00308,Adverse,0.041480127616,0.517500000000,8.627500000000,0.113142293795,0.976135139720,12.201689246501,0.185197622023
LN00309,Adverse,0.010472759459,0.330280000000,0.860000000000,0.066311609582,0.057027984241,0.712849803011,0.002974690975
LN00310,Adverse,0.003661127871,0.517500000000,19.450000000000,0.060285346682,1.172549992972,14.656874912150,0.036850624941
LN00311,Adverse,0.011707560533,0.115000000000,9.840000000000,0.024905364204,0.245068783765,3.063359797066,0.013248275499
LN00312,Adverse,0.010677975418,0.241500000000,4.140000000000,0.032361504324,0.133976627902,1.674707848771,0.010675946602
LN00313,Adverse,0.003189938293,0.115575000000,8.540000000000,0.016939331387,0.144661890047,1.808273625590,0.003148502590
LN00314,Adverse,0.010724467471,0.115000000000,2.080000000000,0.025859458454,0.053787673585,0.672345919814,0.002565292619
LN00315,Adverse,0.009801392984,0.209875000000,2.192500000000,0.027102322124,0.059421841257,0.742773015709,0.004510120170
LN00316,Adverse,0.011776919101,0.747500000000,2.820000000000,0.172349215307,0.486024787166,6.075309839575,0.024825156618
LN00317,Adverse,0.010041738660,0.280945000000,0.700000000000,0.062029515853,0.043420661097,0.542758263716,0.001974823388
LN00318,Adverse,0.046942502951,0.517500000000,9.802500000000,0.118453796590,1.161143341072,14.514291763396,0.238129635580
LN00319,Adverse,0.008894873108,0.288305000000,14.760000000000,0.056934348459,0.840350983254,10.504387290676,0.037851081137
LN00320,Adverse,0.115369266109,0.251620000000,2.220000000000,0.097587272634,0.216643745248,2.708046815601,0.064444856719
LN00321,Adverse,0.128884606374,0.294745000000,5.602500000000,0.101825205858,0.570475715820,7.130946447745,0.212828292746
LN00322,Adverse,0.010678478988,0.281750000000,3.440000000000,0.063281121783,0.217687058933,2.721088236665,0.010349795405
LN00323,Adverse,0.010175890240,0.517500000000,6.220000000000,0.102996620139,0.640638977264,8.007987215806,0.032754664301
LN00324,Adverse,0.011656769072,0.747500000000,2.390000000000,0.171886624038,0.410809031451,5.135112893133,0.020825109366
LN00325,Adverse,0.128288548092,0.367195000000,1.562500000000,0.126634833098,0.197866926715,2.473336583944,0.073604552213
LN00326,Adverse,0.042855056804,0.311420000000,12.830000000000,0.094315253644,1.210064704253,15.125808803158,0.171228176565
LN00327,Adverse,0.119505662773,0.362020000000,3.865000000000,0.121517865442,0.469666549933,5.870831874164,0.167213195743
LN00328,Adverse,0.010314776685,0.330625000000,27.255000000000,0.043653306641,1.189770872491,14.872135906132,0.092948354492
LN00329,Adverse,0.046351133090,0.747500000000,4.690000000000,0.234182414457,1.098315523803,13.728944047534,0.162496643608
LN00330,Adverse,0.009842767398,0.265535000000,1.780000000000,0.054703762047,0.097372696444,1.217158705556,0.004652206649
LN00331,Adverse,0.041960589781,0.115000000000,15.290000000000,0.031925279241,0.488137519598,6.101718994970,0.073781403042
LN00332,Adverse,0.003883973805,0.283245000000,7.055000000000,0.022795404992,0.160821582220,2.010269777750,0.007761319511
LN00333,Adverse,0.049561827773,0.241615000000,9.270000000000,0.077039734686,0.714158340535,8.926979256687,0.111007147031
LN00334,Adverse,0.127987538101,0.164910000000,14.740000000000,0.064743121567,0.954313611901,11.928920148758,0.311108703148
LN00335,Adverse,0.003953057494,0.747500000000,2.330000000000,0.116757909260,0.272045928575,3.400574107183,0.006884941410
LN00336,Adverse,0.047601344705,0.517500000000,3.402500000000,0.119081774714,0.405175738464,5.064696730806,0.083816150249
LN00337,Adverse,0.001828275772,0.747500000000,3.780000000000,0.085404642041,0.322829546915,4.035369336437,0.005165884607
LN00338,Adverse,0.047795415809,0.175490000000,1.075000000000,0.040444520271,0.043477859291,0.543473241136,0.009016688834
LN00339,Adverse,0.001678742159,0.517500000000,3.440000000000,0.056796828879,0.195381091344,2.442263641797,0.002988496791
LN00340,Adverse,0.116986494433,0.243800000000,15.522500000000,0.081157837823,1.259772537606,15.747156720074,0.442721993227
LN00341,Adverse,0.003174218723,0.245180000000,5.680000000000,0.035859806185,0.203683699132,2.546046239144,0.004420488096
LN00342,Adverse,0.301023813248,0.189865000000,1.170000000000,0.089401273539,0.104599490041,1.307493625515,0.066870046974
LN00343,Adverse,0.112182098869,0.167785000000,0.850000000000,0.054934395086,0.046694235823,0.583677947792,0.015999102440
LN00344,Adverse,0.042117007718,0.517500000000,22.152500000000,0.113772126006,2.520337021359,31.504212766984,0.482825954469
LN00345,Adverse,0.045835302897,0.359720000000,4.090000000000,0.105448466325,0.431284227268,5.391052840852,0.067435409397
LN00346,Adverse,0.043854170633,0.263695000000,2.350000000000,0.081458807222,0.191428196972,2.392852462155,0.027175694984
LN00347,Adverse,0.110146000976,0.517500000000,3.410000000000,0.210367023590,0.717351550443,8.966894380540,0.194371894272
LN00348,Adverse,0.011297646842,0.241155000000,1.020000000000,0.045686404026,0.046600132107,0.582501651337,0.002778973705
LN00349,Adverse,0.048871090870,0.747500000000,18.600000000000,0.237451833587,4.416604104718,55.207551308980,0.679479211909
LN00350,Adverse,0.001514279849,0.277495000000,2.637500000000,0.012300332062,0.032442125812,0.405526572654,0.001108290916
LN00351,Adverse,0.039207999771,0.517500000000,17.590000000000,0.155584781546,2.736736307396,34.209203842454,0.356903560514
LN00352,Adverse,0.003275521316,0.517500000000,3.965000000000,0.037667597229,0.149352023014,1.866900287676,0.006721001244
LN00353,Adverse,0.048179725039,0.517500000000,18.720000000000,0.163770793319,3.065789250930,38.322365636626,0.466745904292
LN00354,Adverse,0.048636882797,0.517500000000,5.790000000000,0.164180231059,0.950603537834,11.882544222930,0.145731907847
LN00355,Adverse,0.009246674389,0.517500000000,9.065000000000,0.065123929813,0.590348423756,7.379355296944,0.043377420978
LN00356,Adverse,0.011172408815,0.517500000000,9.200000000000,0.117665070741,1.082518650816,13.531483135204,0.053191838366
LN00357,Adverse,0.040473610613,0.183195000000,7.392500000000,0.039697738112,0.293465528994,3.668319112423,0.054812157689
LN00358,Adverse,0.043628068260,0.298080000000,6.350000000000,0.091962071559,0.583959154401,7.299489430011,0.082579556627
LN00359,Adverse,0.011844071849,0.517500000000,3.080000000000,0.072409956797,0.223022666936,2.787783336699,0.018878266121
LN00360,Adverse,0.041365385544,0.167210000000,27.285000000000,0.036520762153,0.996468995337,12.455862441713,0.188722326395
LN00361,Adverse,0.108264955287,0.255875000000,1.602500000000,0.082588312122,0.132347770176,1.654347127198,0.044392928433
LN00362,Adverse,0.003367053139,0.307740000000,4.500000000000,0.046142109836,0.207639494264,2.595493678298,0.004662796198
LN00363,Adverse,0.003574888360,0.284510000000,4.550000000000,0.043733764437,0.198988628188,2.487357852352,0.004627766267
LN00364,Adverse,0.001916920966,0.213095000000,6.700000000000,0.024890961515,0.166769442150,2.084618026872,0.002736858031
LN00365,Adverse,0.050180406043,0.517500000000,2.920000000000,0.165557671860,0.483428401831,6.042855022890,0.075827611572
LN00366,Adverse,0.009036852156,0.430330000000,6.140000000000,0.092153576511,0.565822959778,7.072786997230,0.023877407532
LN00367,Adverse,0.040732821282,0.517500000000,3.790000000000,0.150309337084,0.569672387549,7.120904844359,0.079890300702
LN00368,Adverse,0.048105269636,0.241500000000,0.920000000000,0.070215113055,0.064597904010,0.807473800128,0.010688028808
LN00369,Adverse,0.009649813399,0.260360000000,4.520000000000,0.056835489006,0.256896410306,3.211205128830,0.011356162882
LN00370,Adverse,0.129159348210,0.517500000000,1.490000000000,0.220293762229,0.328237705721,4.102971321506,0.099591544421
LN00371,Adverse,0.046698655832,0.225400000000,0.790000000000,0.070751500458,0.055893685362,0.698671067024,0.008315442849
LN00372,Adverse,0.009165815215,0.517500000000,5.140000000000,0.111286425868,0.572012228961,7.150152862014,0.024380610182
LN00373,Adverse,0.011347060437,0.291180000000,7.300000000000,0.066481250259,0.485313126888,6.066414086106,0.024119470524
LN00374,Adverse,0.009362682864,0.747500000000,7.590000000000,0.161752890367,1.227704437887,15.346305473587,0.053119415297
LN00375,Adverse,0.003367787113,0.312455000000,7.900000000000,0.046853343010,0.370141409777,4.626767622209,0.008313027187
LN00376,Adverse,0.003503658362,0.517500000000,0.650000000000,0.078888960837,0.051277824544,0.640972806798,0.001178543081
LN00377,Adverse,0.118254778543,0.517500000000,0.977500000000,0.172997173657,0.169104737250,2.113809215624,0.059819918819
LN00378,Adverse,0.010907285172,0.313260000000,32.250000000000,0.070766456494,2.282218221927,28.527727774082,0.110192320931
LN00379,Adverse,0.010806470491,0.517500000000,1.570000000000,0.116609969085,0.183077651464,2.288470643301,0.008779987112
LN00380,Adverse,0.050301985144,0.162380000000,6.900000000000,0.038164937604,0.263338069466,3.291725868321,0.056359450799
LN00381,Adverse,0.050381892555,0.517500000000,2.250000000000,0.163535331541,0.367954495967,4.599431199587,0.058663416144
LN00382,Adverse,0.118703390544,0.294400000000,4.032500000000,0.098561566636,0.397449517459,4.968118968238,0.140920866745
LN00383,Adverse,0.040234726352,0.301070000000,2.107500000000,0.065101828507,0.137202103579,1.715026294739,0.025529136050
LN00384,Adverse,0.011032686681,0.263465000000,7.860000000000,0.059702060268,0.469258193704,5.865727421297,0.022846872620
LN00385,Adverse,0.011778519690,0.517500000000,5.140000000000,0.119322926693,0.613319843203,7.666498040040,0.031330273450
LN00386,Adverse,0.277992766864,0.233910000000,2.580000000000,0.097819868617,0.252375261031,3.154690762882,0.167765243291
LN00387,Adverse,0.044433872547,0.517500000000,1.505000000000,0.116038856603,0.174638479187,2.182980989840,0.034606766210
LN00388,Adverse,0.285571654847,0.517500000000,5.860000000000,0.248862583303,1.458334738155,18.229184226934,0.866010321907
LN00389,Adverse,0.002974736738,0.517500000000,1.330000000000,0.073619193810,0.097913527767,1.223919097084,0.002047436929
LN00390,Adverse,0.123142650179,0.191360000000,6.870000000000,0.080377639907,0.552194386160,6.902429826999,0.161888647687
LN00391,Adverse,0.043210205698,0.517500000000,61.960000000000,0.151499967716,9.386937999658,117.336724995731,1.385504998575
LN00392,Adverse,0.003751932628,0.747500000000,14.720000000000,0.058961854513,0.867918498435,10.848981230438,0.041283265095
LN00393,Adverse,0.048559585971,0.303945000000,9.190000000000,0.096387890080,0.885804709831,11.072558872892,0.135639284461
LN00394,Adverse,0.048440177097,0.212405000000,3.315000000000,0.049203146295,0.163108429969,2.038855374616,0.034107822231
LN00395,Adverse,0.000629724672,0.278070000000,0.567500000000,0.006590778068,0.003740266553,0.046753331917,0.000099373529
LN00396,Adverse,0.009804596854,0.222065000000,1.190000000000,0.048697638435,0.057950189738,0.724377371726,0.002590936783
LN00397,Adverse,0.125314574583,0.517500000000,16.160000000000,0.218446008553,3.530087498211,44.126093727641,1.047980724319
LN00398,Adverse,0.011253635050,0.263005000000,1.720000000000,0.036031095650,0.061973484518,0.774668556471,0.005090791133
LN00399,Adverse,0.010319112465,0.517500000000,2.015000000000,0.068339278372,0.137703645919,1.721295573985,0.010760383512
LN00400,Adverse,0.011528363631,0.242535000000,3.375000000000,0.033561137888,0.113268840373,1.415860504659,0.009436606898
LN00401,Adverse,0.009263702795,0.273355000000,1.550000000000,0.058968001008,0.091400401562,1.142505019522,0.003925033190
LN00402,Adverse,0.128996335605,0.271055000000,1.310000000000,0.115344769457,0.151101647989,1.888770599863,0.045804283289
LN00403,Adverse,0.040245175836,0.517500000000,4.260000000000,0.140925543874,0.600342816902,7.504285211272,0.088722502390
LN00404,Adverse,0.003082622416,0.517500000000,1.615000000000,0.036311537906,0.058643133718,0.733039171480,0.002576340217
LN00405,Adverse,0.293266078070,0.249320000000,2.140000000000,0.119796361201,0.256364212971,3.204552662137,0.156470590970
LN00406,Adverse,0.105749904100,0.298655000000,2.050000000000,0.109528832097,0.224534105800,2.806676322495,0.064744612099
LN00407,Adverse,0.008985376553,0.241500000000,7.560000000000,0.046221797769,0.349436791134,4.367959889175,0.016404961389
LN00408,Adverse,0.103792904462,0.133515000000,3.550000000000,0.050565538438,0.179507661453,2.243845768165,0.049195579220
LN00409,Adverse,0.003381325932,0.194580000000,3.240000000000,0.014435022734,0.046769473657,0.584618420712,0.002131720416
LN00410,Adverse,0.310007348155,0.747500000000,8.140000000000,0.357995262249,2.914081434708,36.426017933850,1.886286210953
LN00411,Adverse,0.039528900629,0.517500000000,3.890000000000,0.155883462387,0.606386668685,7.579833358566,0.079574641634
LN00412,Adverse,0.046574255062,0.517500000000,3.035000000000,0.118101696600,0.358438649180,4.480483114746,0.073150107178
LN00413,Adverse,0.001859073000,0.202055000000,6.465000000000,0.010278820032,0.066452571510,0.830657143873,0.002428480243
LN00414,Adverse,0.108672345782,0.299115000000,8.740000000000,0.121098125345,1.058397615516,13.229970193946,0.284098320913
LN00415,Adverse,0.000574600369,0.517500000000,3.870000000000,0.031672644820,0.122573135452,1.532164193146,0.001150766524
LN00416,Adverse,0.003829279608,0.115000000000,4.200000000000,0.009179384826,0.038553416268,0.481917703355,0.001849542051
LN00417,Adverse,0.003789545798,0.747500000000,1.895000000000,0.059305430161,0.112383790155,1.404797376936,0.005367938993
LN00418,Adverse,0.045308793809,0.380765000000,1.900000000000,0.118595539247,0.225331524569,2.816644057106,0.032778805462
LN00419,Adverse,0.003785406426,0.241500000000,9.670000000000,0.038002349894,0.367482723473,4.593534043415,0.008840078554
LN00420,Adverse,0.106485301368,0.517500000000,6.990000000000,0.208220376139,1.455460429214,18.193255365178,0.385191942771
LN00421,Adverse,0.043678259060,0.747500000000,7.070000000000,0.230680867893,1.630913736004,20.386421700046,0.230831955435
LN00422,Adverse,0.001814123047,0.270595000000,5.080000000000,0.013543935594,0.068803192820,0.860039910247,0.002493734540
LN00423,Adverse,0.000597171043,0.517500000000,4.690000000000,0.033977206181,0.159353096988,1.991913712356,0.001449378909
LN00424,Adverse,0.001821776773,0.747500000000,8.990000000000,0.064971362471,0.584092548615,7.301156857684,0.012242385459
LN00425,Adverse,0.044918216358,0.230345000000,10.900000000000,0.051859076899,0.565263938195,7.065799227442,0.112778883363
LN00426,Adverse,0.125355518398,0.517500000000,10.267500000000,0.176922568868,1.816552475849,22.706905948115,0.666067928818
LN00427,Adverse,0.003411274725,0.211715000000,3.492500000000,0.015788934988,0.055142855446,0.689285693077,0.002522346464
LN00428,Adverse,0.114445334938,0.258750000000,17.940000000000,0.098518582011,1.767423361270,22.092792015879,0.531252383647
LN00429,Adverse,0.001541320972,0.517500000000,5.630000000000,0.054532945403,0.307020482619,3.837756032738,0.004490677184
LN00430,Adverse,0.109842688671,0.517500000000,8.430000000000,0.210192144477,1.771919777941,22.148997224258,0.479191475393
LN00431,Adverse,0.125390216888,0.155020000000,5.940000000000,0.065447831383,0.388760118418,4.859501480221,0.115461669046
LN00432,Adverse,0.040510922154,0.517500000000,5.740000000000,0.150101743710,0.861584008894,10.769800111174,0.120335668711
LN00433,Adverse,0.040127204955,0.243340000000,2.150000000000,0.073561052585,0.158156263057,1.976953288209,0.020993791216
LN00434,Adverse,0.108912824309,0.313950000000,9.040000000000,0.127189285723,1.149791142931,14.372389286643,0.309106357973
LN00435,Adverse,0.001518295280,0.258060000000,69.682500000000,0.011459478524,0.798525112240,9.981563903000,0.027302389523
LN00436,Adverse,0.003789527882,0.517500000000,2.760000000000,0.041057492560,0.113318679465,1.416483493307,0.005412582674
LN00437,Adverse,0.003341398610,0.244030000000,4.810000000000,0.036472509722,0.175432771765,2.192909647064,0.003922081229
LN00438,Adverse,0.011819519465,0.299690000000,2.870000000000,0.069163977783,0.198500616236,2.481257702948,0.010166090433
LN00439,Adverse,0.040723688178,0.517500000000,2.750000000000,0.156990910021,0.431725002558,5.396562531971,0.057954898739
LN00440,Adverse,0.046588508123,0.287730000000,21.000000000000,0.090261254571,1.895486345996,23.693579324945,0.281503140284
LN00441,Adverse,0.116765236417,0.241500000000,2.290000000000,0.099890591332,0.228749454151,2.859368176884,0.064575262522
LN00442,Adverse,0.003335496915,0.263350000000,2.790000000000,0.039330899177,0.109733208703,1.371665108792,0.002450744684
LN00443,Adverse,0.049029752324,0.194235000000,0.877500000000,0.045203197821,0.039665806088,0.495822576100,0.008356690435
LN00444,Adverse,0.003950307690,0.517500000000,2.100000000000,0.067552229340,0.141859681615,1.773246020183,0.004292996882
LN00445,Adverse,0.011467946107,0.286465000000,0.697500000000,0.039553934833,0.027588869546,0.344860869322,0.002291402714
LN00446,Adverse,0.041362031900,0.230575000000,8.430000000000,0.070210559201,0.591875014062,7.398437675780,0.080397335761
LN00447,Adverse,0.270988405292,0.747500000000,73.680000000000,0.359596502640,26.495070314487,331.188378931087,14.924903212184
LN00448,Adverse,0.046616672185,0.517500000000,3.110000000000,0.162365775899,0.504957563047,6.311969538084,0.075026037632
LN00449,Adverse,0.001578042031,0.517500000000,0.850000000000,0.055150252522,0.046877714644,0.585971433049,0.000694141238
LN00450,Adverse,0.047488007023,0.303140000000,11.020000000000,0.095569641921,1.053177453971,13.164718174642,0.158638569229
LN00451,Adverse,0.001723894624,0.747500000000,1.945000000000,0.036163175852,0.070337377033,0.879217212908,0.002506348845
LN00452,Adverse,0.119687204722,0.236440000000,16.430000000000,0.098504591513,1.618430438562,20.230380482031,0.464949985308
LN00453,Adverse,0.048520414782,0.517500000000,3.380000000000,0.153045401753,0.517293457924,6.466168224051,0.084869483515
LN00454,Adverse,0.003670773387,0.517500000000,2.380000000000,0.080418196529,0.191395307738,2.392441346726,0.004521108043
LN00455,Adverse,0.001440215220,0.201480000000,3.750000000000,0.015186313223,0.056948674585,0.711858432312,0.001088154610
LN00456,Adverse,0.002972665666,0.258750000000,9.560000000000,0.036798568227,0.351794312254,4.397428903178,0.007353334424
LN00457,Adverse,0.298008308795,0.276920000000,3.570000000000,0.132961123545,0.474671211056,5.933390138205,0.294612325311
LN00458,Adverse,0.010303787671,0.517500000000,2.587500000000,0.068295557416,0.176714754813,2.208934435158,0.013797093685
LN00459,Adverse,0.042144311548,0.335340000000,3.670000000000,0.101135984151,0.371169061833,4.639613272918,0.051866911505
LN00460,Adverse,0.043952502890,0.517500000000,1.260000000000,0.159952035097,0.201539564223,2.519244552782,0.028659229510
LN00461,Adverse,0.047743834827,0.115000000000,5.690000000000,0.026492724757,0.150743603870,1.884295048375,0.031241178319
LN00462,Adverse,0.003793223319,0.201250000000,0.682500000000,0.015975858896,0.010903523697,0.136294046209,0.000521011077
LN00463,Adverse,0.119981507898,0.250930000000,2.870000000000,0.102083519680,0.292979701482,3.662246268526,0.086406974559
LN00464,Adverse,0.009998349922,0.211485000000,9.580000000000,0.046636373573,0.446776458833,5.584705735410,0.020256919899
LN00465,Adverse,0.042265030457,0.747500000000,6.070000000000,0.228814169965,1.388902011685,17.361275146062,0.191770179317
LN00466,Adverse,0.045117670884,0.517500000000,8.090000000000,0.153256510864,1.239845172886,15.498064661076,0.188888512980
LN00467,Adverse,0.042769715278,0.747500000000,4.200000000000,0.224665844154,0.943596545445,11.794956818059,0.134275521115
LN00468,Adverse,0.120063437344,0.517500000000,13.332500000000,0.174021278006,2.320138689012,29.001733612649,0.828385940319
LN00469,Adverse,0.003635024203,0.747500000000,11.300000000000,0.095459181173,1.078688747256,13.483609340696,0.030704140689
LN00470,Adverse,0.009025963381,0.230575000000,6.170000000000,0.028702698705,0.177095651011,2.213695637636,0.012840766496
LN00471,Adverse,0.008827027486,0.205160000000,11.330000000000,0.043627204664,0.494296228838,6.178702860470,0.020518097025
LN00472,Adverse,0.009472164326,0.242190000000,7.802500000000,0.030807261470,0.240373657621,3.004670720267,0.017899430287
LN00473,Adverse,0.003864826238,0.241500000000,2.450000000000,0.019380264139,0.047481647141,0.593520589265,0.002286721064
LN00474,Adverse,0.003602984524,0.201250000000,1.170000000000,0.031035296141,0.036311296485,0.453891206065,0.000848367743
LN00475,Adverse,0.009349277665,0.272665000000,6.820000000000,0.058977783042,0.402228480344,5.027856004295,0.017385685819
LN00476,Adverse,0.011520077845,0.747500000000,7.740000000000,0.171353173223,1.326273560744,16.578419509297,0.066651138383
LN00477,Adverse,0.010254653551,0.163760000000,12.360000000000,0.021567261354,0.266571350339,3.332141879232,0.020756173529
LN00478,Adverse,0.044601825419,0.594205000000,1.760000000000,0.184338594126,0.324435925661,4.055449070768,0.046644624705
LN00479,Adverse,0.049688777504,0.517500000000,1.810000000000,0.165119772892,0.298866788935,3.735834861686,0.046542235669
LN00480,Adverse,0.009005804761,0.310500000000,7.100000000000,0.066424458910,0.471613658258,5.895170728220,0.019853746885
LN00481,Adverse,0.009481002310,0.517500000000,3.590000000000,0.065854744600,0.236418533113,2.955231663918,0.017614043117
LN00482,Adverse,0.003539111123,0.260705000000,0.680000000000,0.031392646884,0.021346999881,0.266837498512,0.000627411497
LN00483,Adverse,0.041398850671,0.517500000000,6.520000000000,0.157613719698,1.027641452431,12.845518155392,0.139683862049
LN00484,Adverse,0.010887307754,0.303715000000,0.630000000000,0.041034547668,0.025851765031,0.323147062886,0.002083182365
LN00485,Adverse,0.001538643786,0.747500000000,1.740000000000,0.078704271975,0.136945433236,1.711817915453,0.002001237040
LN00486,Adverse,0.009127059197,0.257715000000,14.397500000000,0.032242689789,0.464214126231,5.802676577891,0.033865512429
LN00487,Adverse,0.009456041259,0.115000000000,27.800000000000,0.024957111361,0.693807695848,8.672596198096,0.030230963905
LN00488,Adverse,0.003366983129,0.517500000000,1.330000000000,0.077592558979,0.103198103443,1.289976293033,0.002317410313
LN00489,Adverse,0.041175080357,0.517500000000,2.747500000000,0.112839525384,0.310026595993,3.875332449911,0.058544015972
LN00490,Adverse,0.040694420652,0.115000000000,4.207500000000,0.024969104432,0.105057506896,1.313218836205,0.019690504113
LN00491,Adverse,0.048867940497,0.517500000000,22.512500000000,0.120282104695,2.707850881939,33.848136024232,0.569322196652
LN00492,Adverse,0.042834275693,0.262775000000,2.740000000000,0.080701782418,0.221122883826,2.764036047830,0.030840828419
LN00493,Adverse,0.043294749424,0.517500000000,2.780000000000,0.158241625897,0.439911719994,5.498896499923,0.062285991259
LN00494,Adverse,0.008992910485,0.115000000000,21.090000000000,0.024591167219,0.518627716650,6.482846458120,0.021810955444
LN00495,Adverse,0.043256146192,0.161000000000,3.080000000000,0.049565273639,0.152661042807,1.908263035089,0.021449857774
LN00496,Adverse,0.009632092169,0.303140000000,9.230000000000,0.061363055289,0.566381000321,7.079762504008,0.026950422437
LN00497,Adverse,0.010679255998,0.158930000000,1.020000000000,0.035696430832,0.036410359449,0.455129493109,0.001731199239
LN00498,Adverse,0.041513242089,0.184575000000,3.780000000000,0.056253123946,0.212636808516,2.657960106453,0.028963519170
LN00499,Adverse,0.011514392535,0.118335000000,0.850000000000,0.022282600346,0.018940210294,0.236752628681,0.001158172294
LN00500,Adverse,0.011638011169,0.129835000000,1.560000000000,0.029842748501,0.046554687662,0.581933595773,0.002357193041
LN00501,Adverse,0.040288728050,0.147775000000,10.370000000000,0.041528435333,0.430649874403,5.383123430033,0.061739524588
LN00502,Adverse,0.106911664048,0.115000000000,3.650000000000,0.036929669190,0.134793292544,1.684916156799,0.044876170984
LN00503,Adverse,0.107142181588,0.274620000000,3.260000000000,0.110703104165,0.360892119578,4.511151494727,0.095920238059
LN00504,Adverse,0.010706651317,0.517500000000,2.120000000000,0.116314599896,0.246586951780,3.082336897254,0.011746267160
LN00505,Adverse,0.009196731574,0.747500000000,3.092500000000,0.093839766247,0.290199477120,3.627493463997,0.021259567063
LN00506,Adverse,0.048781511792,0.156975000000,5.460000000000,0.036460812952,0.199076038720,2.488450484002,0.041809828862
LN00507,Adverse,0.011112130609,0.747500000000,11.980000000000,0.169713835810,2.033171752998,25.414646912477,0.099509685207
LN00508,Adverse,0.127323269020,0.134320000000,0.320000000000,0.056951963321,0.018224628263,0.227807853282,0.005472659678
LN00509,Adverse,0.010424352680,0.142830000000,1.950000000000,0.031867201124,0.062141042192,0.776763027399,0.002903375072
LN00510,Adverse,0.003972527994,0.517500000000,5.250000000000,0.083035955303,0.435938765340,5.449234566754,0.010792861993
LN00511,Adverse,0.001449446683,0.517500000000,3.725000000000,0.022264079729,0.082933696990,1.036671212374,0.002794080254
LN00512,Adverse,0.115403821120,0.517500000000,5.640000000000,0.171348596530,0.966406084428,12.080076055344,0.336829132704
LN00513,Adverse,0.001596359006,0.247480000000,5.860000000000,0.026519681311,0.155405332480,1.942566655997,0.002315092191
LN00514,Adverse,0.011694772872,0.517500000000,2.837500000000,0.072034148960,0.204396897673,2.554961220911,0.017172677578
LN00515,Adverse,0.010577800154,0.132595000000,2.650000000000,0.029703419208,0.078714060900,0.983925761255,0.003716793040
LN00516,Adverse,0.003771685638,0.274160000000,3.510000000000,0.043078062788,0.151204000384,1.890050004805,0.003629499124
LN00517,Adverse,0.009344339853,0.131330000000,12.815000000000,0.016604820989,0.212790780974,2.659884762179,0.015726467440
LN00518,Adverse,0.050156697989,0.747500000000,2.160000000000,0.216842599755,0.468380015471,5.854750193392,0.080983004573
LN00519,Adverse,0.000646510905,0.160655000000,4.210000000000,0.010985848361,0.046250421599,0.578130269994,0.000437272531
LN00520,Adverse,0.118051893972,0.517500000000,5.380000000000,0.208459899641,1.121514260071,14.018928250886,0.328674180601
LN00521,Adverse,0.131581965573,0.365470000000,19.452500000000,0.127232430603,2.474988856314,30.937360703931,0.935456348788
LN00522,Adverse,0.009984283266,0.517500000000,3.320000000000,0.103564714463,0.343834852018,4.297935650219,0.017153997079
LN00523,Adverse,0.003340361995,0.517500000000,11.690000000000,0.066548865016,0.777956232040,9.724452900495,0.020207770418
LN00524,Adverse,0.045821793940,0.517500000000,15.360000000000,0.161648173238,2.482915940934,31.036449261669,0.364228275668
LN00525,Adverse,0.003055708952,0.126385000000,4.200000000000,0.018187780078,0.076388676328,0.954858454104,0.001622022259
LN00526,Adverse,0.009803199112,0.201250000000,3.630000000000,0.044131224766,0.160196345901,2.002454323769,0.007161604571
LN00527,Adverse,0.268996292942,0.517500000000,2.992500000000,0.215817991812,0.645835340499,8.072941756232,0.416572702931
LN00528,Adverse,0.262470228825,0.292675000000,3.127500000000,0.121753826152,0.380785091292,4.759813641146,0.240249778127
LN00529,Adverse,0.048932050665,0.301645000000,8.990000000000,0.070146377888,0.630615937210,7.882699215121,0.132693374723
LN00530,Adverse,0.010615437313,0.231150000000,4.497500000000,0.030897245038,0.138960359559,1.737004494485,0.011035778111
LN00531,Adverse,0.043270991303,0.307165000000,5.670000000000,0.094571508793,0.536220454855,6.702755685691,0.075361864027
LN00532,Adverse,0.043839278934,0.261740000000,1.450000000000,0.080848020044,0.117229629064,1.465370363297,0.016638014659
LN00533,Adverse,0.010138254461,0.251735000000,1.700000000000,0.044360354765,0.075412603100,0.942657538753,0.004338660928
LN00534,Adverse,0.046361673432,0.747500000000,38.220000000000,0.234196152251,8.950976939018,111.887211737730,1.324527511026
LN00535,Adverse,0.000734437575,0.158815000000,3.350000000000,0.004216613243,0.014125654365,0.176570679564,0.000390743007
LN00536,Adverse,0.003905173104,0.747500000000,1.937500000000,0.060348037196,0.116924322068,1.461554025849,0.005655788985
LN00537,Adverse,0.010016919944,0.747500000000,16.432500000000,0.097450517179,1.601355623549,20.016945294357,0.123040770143
LN00538,Adverse,0.003268267845,0.184115000000,5.940000000000,0.027262943871,0.161941886596,2.024273582452,0.003574318577
LN00539,Adverse,0.003396879608,0.517500000000,7.990000000000,0.070003067934,0.559324512793,6.991556409908,0.014045502726
LN00540,Adverse,0.120172938305,0.517500000000,3.900000000000,0.215851180989,0.841819605857,10.522745073209,0.242539032734
LN00541,Adverse,0.288192837609,0.517500000000,3.260000000000,0.243221242683,0.792901251146,9.911265639331,0.486195726688
LN00542,Adverse,0.046646446909,0.201250000000,3.780000000000,0.056273732414,0.212714708526,2.658933856570,0.035485118325
LN00543,Adverse,0.119786807033,0.272780000000,1.120000000000,0.113671762210,0.127312373676,1.591404670944,0.036596498649
LN00544,Adverse,0.278163620553,0.180550000000,4.100000000000,0.083453826021,0.342160686685,4.277008583561,0.205912010933
LN00545,Adverse,0.003285661554,0.517500000000,5.405000000000,0.037737539398,0.203971400446,2.549642505576,0.009190282863
LN00546,Adverse,0.009977792337,0.747500000000,28.520000000000,0.164741570261,4.698429583849,58.730369798117,0.212713561486
LN00547,Adverse,0.009113258101,0.392955000000,4.880000000000,0.070267677207,0.342906264769,4.286328309607,0.017475769645
LN00548,Adverse,0.001513420347,0.517500000000,0.395000000000,0.022930009392,0.009057353710,0.113216921373,0.000309362037
LN00549,Adverse,0.047359711729,0.747500000000,4.080000000000,0.235494542678,0.960817734126,12.010221676571,0.144437648832
LN00550,Adverse,0.010009655248,0.420670000000,62.425000000000,0.054824837962,3.422440509779,42.780506372241,0.262856797451
LN00551,Adverse,0.009479054803,0.212520000000,9.932500000000,0.027041882173,0.268593494685,3.357418683561,0.020008909279
LN00552,Adverse,0.003514728997,0.517500000000,1.990000000000,0.066086857899,0.131512847218,1.643910590229,0.003619555790
LN00553,Adverse,0.003718256363,0.192625000000,7.405000000000,0.015114262643,0.111921114870,1.399013935873,0.005303676722
LN00554,Adverse,0.111261196648,0.234025000000,2.130000000000,0.087800794316,0.187015691892,2.337696148652,0.055460730292
LN00555,Adverse,0.001861002702,0.142600000000,1.027500000000,0.007259244240,0.007458873457,0.093235918211,0.000272676907
LN00556,Adverse,0.003899612175,0.747500000000,2.870000000000,0.060298356468,0.173056283062,2.163203538276,0.008365935489
LN00557,Adverse,0.010639767527,0.295780000000,4.337500000000,0.039574741855,0.171655442798,2.145693034969,0.013650244530
LN00558,Adverse,0.010855451587,0.297160000000,0.690000000000,0.059633155860,0.041146877543,0.514335969289,0.002225806136
LN00559,Adverse,0.039736724050,0.253805000000,1.420000000000,0.073808092434,0.104807491257,1.310093640708,0.014321238531
LN00560,Adverse,0.011685426765,0.122245000000,4.240000000000,0.017010473466,0.072124407495,0.901555093686,0.006056776378
LN00561,Adverse,0.001632395203,0.263005000000,2.517500000000,0.012266361664,0.030880565489,0.386007068614,0.001080833493
LN00562,Adverse,0.003895812099,0.517500000000,6.650000000000,0.082387060943,0.547873955270,6.848424440873,0.013406950361
LN00563,Adverse,0.120487832277,0.517500000000,1.185000000000,0.174259156408,0.206497100343,2.581213754291,0.073887657046
LN00564,Adverse,0.039174040677,0.167555000000,9.150000000000,0.043125219027,0.394595754095,4.932446926190,0.060058828428
LN00565,Adverse,0.039572322807,0.308430000000,1.195000000000,0.066296890009,0.079224783560,0.990309794503,0.014585323370
LN00566,Adverse,0.046886957325,0.319010000000,19.985000000000,0.072987477004,1.458654727918,18.233184098973,0.298923804002
LN00567,Adverse,0.045574725358,0.156285000000,0.810000000000,0.048750256267,0.039487707576,0.493596344701,0.005769343222
LN00568,Adverse,0.001440191443,0.517500000000,1.500000000000,0.052782898604,0.079174347906,0.989679348824,0.001117948608
LN00569,Adverse,0.011079637281,0.517500000000,6.800000000000,0.117401611922,0.798330961071,9.979137013384,0.038989243591
LN00570,Adverse,0.011405873959,0.363860000000,23.670000000000,0.074924045913,1.773452166759,22.168152084481,0.098233844543
LN00571,Adverse,0.010334721638,0.344655000000,6.140000000000,0.076712513834,0.471014834940,5.887685436753,0.021870148806
LN00572,Adverse,0.117253001514,0.310500000000,7.870000000000,0.128587729174,1.011985428601,12.649817857519,0.286523538354
LN00573,Adverse,0.008840518781,0.273240000000,4.560000000000,0.058131025454,0.265077476072,3.313468450895,0.011015060084
LN00574,Adverse,0.048060307713,0.317515000000,1.610000000000,0.100416790933,0.161671033402,2.020887917530,0.024568388452
LN00575,Adverse,0.113375271430,0.747500000000,2.750000000000,0.301950074588,0.830362705117,10.379533813958,0.233057042334
LN00576,Adverse,0.011485634453,0.517500000000,1.222500000000,0.071499926443,0.087408660076,1.092608250956,0.007266314852
LN00577,Adverse,0.114593567592,0.747500000000,1.195000000000,0.246815586043,0.294944625321,3.686807816517,0.102362136671
LN00578,Adverse,0.045601707331,0.747500000000,6.700000000000,0.230006177021,1.541041386041,19.263017325514,0.228384750739
LN00579,Adverse,0.111634345239,0.517500000000,1.265000000000,0.169103473004,0.213915893349,2.673948666868,0.073080028681
LN00580,Adverse,0.009314593104,0.747500000000,6.170000000000,0.161509497839,0.996513601669,12.456420020863,0.042959601991
LN00581,Adverse,0.011174126792,0.262660000000,1.220000000000,0.048993068757,0.059771543884,0.747144298546,0.003580695295
LN00582,Adverse,0.010335244919,0.257025000000,6.030000000000,0.056046629476,0.337961175743,4.224514696787,0.016018190442
LN00583,Adverse,0.003487087907,0.137310000000,2.750000000000,0.018787538949,0.051665732111,0.645821651386,0.001316733111
LN00584,Adverse,0.011744906592,0.195845000000,18.290000000000,0.045123351454,0.825306098085,10.316326226059,0.042070314723
LN00585,Adverse,0.131376542509,0.115000000000,6.190000000000,0.046431901330,0.287413469233,3.592668365409,0.093520391785
LN00586,Adverse,0.048817183398,0.275310000000,13.005000000000,0.063964581192,0.831859378397,10.398242229966,0.174785363191
LN00587,Adverse,0.003118632202,0.517500000000,1.897500000000,0.036568443753,0.069388622022,0.867357775278,0.003062360382
LN00588,Adverse,0.010630348364,0.517500000000,4.740000000000,0.116086554789,0.550250269702,6.878128371270,0.026075713019
LN00589,Adverse,0.003847571436,0.517500000000,1.680000000000,0.073862996878,0.124089834755,1.551122934436,0.003345078606
LN00590,Adverse,0.000621089345,0.280370000000,2.960000000000,0.018782461693,0.055596086612,0.694951082651,0.000515439066
LN00591,Adverse,0.106728406469,0.379385000000,3.000000000000,0.121746129849,0.365238389546,4.565479869326,0.121473469465
LN00592,Adverse,0.011282365193,0.201250000000,1.877500000000,0.027600115743,0.051819217307,0.647740216342,0.004263006431
LN00593,Adverse,0.010290387984,0.290375000000,1.330000000000,0.056021112544,0.074508079683,0.931350996040,0.003974134977
LN00594,Adverse,0.045594035816,0.161000000000,1.090000000000,0.050226451092,0.054746831690,0.684335396127,0.008001297345
LN00595,Adverse,0.000745839068,0.222410000000,0.430000000000,0.016358531075,0.007034168362,0.087927104526,0.000071329289
LN00596,Adverse,0.010669382091,0.115000000000,1.560000000000,0.025822991341,0.040283866492,0.503548331147,0.001914087147
LN00597,Adverse,0.044024143443,0.517500000000,7.432500000000,0.115640659668,0.859499202984,10.743740037302,0.169330888379
LN00598,Adverse,0.043399777841,0.517500000000,0.780000000000,0.115031715112,0.089724737787,1.121559222337,0.017518320325
LN00599,Adverse,0.285064202373,0.517500000000,1.140000000000,0.242452858452,0.276396258635,3.454953232942,0.168173626190
LN00600,Adverse,0.040504973102,0.115000000000,26.870000000000,0.033106834015,0.889580629970,11.119757874622,0.125162392135
LN00601,Adverse,0.011233707530,0.334305000000,2.370000000000,0.068533657584,0.162424768474,2.030309605920,0.008900498492
LN00602,Adverse,0.048620920029,0.517500000000,6.180000000000,0.164165945891,1.014545545606,12.681819320071,0.155496995391
LN00603,Adverse,0.112040055744,0.352360000000,8.520000000000,0.143971892945,1.226640527893,15.333006598661,0.336356258038
LN00604,Adverse,0.042644415425,0.517500000000,8.690000000000,0.155422555635,1.350622008472,16.882775105906,0.191775134499
LN00605,Adverse,0.316843389675,0.115000000000,0.885000000000,0.048281316747,0.042728965321,0.534112066511,0.032246735984
LN00606,Adverse,0.039401396018,0.274160000000,3.560000000000,0.082520757198,0.293773895626,3.672173695323,0.038456140767
LN00607,Adverse,0.118817635485,0.115000000000,0.890000000000,0.047809572769,0.042550519764,0.531881497050,0.012160984992
LN00608,Adverse,0.003410214708,0.198490000000,51.740000000000,0.029920108174,1.548066396932,19.350829961646,0.035022470589
LN00609,Adverse,0.046994592286,0.287615000000,0.910000000000,0.090428500396,0.082289935360,1.028624192000,0.012299878191
LN00610,Adverse,0.009323144307,0.191130000000,1.397500000000,0.024141199951,0.033737326931,0.421716586642,0.002490250768
LN00611,Adverse,0.046752817344,0.260935000000,1.580000000000,0.081930299489,0.129449873192,1.618123414904,0.019275125302
LN00612,Adverse,0.043476565425,0.747500000000,0.852500000000,0.166265303587,0.141741171308,1.771764641352,0.027705169588
LN00613,Adverse,0.299205494569,0.217695000000,14.325000000000,0.091373988715,1.308932388342,16.361654854271,0.933066612509
LN00614,Adverse,0.257853970916,0.199065000000,50.520000000000,0.095654274639,4.832453954778,60.405674434723,2.593176480395
LN00615,Adverse,0.010229743853,0.150190000000,2.790000000000,0.033333740579,0.093001136216,1.162514202706,0.004286570590
LN00616,Adverse,0.045121405619,0.334995000000,1.032500000000,0.075546774209,0.078002044370,0.975025554631,0.015606697247
LN00617,Adverse,0.041616369636,0.258750000000,0.480000000000,0.078906969510,0.037875345365,0.473441817062,0.005168753109
LN00618,Adverse,0.009250625527,0.747500000000,3.510000000000,0.161183447081,0.565753899254,7.071923740673,0.024271097462
LN00619,Adverse,0.003119546069,0.201250000000,3.062500000000,0.014223588044,0.043559738384,0.544496729802,0.001922663979
LN00620,Adverse,0.001606979127,0.175145000000,2.147500000000,0.008082617810,0.017357421747,0.216967771835,0.000604423236
LN00621,Adverse,0.040253511481,0.517500000000,5.590000000000,0.156555941518,0.875147713087,10.939346413582,0.116446364349
LN00622,Adverse,0.011690808883,0.265995000000,6.650000000000,0.049116216489,0.326622839650,4.082785495627,0.020679483114
LN00623,Adverse,0.284168365133,0.517500000000,6.190000000000,0.248888761157,1.540621431560,19.257767894499,0.910283628239
LN00624,Adverse,0.011276383847,0.353395000000,2.847500000000,0.048455095850,0.137975885432,1.724698567904,0.011347337815
LN00625,Adverse,0.323649484132,0.130295000000,1.490000000000,0.062148338719,0.092601024692,1.157512808645,0.062833165207
LN00626,Adverse,0.009070767017,0.747500000000,8.720000000000,0.160252346477,1.397400461282,17.467505766025,0.059125073572
LN00627,Adverse,0.046567716865,0.517500000000,4.075000000000,0.118095437873,0.481238909331,6.015486366641,0.098202583422
LN00628,Adverse,0.001884513455,0.277035000000,10.212500000000,0.014220399564,0.145225830552,1.815322881904,0.005331703039
LN00629,Adverse,0.046373755620,0.284050000000,8.910000000000,0.064719297719,0.576648942673,7.208111783414,0.117366665680
LN00630,Adverse,0.116200411214,0.135815000000,1.080000000000,0.056096619712,0.060584349288,0.757304366105,0.017044299557
LN00631,Adverse,0.116259205347,0.517500000000,1.070000000000,0.213778438619,0.228742929322,2.859286616529,0.064375628481
LN00632,Adverse,0.104827188075,0.239085000000,1.785000000000,0.076163572511,0.135951976932,1.699399711652,0.044736755746
LN00633,Adverse,0.001707149611,0.120635000000,1.480000000000,0.005798169659,0.008581291096,0.107266138695,0.000304794150
LN00634,Adverse,0.011828941187,0.517500000000,9.540000000000,0.101799595970,0.971168145557,12.139601819458,0.058398891192
LN00635,Adverse,0.001930523793,0.161000000000,6.370000000000,0.018867838322,0.120188130109,1.502351626359,0.001979887287
LN00636,Adverse,0.002963092373,0.327175000000,13.450000000000,0.041654086016,0.560247456909,7.003093211364,0.013039099099
LN00637,Adverse,0.047168158027,0.353740000000,6.660000000000,0.111325507999,0.741427883272,9.267848540898,0.111123859708
LN00638,Adverse,0.042621159480,0.245755000000,5.520000000000,0.075382064863,0.416108998045,5.201362475559,0.057818484025
LN00639,Adverse,0.049334304406,0.115000000000,14.880000000000,0.036623012892,0.544950431831,6.811880397886,0.084420861699
LN00640,Adverse,0.105096280660,0.285085000000,7.170000000000,0.114246181452,0.819145121013,10.239314012657,0.214823045644
LN00641,Adverse,0.049692389995,0.268065000000,4.225000000000,0.062708381872,0.264942913410,3.311786417620,0.056280339964
LN00642,Adverse,0.127822406923,0.241615000000,19.700000000000,0.097720737183,1.925098522508,24.063731531345,0.608411073722
LN00643,Adverse,0.001487927581,0.306130000000,5.030000000000,0.031718240237,0.159542748394,1.994284354928,0.002291161330
LN00644,Adverse,0.002983618118,0.374785000000,3.310000000000,0.053385060623,0.176704550662,2.208806883276,0.003701292697
LN00645,Adverse,0.048587946118,0.115000000000,1.940000000000,0.033288398007,0.064579492133,0.807243651668,0.010839970779
LN00646,Adverse,0.108317038875,0.550160000000,9.050000000000,0.213532761935,1.932471495508,24.155893693853,0.539304904071
LN00647,Adverse,0.000653941116,0.517500000000,15.440000000000,0.035594888814,0.549585083282,6.869813541021,0.005225120305
LN00648,Adverse,0.011596356571,0.517500000000,4.260000000000,0.115306971166,0.491207697167,6.140096214583,0.025564747879
LN00649,Adverse,0.045628239689,0.517500000000,16.580000000000,0.161473113181,2.677224216545,33.465302706813,0.391497140764
LN00650,Adverse,0.000625747811,0.517500000000,0.547500000000,0.012208152268,0.006683963367,0.083549542086,0.000177293909
LN00651,Adverse,0.010179140645,0.517500000000,4.240000000000,0.107682546242,0.456573996068,5.707174950845,0.022335070403
LN00652,Adverse,0.105621556963,0.302795000000,3.827500000000,0.096756803162,0.370336664104,4.629208301302,0.122409877676
LN00653,Adverse,0.050049527076,0.235290000000,1.990000000000,0.055193758339,0.109835579095,1.372944738687,0.023434544919
LN00654,Adverse,0.003248613240,0.303370000000,42.247500000000,0.021972407406,0.928279281900,11.603491023750,0.041636254664
LN00655,Adverse,0.109291806824,0.276920000000,4.190000000000,0.112305455581,0.470559858884,5.881998236049,0.126810715141
LN00656,Adverse,0.009696698207,0.517500000000,2.980000000000,0.113125656134,0.337114455278,4.213930690977,0.014953763140
LN00657,Adverse,0.131398853267,0.309120000000,4.600000000000,0.132210436369,0.608168007298,7.602100091222,0.186842862201
LN00658,Adverse,0.009112177356,0.205045000000,0.545000000000,0.025634316891,0.013970702706,0.174633783820,0.001018281491
LN00659,Adverse,0.048944715033,0.262775000000,2.100000000000,0.083506874523,0.175364436499,2.192055456236,0.027009039735
LN00660,Adverse,0.010972532228,0.115000000000,10.475000000000,0.015588655120,0.163291162382,2.041139529777,0.013217786635
LN00661,Adverse,0.011339532415,0.310500000000,2.390000000000,0.070879801100,0.169402724629,2.117534057868,0.008415010307
LN00662,Adverse,0.131722905333,0.517500000000,1.780000000000,0.180230303178,0.320809939656,4.010124245705,0.121336554247
LN00663,Adverse,0.003809615740,0.115000000000,16.600000000000,0.018143266184,0.301178218657,3.764727733216,0.007272556447
LN00664,Adverse,0.001922445693,0.328900000000,17.120000000000,0.038469239476,0.658593379822,8.232417247769,0.010824845690
LN00665,Adverse,0.009211894411,0.185380000000,7.520000000000,0.039924215955,0.300230103981,3.752876299764,0.012841911414
LN00666,Adverse,0.048160795471,0.271400000000,2.840000000000,0.085879783867,0.243898586182,3.048732327273,0.037121185290
LN00667,Adverse,0.119537841972,0.517500000000,3.530000000000,0.215520630972,0.760787827330,9.509847841631,0.218368741269
LN00668,Adverse,0.293943888217,0.517500000000,2.010000000000,0.248631382352,0.499749078527,6.246863481587,0.305753083926
LN00669,Adverse,0.011546000584,0.175720000000,1.660000000000,0.040305098386,0.066906463320,0.836330791500,0.003367912950
LN00670,Adverse,0.011763996830,0.115000000000,1.580000000000,0.026507652629,0.041882091154,0.523526139423,0.002137518224
LN00671,Adverse,0.003664765122,0.451145000000,2.420000000000,0.070059757395,0.169544612897,2.119307661211,0.004001083915
LN00672,Adverse,0.044679019274,0.517500000000,1.420000000000,0.116276579706,0.165112743182,2.063909289778,0.032832377313
LN00673,Adverse,0.287810226874,0.115000000000,0.940000000000,0.055291838639,0.051974328321,0.649679104010,0.031112285525
LN00674,Adverse,0.043585788410,0.271975000000,5.580000000000,0.083888029544,0.468095204858,5.851190060727,0.066146686000
LN00675,Adverse,0.043304319637,0.195270000000,5.670000000000,0.060132196458,0.340949553917,4.261869423960,0.047945715589
LN00676,Adverse,0.010016965019,0.747500000000,24.550000000000,0.132874415798,3.262066907842,40.775836348020,0.183822577178
LN00677,Adverse,0.106397851282,0.217695000000,2.300000000000,0.087569393342,0.201409604687,2.517620058581,0.053273244540
LN00678,Adverse,0.009060682783,0.248745000000,6.030000000000,0.053309465904,0.321456079402,4.018200992527,0.013590411220
LN00679,Adverse,0.003743922199,0.747500000000,5.367500000000,0.058888398578,0.316083479370,3.951043492126,0.015021388048
LN00680,Adverse,0.010182341502,0.517500000000,3.480000000000,0.114706469339,0.399178513300,4.989731416251,0.018337378811
LN00681,Adverse,0.001915752806,0.272895000000,8.485000000000,0.014160686153,0.120153422008,1.501917775094,0.004435952587
LN00682,Adverse,0.003567028098,0.115000000000,9.730000000000,0.017661307245,0.171844519496,2.148056493702,0.003991326091
LN00683,Adverse,0.000551841248,0.244260000000,6.220000000000,0.015399922584,0.095787518472,1.197343980895,0.000838410862
LN00684,Adverse,0.009305243309,0.517500000000,3.470000000000,0.094353928225,0.327408130939,4.092601636739,0.016709658041
LN00685,Adverse,0.041518200584,0.221145000000,3.130000000000,0.067400553041,0.210963731018,2.637046637722,0.028738227925
LN00686,Adverse,0.011775746729,0.646875000000,1.140000000000,0.149144477545,0.170024704401,2.125308805013,0.008683877228
LN00687,Adverse,0.009491742866,0.747500000000,1.745000000000,0.095171331750,0.166073973903,2.075924673788,0.012380910747
LN00688,Adverse,0.291995102272,0.270020000000,2.137500000000,0.113243835308,0.242058697972,3.025733724649,0.168530156189
LN00689,Adverse,0.049695683437,0.517500000000,1.460000000000,0.147500256456,0.215350374426,2.691879680331,0.037547573621
LN00690,Adverse,0.011780099236,0.290835000000,6.960000000000,0.067061835503,0.466750375102,5.834379688777,0.023845413523
LN00691,Adverse,0.009545512018,0.115000000000,14.830000000000,0.025025379343,0.371126375653,4.639079695668,0.016279393470
LN00692,Adverse,0.105213120186,0.320735000000,1.810000000000,0.128576530889,0.232723520908,2.909044011354,0.061079409486
LN00693,Adverse,0.003082703040,0.269675000000,5.950000000000,0.030440935451,0.181123565932,2.264044574147,0.004946401258
LN00694,Adverse,0.009017552583,0.216085000000,1.405000000000,0.026887609330,0.037777091109,0.472213638859,0.002737723779
LN00695,Adverse,0.109458745721,0.274850000000,2.915000000000,0.089106246804,0.259744709434,3.246808867921,0.087697006202
LN00696,Adverse,0.010552769195,0.229195000000,2.250000000000,0.051309853243,0.115447169798,1.443089622471,0.005441944355
LN00697,Adverse,0.049437401118,0.236670000000,8.180000000000,0.075412240279,0.616872125479,7.710901568490,0.095708860732
LN00698,Adverse,0.045289462969,0.517500000000,2.035000000000,0.116866867819,0.237824076012,2.972800950155,0.047694899571
LN00699,Adverse,0.046281938346,0.517500000000,11.290000000000,0.117821626046,1.330206158064,16.627576975803,0.270405695931
LN00700,Adverse,0.009440446514,0.517500000000,3.510000000000,0.112253104112,0.394008395432,4.925104942895,0.017147863058
LN00701,Adverse,0.003765771248,0.517500000000,2.340000000000,0.081261551652,0.190152030867,2.376900385834,0.004560160692
LN00702,Adverse,0.010701282796,0.201250000000,1.052500000000,0.026992920024,0.028410048325,0.355125604059,0.002266698904
LN00703,Adverse,0.003832797360,0.517500000000,5.307500000000,0.041329251156,0.219355000508,2.741937506351,0.010527281005
LN00704,Adverse,0.130961969768,0.267490000000,10.970000000000,0.114301424362,1.253886625251,15.673582815634,0.384290259706
LN00705,Adverse,0.009884642002,0.201250000000,5.340000000000,0.026084970974,0.139293745000,1.741171812501,0.010622777644
LN00706,Adverse,0.040180841009,0.747500000000,42.050000000000,0.226039114631,9.504944770232,118.811809627902,1.262979262399
LN00707,Adverse,0.041750146921,0.271170000000,17.867500000000,0.059426682055,1.061806241610,13.272578020128,0.202284888305
LN00708,Adverse,0.044169748708,0.176755000000,3.300000000000,0.054700052667,0.180510173802,2.256377172527,0.025763838979
LN00709,Adverse,0.011685946360,0.268065000000,3.260000000000,0.061681665727,0.201082230269,2.513527878362,0.010212253867
LN00710,Adverse,0.009976933865,0.295205000000,7.170000000000,0.065058661362,0.466470601967,5.830882524584,0.021117376261
LN00711,Adverse,0.309742230704,0.226090000000,1.940000000000,0.102947953038,0.199719028894,2.496487861177,0.135857464623
LN00712,Adverse,0.045326013454,0.161000000000,14.390000000000,0.050150958215,0.721672288714,9.020903608924,0.105010854710
LN00713,Adverse,0.109101804154,0.517500000000,6.430000000000,0.209762717989,1.348774276669,16.859678458357,0.363038980869
LN00714,Adverse,0.113087755812,0.115000000000,5.790000000000,0.045483419535,0.263348999105,3.291862488818,0.075299482208
LN00715,Adverse,0.046584640583,0.230920000000,8.910000000000,0.072438331872,0.645425536982,8.067819212274,0.095847767562
LN00716,Adverse,0.003631015420,0.243570000000,23.787500000000,0.018847659953,0.448338711134,5.604233889173,0.021037817857
LN00717,Adverse,0.044134875654,0.517500000000,4.962500000000,0.115748384215,0.574401356669,7.180016958365,0.113342498324
LN00718,Adverse,0.003161984890,0.286580000000,3.605000000000,0.020420784662,0.073616928705,0.920211608813,0.003266712675
LN00719,Adverse,0.047346368441,0.253920000000,20.260000000000,0.078905826437,1.598632043620,19.982900545251,0.243569566860
LN00720,Adverse,0.267235224034,0.201250000000,11.790000000000,0.096797061711,1.141237357570,14.265466969623,0.634079037387
LN00721,Adverse,0.011658959061,0.517500000000,2.702500000000,0.071943317517,0.194426815589,2.430335194857,0.016305564326
LN00722,Adverse,0.009397887788,0.258750000000,4.500000000000,0.056052740636,0.252237332864,3.152966660795,0.010942665593
LN00723,Adverse,0.001482577924,0.517500000000,5.450000000000,0.053525584847,0.291714437414,3.646430467672,0.004181425711
LN00724,Adverse,0.290720530311,0.517500000000,5.075000000000,0.216993415371,1.101241583006,13.765519787578,0.763522962762
LN00725,Adverse,0.003469206234,0.202285000000,1.005000000000,0.015237399768,0.015313586766,0.191419834580,0.000705277225
LN00726,Adverse,0.001693254661,0.279105000000,0.960000000000,0.030757517753,0.029527217043,0.369090213032,0.000453692008
LN00727,Adverse,0.003381696390,0.230920000000,1.625000000000,0.017132044668,0.027839572585,0.347994657310,0.001268964662
LN00728,Adverse,0.001949558114,0.135585000000,1.710000000000,0.015077484624,0.025782498707,0.322281233839,0.000452005731
LN00729,Adverse,0.010304055548,0.209875000000,2.010000000000,0.027697952884,0.055672885296,0.695911066204,0.004346752953
LN00730,Adverse,0.010278837512,0.226895000000,8.450000000000,0.043245913165,0.365427966244,4.567849578054,0.019707232274
LN00731,Adverse,0.010108701515,0.267030000000,3.790000000000,0.059067877564,0.223867255968,2.798340699594,0.010230447684
LN00732,Adverse,0.001461330857,0.517500000000,5.450000000000,0.047770904578,0.260351429950,3.254392874370,0.004121501015
LN00733,Adverse,0.003546695253,0.202630000000,1.320000000000,0.031045858713,0.040980533501,0.512256668757,0.000948640254
LN00734,Adverse,0.009519956462,0.517500000000,2.632500000000,0.065974631183,0.173678216589,2.170977707359,0.012969215187
LN00735,Adverse,0.001761366207,0.517500000000,8.060000000000,0.058100211850,0.468287707508,5.853596343849,0.007346746517
LN00736,Adverse,0.039716322835,0.247595000000,7.310000000000,0.053289768828,0.389548210133,4.869352626669,0.071883345181
LN00737,Adverse,0.003956412165,0.323495000000,1.932500000000,0.026313945817,0.050851700292,0.635646253644,0.002473367237
LN00738,Adverse,0.010251775409,0.517500000000,5.270000000000,0.107908341821,0.568676961395,7.108462017435,0.027958898191
LN00739,Adverse,0.011539515048,0.517500000000,33.857500000000,0.071638441974,2.425498549139,30.318731864243,0.202186800150
LN00740,Adverse,0.010271618502,0.299000000000,4.400000000000,0.066437079980,0.292323151914,3.654039398924,0.013513341301
LN00741,Adverse,0.000556963909,0.282325000000,2.240000000000,0.014645500971,0.032805922175,0.410074027186,0.000352228431
LN00742,Adverse,0.003788584914,0.258750000000,3.770000000000,0.040730693555,0.153554714702,1.919433933772,0.003695717227
LN00743,Adverse,0.122458226988,0.517500000000,4.040000000000,0.175351614646,0.708420523171,8.855256539631,0.256023415164
LN00744,Adverse,0.000704610213,0.229080000000,2.982500000000,0.005899764119,0.017596046485,0.219950581059,0.000481411611
LN00745,Adverse,0.010128106860,0.218385000000,3.970000000000,0.028607365156,0.113571239670,1.419640495879,0.008780951668
LN00746,Adverse,0.010762023049,0.517500000000,0.937500000000,0.069577278138,0.065228698254,0.815358728178,0.005221262745
LN00747,Adverse,0.011418114025,0.253575000000,1.590000000000,0.034949479273,0.055569672044,0.694620900549,0.004603603740
LN00748,Adverse,0.010741311445,0.517500000000,3.860000000000,0.116417538075,0.449371696971,5.617146212137,0.021456306678
LN00749,Adverse,0.043145641422,0.258865000000,3.422500000000,0.057417054559,0.196509869227,2.456373365335,0.038225548157
LN00750,Adverse,0.122866038862,0.210335000000,2.540000000000,0.088291203283,0.224259656339,2.803245704237,0.065641291841
LN00001,Severely Adverse,0.104184414976,0.257790000000,2.537500000000,0.081916011573,0.207861879366,2.598273492075,0.068151414604
LN00002,Severely Adverse,0.036232353644,0.585000000000,5.220000000000,0.172714395749,0.901569145811,11.269614322641,0.110642738322
LN00003,Severely Adverse,0.202633976713,0.194090000000,7.770000000000,0.091158201552,0.708299226056,8.853740325697,0.305588105758
LN00004,Severely Adverse,0.108321853045,0.272480000000,35.230000000000,0.105202746006,3.706292741788,46.328659272347,1.039832421976
LN00005,Severely Adverse,0.009220504416,0.335400000000,11.470000000000,0.071500543433,0.820111233178,10.251390414722,0.035471630869
LN00006,Severely Adverse,0.405662782782,0.273520000000,11.890000000000,0.124348160395,1.478499627092,18.481245338652,1.319277354880
LN00007,Severely Adverse,0.105529698594,0.151190000000,98.350000000000,0.060665025082,5.966405216812,74.580065210151,1.569177705075
LN00008,Severely Adverse,0.116331160373,0.405860000000,7.510000000000,0.167690624416,1.259356589364,15.741957367046,0.354578377265
LN00009,Severely Adverse,0.014018913548,0.391430000000,6.697500000000,0.058560153799,0.392206630067,4.902582875840,0.036752017754
LN00010,Severely Adverse,0.037417685520,0.263250000000,9.060000000000,0.078292144563,0.709326829738,8.866585371731,0.089242863761
LN00011,Severely Adverse,0.039520448389,0.273000000000,1.630000000000,0.082230027930,0.134034945527,1.675436819082,0.017586204329
LN00012,Severely Adverse,0.199048359075,0.294970000000,2.880000000000,0.138167668955,0.397922886591,4.974036082387,0.169094288092
LN00013,Severely Adverse,0.099997998111,0.293540000000,2.700000000000,0.115839611405,0.312766950793,3.909586884909,0.079254213387
LN00014,Severely Adverse,0.198569495221,0.585000000000,7.937500000000,0.231484715913,1.837409932563,22.967624157038,0.922045040464
LN00015,Severely Adverse,0.041214974824,0.325650000000,3.770000000000,0.099075822402,0.373515850455,4.668948130688,0.050599645198
LN00016,Severely Adverse,0.013858802970,0.585000000000,5.150000000000,0.137845051919,0.709902017383,8.873775217290,0.041753108649
LN00017,Severely Adverse,0.102788612299,0.585000000000,11.895000000000,0.184865743741,2.198978021802,27.487225272529,0.715262267831
LN00018,Severely Adverse,0.007724645332,0.585000000000,10.620000000000,0.107755566559,1.144364116852,14.304551460650,0.047990904056
LN00019,Severely Adverse,0.197489957423,0.585000000000,3.810000000000,0.273687766147,1.042750389021,13.034379862765,0.440175491602
LN00020,Severely Adverse,0.110880956496,0.301210000000,2.290000000000,0.122689119601,0.280958083885,3.511976048566,0.076482457155
LN00021,Severely Adverse,0.103823737550,0.585000000000,13.950000000000,0.233559037830,3.258148577733,40.726857221659,0.847279566213
LN00022,Severely Adverse,0.038334198435,0.585000000000,7.820000000000,0.124328242540,0.972246856659,12.153085708242,0.175367457579
LN00023,Severely Adverse,0.435235660661,0.585000000000,0.900000000000,0.259008889987,0.233108000988,2.913850012356,0.229151575338
LN00024,Severely Adverse,0.225808082567,0.585000000000,3.280000000000,0.262285887287,0.860297710300,10.753721378753,0.433280548829
LN00025,Severely Adverse,0.099137732845,0.585000000000,5.290000000000,0.230237415515,1.217955928075,15.224449100942,0.306796584949
LN00026,Severely Adverse,0.017195825888,0.845000000000,9.770000000000,0.213298345361,2.083924834176,26.049060427200,0.141962719990
LN00027,Severely Adverse,0.038752242085,0.130000000000,11.140000000000,0.038977295596,0.434207072936,5.427588411694,0.056120996988
LN00028,Severely Adverse,0.008030863804,0.375050000000,5.097500000000,0.044239053401,0.225508574713,2.818857183918,0.015353544956
LN00029,Severely Adverse,0.016886430049,0.585000000000,8.050000000000,0.147077650621,1.183975087497,14.799688593708,0.079522420710
LN00030,Severely Adverse,0.115040124084,0.239200000000,4.780000000000,0.098506589475,0.470861497690,5.885768721130,0.131534116915
LN00031,Severely Adverse,0.104067253726,0.845000000000,2.280000000000,0.337606510855,0.769742844750,9.621785559377,0.200495971028
LN00032,Severely Adverse,0.460675341659,0.155350000000,3.450000000000,0.066982760938,0.231090525238,2.888631565470,0.246902404427
LN00033,Severely Adverse,0.037363988391,0.585000000000,4.570000000000,0.168853407705,0.771660073213,9.645750915157,0.099890754765
LN00034,Severely Adverse,0.038621028352,0.156780000000,3.982500000000,0.033408343039,0.133048726153,1.663109076913,0.024114056716
LN00035,Severely Adverse,0.041745317337,0.290940000000,0.605000000000,0.063756575086,0.038572727927,0.482159099084,0.007347956489
LN00036,Severely Adverse,0.015276514867,0.585000000000,3.010000000000,0.143783632503,0.432788733835,5.409859172933,0.026899651203
LN00037,Severely Adverse,0.017041361753,0.257790000000,4.740000000000,0.062596592277,0.296707847395,3.708848092437,0.020823259143
LN00038,Severely Adverse,0.036196991576,0.317980000000,2.997500000000,0.066227641937,0.198517356705,2.481466958818,0.034500983346
LN00039,Severely Adverse,0.016987691588,0.297700000000,3.500000000000,0.074945223383,0.262308281839,3.278853522988,0.017700325250
LN00040,Severely Adverse,0.110530496947,0.243100000000,7.300000000000,0.097440222350,0.711313623154,8.891420289430,0.196150735796
LN00041,Severely Adverse,0.035309466860,0.585000000000,1.520000000000,0.171718726303,0.261012463981,3.262655799761,0.031397177932
LN00042,Severely Adverse,0.209263223427,0.585000000000,0.805000000000,0.234311094085,0.188620430739,2.357755384232,0.098547283493
LN00043,Severely Adverse,0.105280691900,0.132730000000,3.075000000000,0.042357415944,0.130249054029,1.628113175359,0.042969761675
LN00044,Severely Adverse,0.034089628636,0.585000000000,9.620000000000,0.158901659352,1.528633962970,19.107924537121,0.191846203075
LN00045,Severely Adverse,0.194315084749,0.269230000000,20.807500000000,0.105967670732,2.204922308755,27.561528859440,1.088553731429
LN00046,Severely Adverse,0.206660978836,0.585000000000,9.800000000000,0.272389964932,2.669421656333,33.367770704165,1.184787391666
LN00047,Severely Adverse,0.033562075200,0.273000000000,1.030000000000,0.076859207626,0.079164983855,0.989562298183,0.009437319925
LN00048,Severely Adverse,0.034862997117,0.328380000000,3.550000000000,0.082527997681,0.292974391767,3.662179897093,0.040641504026
LN00049,Severely Adverse,0.112757063070,0.302770000000,5.790000000000,0.123945774031,0.717646031640,8.970575395505,0.197667450158
LN00050,Severely Adverse,0.016635748816,0.585000000000,5.350000000000,0.146589898797,0.784255958563,9.803199482036,0.052065734857
LN00051,Severely Adverse,0.016753752354,0.410410000000,7.690000000000,0.086183813989,0.662753529579,8.284419119732,0.052875728704
LN00052,Severely Adverse,0.003744883525,0.309790000000,1.790000000000,0.048535370912,0.086878313933,1.085978924166,0.002076628166
LN00053,Severely Adverse,0.115637191655,0.585000000000,4.342500000000,0.193852760064,0.841805610578,10.522570132225,0.293760385286
LN00054,Severely Adverse,0.110405604818,0.585000000000,6.820000000000,0.220102339888,1.501097958039,18.763724475482,0.440485241541
LN00055,Severely Adverse,0.101565130930,0.335660000000,10.230000000000,0.133103055295,1.361644255671,17.020553195887,0.348754529403
LN00056,Severely Adverse,0.101914173077,0.585000000000,2.000000000000,0.232223460799,0.464446921597,5.805586519967,0.119239582500
LN00057,Severely Adverse,0.039367642846,0.491400000000,3.170000000000,0.147879056901,0.468776610375,5.859707629688,0.061324473232
LN00058,Severely Adverse,0.102488013166,0.344500000000,0.275000000000,0.108734406598,0.029901961814,0.373774522680,0.009709458147
LN00059,Severely Adverse,0.015852288966,0.585000000000,1.920000000000,0.091670206290,0.176006796077,2.200084950965,0.017805290966
LN00060,Severely Adverse,0.017724327208,0.318630000000,2.477500000000,0.051994492179,0.128816354373,1.610204429664,0.013991687142
LN00061,Severely Adverse,0.099122857925,0.585000000000,1.620000000000,0.230226633744,0.372967146665,4.662089333309,0.093938732455
LN00062,Severely Adverse,0.033540073624,0.341900000000,5.290000000000,0.099230383264,0.524928727464,6.561609093301,0.060662287701
LN00063,Severely Adverse,0.117400683446,0.585000000000,4.240000000000,0.242355979449,1.027589352865,12.844866910809,0.291200655221
LN00064,Severely Adverse,0.110239082163,0.160160000000,0.470000000000,0.063817602782,0.029994273307,0.374928416343,0.008298268958
LN00065,Severely Adverse,0.101582593480,0.259350000000,5.560000000000,0.102848470744,0.571837497338,7.147968716727,0.146480677642
LN00066,Severely Adverse,0.115762718066,0.845000000000,1.770000000000,0.333216400094,0.589793028167,7.372412852082,0.173140509275
LN00067,Severely Adverse,0.115470831553,0.238940000000,7.280000000000,0.098508151483,0.717139342794,8.964241784920,0.200859571577
LN00068,Severely Adverse,0.038056388037,0.585000000000,1.240000000000,0.174661421468,0.216580162620,2.707252032748,0.027606103882
LN00069,Severely Adverse,0.009081823565,0.845000000000,4.620000000000,0.181220231375,0.837237468955,10.465468361934,0.035454531017
LN00070,Severely Adverse,0.035805081754,0.585000000000,3.122500000000,0.121379393439,0.379007156014,4.737589450180,0.065403800149
LN00071,Severely Adverse,0.014026844815,0.161460000000,5.227500000000,0.024160594508,0.126299507792,1.578743847405,0.011839107987
LN00072,Severely Adverse,0.038546879772,0.585000000000,5.080000000000,0.158733234428,0.806364830894,10.079560386172,0.114553617306
LN00073,Severely Adverse,0.204661300760,0.317070000000,2.995000000000,0.126362393856,0.378455369599,4.730692119989,0.194351416102
LN00074,Severely Adverse,0.016463187406,0.130000000000,0.960000000000,0.032499796617,0.031199804752,0.389997559402,0.002054605788
LN00075,Severely Adverse,0.009563695636,0.585000000000,0.867500000000,0.074731584976,0.064829649967,0.810370624588,0.004853455989
LN00076,Severely Adverse,0.033554244690,0.321620000000,2.252500000000,0.065249164455,0.146973742935,1.837171786692,0.024308340689
LN00077,Severely Adverse,0.038556479491,0.329030000000,4.440000000000,0.098535195241,0.437496266868,5.468703335856,0.056326898704
LN00078,Severely Adverse,0.103623484829,0.383890000000,2.157500000000,0.121716426519,0.262603190214,3.282539877673,0.085825392268
LN00079,Severely Adverse,0.115358650315,0.585000000000,7.745000000000,0.193668501192,1.499962541733,18.749531771665,0.522669856812
LN00080,Severely Adverse,0.104055713564,0.585000000000,2.970000000000,0.185797064448,0.551817281411,6.897716017637,0.180791599533
LN00081,Severely Adverse,0.110711802548,0.290940000000,1.505000000000,0.094755087620,0.142606406868,1.782580085845,0.048476790209
LN00082,Severely Adverse,0.038202445762,0.585000000000,3.390000000000,0.174816261402,0.592627126154,7.407839076927,0.075761180313
LN00083,Severely Adverse,0.208576182435,0.218400000000,5.620000000000,0.101047142080,0.567884938489,7.098561731112,0.256008074930
LN00084,Severely Adverse,0.016517569095,0.303680000000,5.325000000000,0.048310300673,0.257252351085,3.215654388562,0.026710494912
LN00085,Severely Adverse,0.004175754507,0.585000000000,29.320000000000,0.095751836071,2.807443833591,35.093047919882,0.071623376447
LN00086,Severely Adverse,0.008957667649,0.845000000000,2.300000000000,0.165349813167,0.380304570283,4.753807128540,0.017409227077
LN00087,Severely Adverse,0.113343992864,0.256230000000,4.160000000000,0.096207940730,0.400225033437,5.002812917968,0.120815266173
LN00088,Severely Adverse,0.041735421684,0.278850000000,6.860000000000,0.085095555705,0.583755512138,7.296943901725,0.079836147229
LN00089,Severely Adverse,0.015505316572,0.274820000000,4.380000000000,0.067777916680,0.296867275060,3.710840938251,0.018663929419
LN00090,Severely Adverse,0.037873904506,0.351130000000,2.435000000000,0.074305821729,0.180934675911,2.261683448889,0.032382247057
LN00091,Severely Adverse,0.013871896558,0.130000000000,0.950000000000,0.031232487264,0.029670862901,0.370885786265,0.001713179225
LN00092,Severely Adverse,0.114004230708,0.318240000000,2.417500000000,0.104864691648,0.253510392060,3.168879900748,0.087708607675
LN00093,Severely Adverse,0.037921617048,0.845000000000,1.350000000000,0.178897828309,0.241512068217,3.018900852708,0.043259084648
LN00094,Severely Adverse,0.036967249457,0.310570000000,0.800000000000,0.092110260463,0.073688208371,0.921102604635,0.009184734931
LN00095,Severely Adverse,0.034231532536,0.373750000000,2.020000000000,0.104067855257,0.210217067618,2.627713345231,0.025843951276
LN00096,Severely Adverse,0.115630930617,0.354900000000,1.570000000000,0.146374947977,0.229808668323,2.872608354039,0.064428745123
LN00097,Severely Adverse,0.036856335327,0.424840000000,7.555000000000,0.089045415570,0.672738114629,8.409226432867,0.118296533754
LN00098,Severely Adverse,0.009218980018,0.268970000000,6.695000000000,0.033802614185,0.226308501972,2.828856274648,0.016601116526
LN00099,Severely Adverse,0.014427259532,0.227500000000,1.820000000000,0.055172553341,0.100414047081,1.255175588508,0.005973606809
LN00100,Severely Adverse,0.463893146443,0.281710000000,3.450000000000,0.121029554738,0.417551963847,5.219399548094,0.450857517081
LN00101,Severely Adverse,0.200141085186,0.585000000000,0.700000000000,0.274250223072,0.191975156151,2.399689451883,0.081957774384
LN00102,Severely Adverse,0.103007352236,0.585000000000,2.730000000000,0.232991065630,0.636065609171,7.950820114635,0.164507891888
LN00103,Severely Adverse,0.040729625700,0.268450000000,5.830000000000,0.058304789660,0.339916923717,4.248961546468,0.063744450552
LN00104,Severely Adverse,0.460206189744,0.160550000000,9.637500000000,0.062514010456,0.602478775768,7.530984697103,0.712077325020
LN00105,Severely Adverse,0.103252520595,0.304200000000,2.200000000000,0.121244295311,0.266737449684,3.334218121052,0.069100716883
LN00106,Severely Adverse,0.108135839474,0.347620000000,10.982500000000,0.112146554988,1.231649540161,15.395619252010,0.412834157539
LN00107,Severely Adverse,0.039701606118,0.314080000000,0.980000000000,0.094705883647,0.092811765974,1.160147074678,0.012220090841
LN00108,Severely Adverse,0.040887175368,0.585000000000,1.117500000000,0.127233941507,0.142183929634,1.777299120425,0.026729479807
LN00109,Severely Adverse,0.008529528507,0.302640000000,9.110000000000,0.063692299359,0.580236847161,7.252960589516,0.023516339981
LN00110,Severely Adverse,0.213211736928,0.204360000000,23.830000000000,0.096651532998,2.303206031348,28.790075391845,1.038319581810
LN00111,Severely Adverse,0.039769388392,0.277550000000,6.805000000000,0.059765588453,0.406704829420,5.083810367756,0.075113547456
LN00112,Severely Adverse,0.016724962769,0.207220000000,4.300000000000,0.043494807857,0.187027673786,2.337845922325,0.014902711176
LN00113,Severely Adverse,0.040108506092,0.311480000000,0.420000000000,0.067276721082,0.028256222854,0.353202785678,0.005247058941
LN00114,Severely Adverse,0.109972125423,0.585000000000,0.495000000000,0.190014158738,0.094057008575,1.175712607192,0.031845178219
LN00115,Severely Adverse,0.014246341142,0.585000000000,5.100000000000,0.118758433508,0.605668010891,7.570850136143,0.042503958798
LN00116,Severely Adverse,0.227854351328,0.284700000000,3.130000000000,0.135656047658,0.424603429169,5.307542864611,0.203043518867
LN00117,Severely Adverse,0.115214780758,0.585000000000,1.300000000000,0.193573149741,0.251645094663,3.145563683285,0.087620840767
LN00118,Severely Adverse,0.114040437189,0.255450000000,4.790000000000,0.101815742782,0.487697407925,6.096217599059,0.139540506167
LN00119,Severely Adverse,0.034282937335,0.425490000000,5.030000000000,0.124084160637,0.624143328004,7.801791600050,0.073372846443
LN00120,Severely Adverse,0.103101859111,0.133120000000,11.520000000000,0.051123546511,0.588943255811,7.361790697639,0.158111072466
LN00121,Severely Adverse,0.113082663638,0.585000000000,4.542500000000,0.192145641159,0.872821574964,10.910269687055,0.300501629752
LN00122,Severely Adverse,0.099509943361,0.194870000000,15.310000000000,0.076784347258,1.175568356519,14.694604456481,0.296883905767
LN00123,Severely Adverse,0.009881955706,0.197730000000,4.520000000000,0.042120964995,0.190386761780,2.379834522245,0.008831895140
LN00124,Severely Adverse,0.036703122545,0.323050000000,3.632500000000,0.067611556994,0.245598980782,3.069987259772,0.043070348129
LN00125,Severely Adverse,0.009301636093,0.138190000000,12.990000000000,0.029846020531,0.387699806699,4.846247583734,0.016697256260
LN00126,Severely Adverse,0.040961884676,0.394940000000,1.445000000000,0.085953818208,0.124203267310,1.552540841376,0.023376468331
LN00127,Severely Adverse,0.036853101938,0.585000000000,74.770000000000,0.169572231482,12.678915747886,158.486446848569,1.611971262681
LN00128,Severely Adverse,0.015107855292,0.585000000000,5.662500000000,0.090043433477,0.509870942061,6.373386775765,0.050045714895
LN00129,Severely Adverse,0.016249494314,0.263250000000,5.922500000000,0.041628868433,0.246546973294,3.081837166171,0.025334556117
LN00130,Severely Adverse,0.110172892887,0.585000000000,7.580000000000,0.237823698622,1.802703635556,22.533795444448,0.488539658930
LN00131,Severely Adverse,0.015465232919,0.585000000000,23.687500000000,0.090833747217,2.151624387201,26.895304840011,0.214304632285
LN00132,Severely Adverse,0.216444285987,0.585000000000,9.900000000000,0.277187950306,2.744160708030,34.302008850378,1.253537082296
LN00133,Severely Adverse,0.116416767221,0.585000000000,0.900000000000,0.237019512042,0.213317560838,2.666469510469,0.061293427942
LN00134,Severely Adverse,0.037476089489,0.585000000000,18.240000000000,0.174044744295,3.174576135943,39.682201699289,0.399884865286
LN00135,Severely Adverse,0.102952814184,0.319150000000,2.662500000000,0.100920684105,0.268701321431,3.358766517884,0.087482802597
LN00136,Severely Adverse,0.003808674772,0.495950000000,4.990000000000,0.066604846684,0.332358184951,4.154477311887,0.009425672144
LN00137,Severely Adverse,0.419425495326,0.664820000000,1.250000000000,0.298716417491,0.373395521863,4.667444023292,0.348553072253
LN00138,Severely Adverse,0.034559697745,0.273000000000,7.590000000000,0.079160024287,0.600824584335,7.510307304185,0.071610112907
LN00139,Severely Adverse,0.102290621644,0.328380000000,2.340000000000,0.130503661613,0.305378568174,3.817232102180,0.078601054745
LN00140,Severely Adverse,0.009223440875,0.310440000000,4.950000000000,0.066882307350,0.331067421383,4.138342767291,0.014173458677
LN00141,Severely Adverse,0.036378997062,0.845000000000,3.370000000000,0.249703864610,0.841502023736,10.518775296704,0.103594650983
LN00142,Severely Adverse,0.041506079393,0.294580000000,30.720000000000,0.079633185282,2.446331451863,30.579143148286,0.375609165855
LN00143,Severely Adverse,0.202677246610,0.585000000000,32.530000000000,0.266335351296,8.663888977645,108.298612220564,3.856958136844
LN00144,Severely Adverse,0.101028003286,0.585000000000,4.700000000000,0.220786210594,1.037695189793,12.971189872418,0.277776495034
LN00145,Severely Adverse,0.039866469675,0.628940000000,4.780000000000,0.189833021549,0.907401843005,11.342523037566,0.119851891349
LN00146,Severely Adverse,0.040908854857,0.152360000000,2.625000000000,0.033143729882,0.087002290939,1.087528636742,0.016361291956
LN00147,Severely Adverse,0.035847884621,0.585000000000,13.540000000000,0.172300547386,2.332949411603,29.161867645036,0.283947509293
LN00148,Severely Adverse,0.035184514404,0.585000000000,3.230000000000,0.171583307126,0.554214082018,6.927676025227,0.066482899193
LN00149,Severely Adverse,0.035041308063,0.350610000000,2.940000000000,0.102742464412,0.302062845370,3.775785567124,0.036120349079
LN00150,Severely Adverse,0.003961821236,0.585000000000,11.920000000000,0.093765098443,1.117679973438,13.970999667972,0.027626571844
LN00151,Severely Adverse,0.211351264732,0.291070000000,2.620000000000,0.136989450315,0.358912359826,4.486404497820,0.161177193079
LN00152,Severely Adverse,0.203292355279,0.585000000000,3.885000000000,0.232779536892,0.904348500825,11.304356260316,0.462027618152
LN00153,Severely Adverse,0.014005100221,0.283140000000,0.920000000000,0.068181146636,0.062726654905,0.784083186311,0.003648171750
LN00154,Severely Adverse,0.108351915190,0.339560000000,9.060000000000,0.137349428132,1.244385818877,15.554822735966,0.333335305476
LN00155,Severely Adverse,0.017600882593,0.270660000000,31.210000000000,0.068670239834,2.143198185215,26.789977315192,0.148679910885
LN00156,Severely Adverse,0.111462679073,0.277160000000,9.220000000000,0.113070551267,1.042510482679,13.031381033491,0.284833424337
LN00157,Severely Adverse,0.037712497793,0.197860000000,19.330000000000,0.058950870060,1.139520318259,14.244003978234,0.144236493743
LN00158,Severely Adverse,0.101261589605,0.585000000000,1.920000000000,0.226958236066,0.435759813247,5.446997665592,0.113737017444
LN00159,Severely Adverse,0.104032045996,0.248430000000,5.680000000000,0.099245976173,0.563717144661,7.046464308261,0.146797789141
LN00160,Severely Adverse,0.104844645160,0.259610000000,1.750000000000,0.098647450313,0.172633038048,2.157912975599,0.047632757077
LN00161,Severely Adverse,0.016855047506,0.585000000000,3.317500000000,0.093750117273,0.311016014054,3.887700175675,0.032711222758
LN00162,Severely Adverse,0.226832154590,0.585000000000,8.485000000000,0.238172669631,2.020895101818,25.261188772722,1.125932436541
LN00163,Severely Adverse,0.017380708977,0.364000000000,4.960000000000,0.085475224988,0.423957115938,5.299463949226,0.031379827215
LN00164,Severely Adverse,0.009893805513,0.845000000000,1.090000000000,0.185783106118,0.202503585668,2.531294820854,0.009112689568
LN00165,Severely Adverse,0.117218575272,0.264810000000,1.090000000000,0.088220295378,0.096160121962,1.202001524529,0.033834309500
LN00166,Severely Adverse,0.041490781308,0.387270000000,1.130000000000,0.104679013973,0.118287285789,1.478591072366,0.018156992411
LN00167,Severely Adverse,0.195967261618,0.278850000000,6.472500000000,0.109985557338,0.711881519870,8.898518998378,0.353692810415
LN00168,Severely Adverse,0.198553387554,0.585000000000,35.300000000000,0.273916345583,9.669246999088,120.865587488594,4.100226729682
LN00169,Severely Adverse,0.036076442155,0.566930000000,16.325000000000,0.117940431574,1.925377545448,24.067219318096,0.333892243254
LN00170,Severely Adverse,0.432265886252,0.585000000000,0.607500000000,0.233429018180,0.141808128544,1.772601606802,0.153621892650
LN00171,Severely Adverse,0.034257334190,0.585000000000,18.560000000000,0.170573496371,3.165844092652,39.573051158144,0.371952431696
LN00172,Severely Adverse,0.040622259287,0.585000000000,11.430000000000,0.177362012903,2.027247807476,25.340597593449,0.271622767834
LN00173,Severely Adverse,0.038732501877,0.298740000000,0.960000000000,0.089559179574,0.085976812391,1.074710154885,0.011108109706
LN00174,Severely Adverse,0.214179942685,0.585000000000,3.310000000000,0.276831560476,0.916312465177,11.453905814713,0.414727332017
LN00175,Severely Adverse,0.014491528100,0.585000000000,13.400000000000,0.142021683365,1.903090557089,23.788631963610,0.113599088778
LN00176,Severely Adverse,0.008240294693,0.845000000000,6.547500000000,0.100881292634,0.660520263518,8.256503293979,0.045590563432
LN00177,Severely Adverse,0.034817416267,0.303160000000,1.210000000000,0.088711644015,0.107341089258,1.341763615727,0.012771849978
LN00178,Severely Adverse,0.455601808502,0.225550000000,8.250000000000,0.097793364766,0.806795259319,10.084940741492,0.847778150237
LN00179,Severely Adverse,0.215776262300,0.585000000000,0.477500000000,0.235852132383,0.112619393213,1.407742415161,0.060274401670
LN00180,Severely Adverse,0.112933025456,0.232440000000,3.590000000000,0.095198855321,0.341763890601,4.272048632514,0.094238047249
LN00181,Severely Adverse,0.204710772024,0.365950000000,13.980000000000,0.172129487905,2.406370240916,30.079628011444,1.047296420170
LN00182,Severely Adverse,0.207616581904,0.325650000000,4.202500000000,0.130204477986,0.547184318736,6.839803984201,0.284132453418
LN00183,Severely Adverse,0.036940666946,0.422630000000,2.720000000000,0.125324998593,0.340883996174,4.261049952178,0.042465276674
LN00184,Severely Adverse,0.039920032589,0.332930000000,10.910000000000,0.100520273816,1.096676187329,13.708452341612,0.145000189068
LN00185,Severely Adverse,0.113589036952,0.180830000000,11.880000000000,0.067578982975,0.802838317745,10.035478971815,0.244018829958
LN00186,Severely Adverse,0.103148854293,0.311090000000,15.617500000000,0.098448839501,1.537524750900,19.219059386254,0.501143352581
LN00187,Severely Adverse,0.041398406119,0.585000000000,10.740000000000,0.178171568154,1.913562641970,23.919533024619,0.260102045803
LN00188,Severely Adverse,0.007933091402,0.351000000000,13.220000000000,0.072229313625,0.954871526126,11.935894076574,0.036811289386
LN00189,Severely Adverse,0.115742387000,0.233870000000,9.330000000000,0.092692943258,0.864825160601,10.810314507513,0.252550710204
LN00190,Severely Adverse,0.034287668666,0.294580000000,5.840000000000,0.085909941012,0.501714055508,6.271425693846,0.058986694783
LN00191,Severely Adverse,0.203490232456,0.321360000000,4.335000000000,0.127902466630,0.554457192841,6.930714910509,0.283481347478
LN00192,Severely Adverse,0.017169384706,0.262990000000,3.540000000000,0.066362542209,0.234923399421,2.936542492767,0.015984432753
LN00193,Severely Adverse,0.014548647824,0.585000000000,1.182500000000,0.088769979543,0.104970500810,1.312131260125,0.010064208990
LN00194,Severely Adverse,0.209245607194,0.293540000000,1.720000000000,0.138489870499,0.238202577259,2.977532215736,0.105645763521
LN00195,Severely Adverse,0.015626139043,0.845000000000,3.380000000000,0.208770332628,0.705643724284,8.820546553546,0.044629815721
LN00196,Severely Adverse,0.014812751672,0.253890000000,4.907500000000,0.038789694721,0.190360426844,2.379505335546,0.018456172729
LN00197,Severely Adverse,0.112492242136,0.585000000000,18.930000000000,0.225044157866,4.260085908400,53.251073855000,1.245744714023
LN00198,Severely Adverse,0.225879438600,0.277030000000,4.300000000000,0.131886893446,0.567113641820,7.088920522744,0.269074137764
LN00199,Severely Adverse,0.017277117349,0.845000000000,10.945000000000,0.136631292678,1.495429498363,18.692868729539,0.159787851729
LN00200,Severely Adverse,0.036377655090,0.845000000000,13.190000000000,0.249701783758,3.293566527762,41.169581597020,0.405448973685
LN00201,Severely Adverse,0.109259261840,0.585000000000,3.560000000000,0.218142895619,0.776588708403,9.707358855036,0.227543338708
LN00202,Severely Adverse,0.407354807768,0.228930000000,7.652500000000,0.093006632187,0.711733252809,8.896665660113,0.713639520830
LN00203,Severely Adverse,0.035557911261,0.303420000000,3.510000000000,0.089204201741,0.313106748111,3.913834351382,0.037869324836
LN00204,Severely Adverse,0.014475174150,0.585000000000,16.810000000000,0.141983742978,2.386746719454,29.834333993170,0.142346691314
LN00205,Severely Adverse,0.004398825388,0.412880000000,8.460000000000,0.068975450618,0.583532312232,7.294153902898,0.015364942240
LN00206,Severely Adverse,0.017328478641,0.269620000000,1.360000000000,0.068173513496,0.092715978354,1.158949729427,0.006354061999
LN00207,Severely Adverse,0.016903481408,0.336440000000,5.270000000000,0.084604893701,0.445867789807,5.573347372585,0.029970528391
LN00208,Severely Adverse,0.109017595089,0.267280000000,21.527500000000,0.086511144170,1.862368656122,23.279608201524,0.627273091660
LN00209,Severely Adverse,0.015786687121,0.585000000000,3.740000000000,0.144870807080,0.541816818479,6.772710230986,0.034539692752
LN00210,Severely Adverse,0.038001946865,0.585000000000,6.515000000000,0.123945148787,0.807502644347,10.093783054340,0.144835870039
LN00211,Severely Adverse,0.109363854090,0.585000000000,7.740000000000,0.237295186176,1.836664741001,22.958309262514,0.495188594933
LN00212,Severely Adverse,0.107481765866,0.585000000000,1.590000000000,0.236048926879,0.375317793738,4.691472421720,0.099974164520
LN00213,Severely Adverse,0.014356115855,0.360750000000,7.470000000000,0.087385329140,0.652768408676,8.159605108449,0.038686896896
LN00214,Severely Adverse,0.198078772118,0.215280000000,1.032500000000,0.085135274932,0.087902171367,1.098777142093,0.044028275998
LN00215,Severely Adverse,0.116705283317,0.193570000000,2.400000000000,0.078093784538,0.187425082892,2.342813536154,0.054217540060
LN00216,Severely Adverse,0.108361874369,0.585000000000,13.140000000000,0.236634633655,3.109379086226,38.867238577827,0.832966892090
LN00217,Severely Adverse,0.017577539846,0.319020000000,5.520000000000,0.051903603049,0.286507888829,3.581348610361,0.030953878925
LN00218,Severely Adverse,0.014484537542,0.260780000000,3.310000000000,0.063302883753,0.209532545224,2.619156815299,0.012502789188
LN00219,Severely Adverse,0.214639880300,0.288990000000,7.000000000000,0.128627849522,0.900394946654,11.254936833173,0.434201453055
LN00220,Severely Adverse,0.035233838755,0.319280000000,3.800000000000,0.065876502889,0.250330710980,3.129133887244,0.042747948143
LN00221,Severely Adverse,0.035631025065,0.585000000000,4.540000000000,0.166977226990,0.758076610535,9.475957631692,0.094632439469
LN00222,Severely Adverse,0.033660783570,0.319280000000,8.640000000000,0.092737910128,0.801255543506,10.015694293823,0.092855937413
LN00223,Severely Adverse,0.101425238734,0.130000000000,2.170000000000,0.051528337710,0.111816492830,1.397706160373,0.028612059847
LN00224,Severely Adverse,0.460528449742,0.585000000000,4.670000000000,0.252277436678,1.178135629288,14.726695366095,1.258140698272
LN00225,Severely Adverse,0.036224079750,0.254020000000,3.280000000000,0.074992567401,0.245975621074,3.074695263424,0.030181381621
LN00226,Severely Adverse,0.216686050853,0.365690000000,0.880000000000,0.147561803768,0.129854387316,1.623179841449,0.069731131304
LN00227,Severely Adverse,0.003901652572,0.189280000000,1.790000000000,0.030151974414,0.053972034201,0.674650427509,0.001321923590
LN00228,Severely Adverse,0.106844571173,0.392470000000,18.770000000000,0.126000813250,2.365035264703,29.562940808794,0.787087831682
LN00229,Severely Adverse,0.109278215636,0.211120000000,6.030000000000,0.068399512668,0.412449061389,5.155613267363,0.139117025816
LN00230,Severely Adverse,0.014579825937,0.422500000000,1.190000000000,0.102718508770,0.122235025437,1.527937817957,0.007330371985
LN00231,Severely Adverse,0.017712274587,0.845000000000,0.837500000000,0.137854800353,0.115453395296,1.443167441196,0.012534755322
LN00232,Severely Adverse,0.040397938153,0.585000000000,3.415000000000,0.126682011592,0.432619069587,5.407738369842,0.080705990895
LN00233,Severely Adverse,0.447117390861,0.353340000000,20.075000000000,0.139246796126,2.795379432228,34.942242902855,3.171538012150
LN00234,Severely Adverse,0.108116565570,0.585000000000,3.720000000000,0.219756880965,0.817495597191,10.218694964889,0.235283269993
LN00235,Severely Adverse,0.199143044771,0.278980000000,16.560000000000,0.130687286449,2.164181463592,27.052268294897,0.920022704997
LN00236,Severely Adverse,0.228479551078,0.273130000000,6.370000000000,0.127823915064,0.814238338959,10.177979236982,0.397517428036
LN00237,Severely Adverse,0.036395461051,0.286390000000,7.180000000000,0.074688391148,0.536262648441,6.703283105517,0.074839265928
LN00238,Severely Adverse,0.100052876373,0.321230000000,1.180000000000,0.113588722743,0.134034692837,1.675433660464,0.037925182863
LN00239,Severely Adverse,0.003771726231,0.148980000000,11.440000000000,0.023408950587,0.267798394716,3.347479933947,0.006428270693
LN00240,Severely Adverse,0.016969374709,0.357890000000,3.210000000000,0.090076428093,0.289145334177,3.614316677215,0.019494874142
LN00241,Severely Adverse,0.217240443002,0.302380000000,9.372500000000,0.122079061485,1.144186003773,14.302325047157,0.615671700416
LN00242,Severely Adverse,0.113210361919,0.199680000000,1.990000000000,0.081841359457,0.162864305319,2.035803816487,0.044985631685
LN00243,Severely Adverse,0.016966210011,0.585000000000,5.350000000000,0.147231099487,0.787686382256,9.846079778196,0.053099995783
LN00244,Severely Adverse,0.035270945869,0.845000000000,6.370000000000,0.247977881364,1.579619104291,19.745238803636,0.189851156779
LN00245,Severely Adverse,0.116217963284,0.130000000000,3.840000000000,0.050800411579,0.195073580462,2.438419755776,0.058016007271
LN00246,Severely Adverse,0.210183971225,0.585000000000,6.720000000000,0.276162902393,1.855814704083,23.197683801042,0.826275227680
LN00247,Severely Adverse,0.111220358296,0.279890000000,3.430000000000,0.114109747953,0.391396435477,4.892455443467,0.106774068667
LN00248,Severely Adverse,0.033412010444,0.209430000000,2.340000000000,0.060732748661,0.142114631866,1.776432898331,0.016374096993
LN00249,Severely Adverse,0.041815286992,0.259350000000,22.320000000000,0.079181613261,1.767333607988,22.091670099853,0.242055817286
LN00250,Severely Adverse,0.035872055021,0.360880000000,12.790000000000,0.106306366929,1.359658433024,16.995730412794,0.165573037290
LN00251,Severely Adverse,0.100292619889,0.130000000000,2.090000000000,0.048411372176,0.101179767848,1.264747098094,0.027249504824
LN00252,Severely Adverse,0.210961919287,0.319150000000,7.910000000000,0.150735419101,1.192317165087,14.903964563586,0.532568407634
LN00253,Severely Adverse,0.034541319061,0.288080000000,2.130000000000,0.084150753773,0.179241105537,2.240513819209,0.021194912606
LN00254,Severely Adverse,0.014439171993,0.272350000000,1.370000000000,0.066062349228,0.090505418442,1.131317730529,0.005387536635
LN00255,Severely Adverse,0.016341262110,0.185770000000,12.600000000000,0.046364927269,0.584198083591,7.302476044888,0.038250024904
LN00256,Severely Adverse,0.106703488905,0.190840000000,0.820000000000,0.070204657763,0.057567819366,0.719597742072,0.016697900935
LN00257,Severely Adverse,0.228523973779,0.374790000000,10.050000000000,0.152796556474,1.535605392566,19.195067407069,0.860767426333
LN00258,Severely Adverse,0.015107950925,0.343200000000,3.087500000000,0.052825606447,0.163099059905,2.038738248813,0.016008838039
LN00259,Severely Adverse,0.009317072248,0.182000000000,3.257500000000,0.022981321897,0.074861656081,0.935770701009,0.005523766038
LN00260,Severely Adverse,0.107974713805,0.288210000000,6.750000000000,0.104689723893,0.706655636275,8.833195453441,0.210055897794
LN00261,Severely Adverse,0.016448923575,0.168740000000,8.010000000000,0.042176555613,0.337834210456,4.222927630703,0.022232486825
LN00262,Severely Adverse,0.216365154350,0.273000000000,1.960000000000,0.129348691032,0.253523434423,3.169042930284,0.115772666790
LN00263,Severely Adverse,0.037519783629,0.845000000000,8.267500000000,0.178225666516,1.473480697917,18.418508723963,0.262114615427
LN00264,Severely Adverse,0.017565556115,0.328250000000,4.462500000000,0.053392261506,0.238262966970,2.978287087128,0.025730301059
LN00265,Severely Adverse,0.206515628983,0.291980000000,1.137500000000,0.116602689638,0.132635559463,1.657944493289,0.068589467936
LN00266,Severely Adverse,0.014539562548,0.130000000000,3.390000000000,0.019721978476,0.066857507034,0.835718837930,0.006407585215
LN00267,Severely Adverse,0.039243255222,0.845000000000,17.840000000000,0.224896368462,4.012151213355,50.151890166939,0.591584223814
LN00268,Severely Adverse,0.017167577078,0.585000000000,21.225000000000,0.094374547977,2.003099780815,25.038747260186,0.213163366742
LN00269,Severely Adverse,0.013985084999,0.585000000000,8.357500000000,0.087437916861,0.730762390169,9.134529877113,0.068375003510
LN00270,Severely Adverse,0.003885390714,0.845000000000,1.360000000000,0.134380410774,0.182757358653,2.284466983156,0.004465091008
LN00271,Severely Adverse,0.009689168183,0.163410000000,6.237500000000,0.020995496078,0.130959406789,1.636992584858,0.009875877242
LN00272,Severely Adverse,0.016796413159,0.845000000000,10.490000000000,0.212193928602,2.225914311031,27.823928887892,0.148884246063
LN00273,Severely Adverse,0.009909852458,0.130000000000,7.970000000000,0.016868689410,0.134443454594,1.680543182426,0.010267598132
LN00274,Severely Adverse,0.109269573100,0.495820000000,8.760000000000,0.160632652283,1.407142033995,17.589275424936,0.474599628072
LN00275,Severely Adverse,0.111596587421,0.301730000000,6.440000000000,0.116385716024,0.749524011192,9.369050139895,0.216847926797
LN00276,Severely Adverse,0.036059240421,0.306280000000,3.720000000000,0.063705888140,0.236985903882,2.962323798522,0.041084513861
LN00277,Severely Adverse,0.041446756668,0.845000000000,2.440000000000,0.257431631353,0.628133180502,7.851664756271,0.085454922899
LN00278,Severely Adverse,0.036610254361,0.252590000000,0.582500000000,0.052817945798,0.030766453427,0.384580667844,0.005386601267
LN00279,Severely Adverse,0.221628856233,0.845000000000,5.830000000000,0.342514946263,1.996862136711,24.960776708889,1.091821315901
LN00280,Severely Adverse,0.208844538164,0.130000000000,5.400000000000,0.061317162572,0.331112677891,4.138908473632,0.146608865791
LN00281,Severely Adverse,0.008946062604,0.585000000000,7.115000000000,0.072530228881,0.516052578486,6.450657231070,0.037235972723
LN00282,Severely Adverse,0.016681027480,0.845000000000,1.180000000000,0.211869139179,0.250005584231,3.125069802893,0.016632652500
LN00283,Severely Adverse,0.015858738643,0.269620000000,8.540000000000,0.065609416034,0.560304412928,7.003805161603,0.036515614785
LN00284,Severely Adverse,0.017401523787,0.845000000000,34.970000000000,0.198481226984,6.940888507637,86.761106345467,0.514208937380
LN00285,Severely Adverse,0.107197169812,0.585000000000,4.850000000000,0.226299349790,1.097551846480,13.719398081001,0.304145170048
LN00286,Severely Adverse,0.038985371052,0.413790000000,4.210000000000,0.124238741818,0.523045103056,6.538063788195,0.067914695655
LN00287,Severely Adverse,0.008445387688,0.263640000000,6.100000000000,0.050620651106,0.308785971746,3.859824646827,0.013581906262
LN00288,Severely Adverse,0.036968919819,0.183300000000,34.200000000000,0.046810063121,1.600904158743,20.011301984289,0.231752982697
LN00289,Severely Adverse,0.037241280920,0.494390000000,1.610000000000,0.129726298443,0.208859340493,2.610741756158,0.029642864167
LN00290,Severely Adverse,0.014332077843,0.273000000000,4.775000000000,0.041189903884,0.196681791048,2.458522388098,0.018682938374
LN00291,Severely Adverse,0.196748658012,0.257920000000,2.010000000000,0.113557892127,0.228251363175,2.853142039693,0.101998281888
LN00292,Severely Adverse,0.009184971595,0.353080000000,2.275000000000,0.044299558712,0.100781496071,1.259768700886,0.007377892729
LN00293,Severely Adverse,0.218486457646,0.541190000000,4.260000000000,0.256714316361,1.093602987700,13.670037346247,0.503713842417
LN00294,Severely Adverse,0.009174644806,0.333710000000,17.240000000000,0.069538310026,1.198840464847,14.985505810583,0.052783203183
LN00295,Severely Adverse,0.193918157406,0.585000000000,27.140000000000,0.272890529159,7.406248961384,92.578112017294,3.078819193317
LN00296,Severely Adverse,0.205891132242,0.845000000000,7.020000000000,0.397780835616,2.792421466025,34.905268325314,1.221325607343
LN00297,Severely Adverse,0.403096391490,0.255580000000,3.080000000000,0.116433601417,0.358615492364,4.482693654554,0.317311997270
LN00298,Severely Adverse,0.223125065856,0.309400000000,54.200000000000,0.147108955588,7.973305392884,99.666317411049,3.741691329366
LN00299,Severely Adverse,0.115129191035,0.585000000000,2.920000000000,0.240967953163,0.703626423236,8.795330290444,0.196663684125
LN00300,Severely Adverse,0.103921054717,0.303160000000,2.530000000000,0.110514565570,0.279601850893,3.495023136161,0.079706908579
LN00301,Severely Adverse,0.111737065176,0.585000000000,0.760000000000,0.238833297692,0.181513306246,2.268916328075,0.049678299177
LN00302,Severely Adverse,0.014346449826,0.585000000000,18.100000000000,0.127002281215,2.298741289999,28.734266124989,0.151907383979
LN00303,Severely Adverse,0.035822161297,0.585000000000,10.385000000000,0.121399576168,1.260734598505,15.759182481311,0.217627689864
LN00304,Severely Adverse,0.034626376569,0.243360000000,50.290000000000,0.071126227081,3.576937959905,44.711724498816,0.423777485846
LN00305,Severely Adverse,0.204226138260,0.585000000000,0.997500000000,0.233026731452,0.232444164623,2.905552057791,0.119173610155
LN00306,Severely Adverse,0.039215387330,0.416520000000,16.035000000000,0.089241037052,1.430980029132,17.887250364154,0.261915579854
LN00307,Severely Adverse,0.041146252508,0.338260000000,4.082500000000,0.073737983976,0.301035319581,3.762941494760,0.056820771332
LN00308,Severely Adverse,0.103065374973,0.585000000000,8.627500000000,0.185070019671,1.596691594709,19.958644933858,0.520179965709
LN00309,Severely Adverse,0.038105935464,0.373360000000,0.860000000000,0.103425039942,0.088945534350,1.111819179380,0.012235419576
LN00310,Severely Adverse,0.016609783715,0.585000000000,19.450000000000,0.119895654116,2.331970472550,29.149630906878,0.188990271550
LN00311,Severely Adverse,0.041490163730,0.130000000000,9.840000000000,0.037936377100,0.373293950661,4.666174383266,0.053074217444
LN00312,Severely Adverse,0.038676536399,0.273000000000,4.140000000000,0.058203464422,0.240962342705,3.012029283815,0.043712994969
LN00313,Severely Adverse,0.014852185801,0.130650000000,8.540000000000,0.031902118173,0.272444089193,3.405551114916,0.016571341160
LN00314,Severely Adverse,0.038805341235,0.130000000000,2.080000000000,0.038989754050,0.081098688424,1.013733605303,0.010492964270
LN00315,Severely Adverse,0.036215075620,0.237250000000,2.192500000000,0.049422139009,0.108358039776,1.354475497204,0.018838018520
LN00316,Severely Adverse,0.041676873041,0.845000000000,2.820000000000,0.257777404653,0.726932281121,9.086653514007,0.099311820770
LN00317,Severely Adverse,0.036896329681,0.317590000000,0.700000000000,0.094151127264,0.065905789085,0.823822363561,0.008202533740
LN00318,Severely Adverse,0.112050830287,0.585000000000,9.802500000000,0.191445046195,1.876640065330,23.458000816628,0.642551284374
LN00319,Severely Adverse,0.033599651056,0.325910000000,14.760000000000,0.089642865013,1.323128687591,16.539108594891,0.161628823190
LN00320,Severely Adverse,0.208726077536,0.284440000000,2.220000000000,0.128064945063,0.284304178040,3.553802225504,0.131801500998
LN00321,Severely Adverse,0.226772000693,0.333190000000,5.602500000000,0.135645929600,0.759956320587,9.499454007332,0.423314607709
LN00322,Severely Adverse,0.038677932443,0.318500000000,3.440000000000,0.095451641913,0.328353648181,4.104420602267,0.042377089902
LN00323,Severely Adverse,0.037274455794,0.585000000000,6.220000000000,0.161147915518,1.002340034520,12.529250431506,0.135630562298
LN00324,Severely Adverse,0.041353215695,0.845000000000,2.390000000000,0.257290968558,0.614925414853,7.686567685667,0.083514886757
LN00325,Severely Adverse,0.225978975730,0.415090000000,1.562500000000,0.168878766180,0.263873072156,3.298413401955,0.146565020368
LN00326,Severely Adverse,0.105367819703,0.352040000000,12.830000000000,0.139749341625,1.792984053046,22.412300663071,0.475912007395
LN00327,Severely Adverse,0.214263311439,0.409240000000,3.865000000000,0.164749493668,0.636756793029,7.959459912859,0.338902979421
LN00328,Severely Adverse,0.037664352000,0.373750000000,27.255000000000,0.078937680339,2.151446477652,26.893080970654,0.383670040265
LN00329,Severely Adverse,0.111097939892,0.845000000000,4.690000000000,0.344388362315,1.615181419259,20.189767740734,0.440286690691
LN00330,Severely Adverse,0.036332702214,0.300170000000,1.780000000000,0.084765460103,0.150882518983,1.886031487283,0.019412657258
LN00331,Severely Adverse,0.103873283673,0.130000000000,15.290000000000,0.048448041865,0.740770560121,9.259632001517,0.206468925956
LN00332,Severely Adverse,0.017422869925,0.320190000000,7.055000000000,0.051929229658,0.366360715239,4.579508940485,0.039357225630
LN00333,Severely Adverse,0.116219527648,0.273130000000,9.270000000000,0.112818251879,1.045825194922,13.072814936521,0.294257976966
LN00334,Severely Adverse,0.225578396022,0.186420000000,14.740000000000,0.083570476583,1.231828824827,15.397860310339,0.619851264403
LN00335,Severely Adverse,0.017672724396,0.845000000000,2.330000000000,0.210736972540,0.491017146019,6.137714325239,0.034794943428
LN00336,Severely Adverse,0.113107218521,0.585000000000,3.402500000000,0.192162235668,0.653832006861,8.172900085760,0.225135676946
LN00337,Severely Adverse,0.009403474234,0.845000000000,3.780000000000,0.183083176181,0.692054405964,8.650680074553,0.030035637051
LN00338,Severely Adverse,0.113417364151,0.198380000000,1.075000000000,0.065235321771,0.070127970904,0.876599636298,0.024187216953
LN00339,Severely Adverse,0.008761505697,0.585000000000,3.440000000000,0.124121697886,0.426978640728,5.337233009098,0.017631654065
LN00340,Severely Adverse,0.210892503196,0.275600000000,15.522500000000,0.110574056286,1.716385788695,21.454822358685,0.902198339563
LN00341,Severely Adverse,0.014792587981,0.277160000000,5.680000000000,0.067613253505,0.384043279908,4.800540998853,0.023287509730
LN00342,Severely Adverse,0.439554054496,0.214630000000,1.170000000000,0.093200627215,0.109044733841,1.363059173018,0.110379539458
LN00343,Severely Adverse,0.204450812655,0.189670000000,0.850000000000,0.075571589302,0.064235850906,0.802948136329,0.032961457791
LN00344,Severely Adverse,0.104135524307,0.585000000000,22.152500000000,0.185855390466,4.117161537297,51.464519216216,1.349514388292
LN00345,Severely Adverse,0.110263058393,0.406640000000,4.090000000000,0.157899637979,0.645809519335,8.072618991688,0.183384843565
LN00346,Severely Adverse,0.107023011399,0.298090000000,2.350000000000,0.120123433612,0.282290068987,3.528625862340,0.074970850249
LN00347,Severely Adverse,0.201715481477,0.585000000000,3.410000000000,0.274572646828,0.936292725683,11.703659071032,0.402392128225
LN00348,Severely Adverse,0.040379532701,0.272610000000,1.020000000000,0.072541391073,0.073992218894,0.924902736178,0.011228021698
LN00349,Severely Adverse,0.115128143173,0.845000000000,18.600000000000,0.348063885336,6.473988267257,80.924853340707,1.809469026256
LN00350,Severely Adverse,0.008042360569,0.313690000000,2.637500000000,0.037026236041,0.097656697557,1.220708719464,0.006653906329
LN00351,Severely Adverse,0.099193775386,0.585000000000,17.590000000000,0.230278023205,4.050590428169,50.632380352117,1.020718827789
LN00352,Severely Adverse,0.015175525956,0.585000000000,3.965000000000,0.090194449379,0.357620991789,4.470262397357,0.035200011843
LN00353,Severely Adverse,0.114030172598,0.585000000000,18.720000000000,0.240284505799,4.498125948556,56.226574356953,1.248767226151
LN00354,Severely Adverse,0.114756827891,0.585000000000,5.790000000000,0.240737263165,1.393868753727,17.423359421586,0.388698589590
LN00355,Severely Adverse,0.034623502186,0.585000000000,9.065000000000,0.119973258557,1.087557588818,13.594469860228,0.183609297678
LN00356,Severely Adverse,0.040037721130,0.585000000000,9.200000000000,0.176750206698,1.626101901625,20.326273770313,0.215483015121
LN00357,Severely Adverse,0.101360908563,0.207090000000,7.392500000000,0.065066741630,0.481005887503,6.012573593787,0.155174714873
LN00358,Severely Adverse,0.106649718362,0.336960000000,6.350000000000,0.135642504351,0.861329902628,10.766623782846,0.228197975781
LN00359,Severely Adverse,0.041857315226,0.585000000000,3.080000000000,0.128322068446,0.395231970814,4.940399635176,0.075418510575
LN00360,Severely Adverse,0.102871893234,0.189020000000,27.285000000000,0.059752053407,1.630334777216,20.379184715206,0.530552602892
LN00361,Severely Adverse,0.199185494438,0.289250000000,1.602500000000,0.114541943611,0.183553464637,2.294418307965,0.092327082837
LN00362,Severely Adverse,0.015519266127,0.347880000000,4.500000000000,0.085814156119,0.386163702537,4.827046281712,0.024294790352
LN00363,Severely Adverse,0.016292109220,0.321620000000,4.550000000000,0.080216425478,0.364984735926,4.562309199074,0.023841400162
LN00364,Severely Adverse,0.009779100357,0.240890000000,6.700000000000,0.052786539134,0.353669812197,4.420872652466,0.015783106149
LN00365,Severely Adverse,0.117192290859,0.585000000000,2.920000000000,0.242230008864,0.707311625882,8.841395323521,0.200187871245
LN00366,Severely Adverse,0.034014244029,0.486460000000,6.140000000000,0.141619906920,0.869546228486,10.869327856078,0.101595934582
LN00367,Severely Adverse,0.101801440963,0.585000000000,3.790000000000,0.224942248774,0.852531122853,10.656639035657,0.225709064830
LN00368,Severely Adverse,0.113911588041,0.273000000000,0.920000000000,0.105447234994,0.097011456195,1.212643202437,0.028610034452
LN00369,Severely Adverse,0.035782871501,0.294320000000,4.520000000000,0.086651046023,0.391662728022,4.895784100281,0.047602898626
LN00370,Severely Adverse,0.227137440562,0.585000000000,1.490000000000,0.278658851693,0.415201689023,5.190021112783,0.197984350066
LN00371,Severely Adverse,0.111658456716,0.254800000000,0.790000000000,0.104003237161,0.082162557357,1.027031966962,0.022475954069
LN00372,Severely Adverse,0.034389194128,0.585000000000,5.140000000000,0.170717663042,0.877488788038,10.968609850471,0.103404867824
LN00373,Severely Adverse,0.040514073184,0.329160000000,7.300000000000,0.099732059135,0.728044031689,9.100550396109,0.097349970003
LN00374,Severely Adverse,0.034958620729,0.845000000000,7.590000000000,0.247488366885,1.878436704657,23.480458808219,0.224208861978
LN00375,Severely Adverse,0.015522013993,0.353210000000,7.900000000000,0.087132485074,0.688346632088,8.604332901104,0.043311991444
LN00376,Severely Adverse,0.016028410052,0.585000000000,0.650000000000,0.145371249367,0.094491312089,1.181141401111,0.006094802922
LN00377,Severely Adverse,0.212590131474,0.585000000000,0.977500000000,0.235114845250,0.229824761232,2.872809515402,0.121567009307
LN00378,Severely Adverse,0.039310185754,0.354120000000,32.250000000000,0.106530211459,3.435599319567,42.944991494589,0.448936866083
LN00379,Severely Adverse,0.039032113023,0.585000000000,1.570000000000,0.175693121605,0.275838200920,3.447977511506,0.035849044206
LN00380,Severely Adverse,0.117382981816,0.183560000000,6.900000000000,0.061185790791,0.422181956456,5.277274455696,0.148673058980
LN00381,Severely Adverse,0.117508223997,0.585000000000,2.250000000000,0.240053765698,0.540120972821,6.751512160262,0.154670199836
LN00382,Severely Adverse,0.213190325875,0.332800000000,4.032500000000,0.133834604956,0.539688044485,6.746100556062,0.286104828369
LN00383,Severely Adverse,0.100953935816,0.340340000000,2.107500000000,0.106755908246,0.224988076628,2.812350957845,0.072410881252
LN00384,Severely Adverse,0.039654976016,0.297830000000,7.860000000000,0.089781017198,0.705678795177,8.820984939711,0.092830070243
LN00385,Severely Adverse,0.041681177652,0.585000000000,5.140000000000,0.178465755602,0.917313983794,11.466424797422,0.125331133081
LN00386,Severely Adverse,0.413182601415,0.264420000000,2.580000000000,0.107008956978,0.276083109003,3.451038862538,0.281874658143
LN00387,Severely Adverse,0.107976742179,0.585000000000,1.505000000000,0.188615931647,0.283866977129,3.548337214107,0.095065423233
LN00388,Severely Adverse,0.421930756217,0.585000000000,5.860000000000,0.262262360417,1.536857432044,19.210717900556,1.446420825386
LN00389,Severely Adverse,0.014030502025,0.585000000000,1.330000000000,0.140931482845,0.187438872184,2.342985902300,0.010916432100
LN00390,Severely Adverse,0.219121634804,0.216320000000,6.870000000000,0.102646147621,0.705179034155,8.814737926937,0.325640693320
LN00391,Severely Adverse,0.105957867321,0.585000000000,61.960000000000,0.226649489217,14.043202351882,175.540029398531,3.840612433644
LN00392,Severely Adverse,0.016942433842,0.845000000000,14.720000000000,0.135670599380,1.997071222867,24.963390285836,0.210736769096
LN00393,Severely Adverse,0.114634138913,0.343590000000,9.190000000000,0.141348261540,1.298990523550,16.237381544375,0.361967851423
LN00394,Severely Adverse,0.114444468455,0.240110000000,3.315000000000,0.079240620914,0.262682658329,3.283533229115,0.091093751278
LN00395,Severely Adverse,0.003850501179,0.314340000000,0.567500000000,0.025171418189,0.014284779822,0.178559747776,0.000686883012
LN00396,Severely Adverse,0.036224189424,0.251030000000,1.190000000000,0.074109900967,0.088190782151,1.102384776886,0.010821096343
LN00397,Severely Adverse,0.222018293264,0.585000000000,16.160000000000,0.277997638734,4.492441841937,56.155523024214,2.098872137199
LN00398,Severely Adverse,0.040259546026,0.297310000000,1.720000000000,0.064303062110,0.110601266829,1.382515835362,0.020587652882
LN00399,Severely Adverse,0.037676498273,0.585000000000,2.015000000000,0.123568702996,0.248990936536,3.112386706703,0.044412114251
LN00400,Severely Adverse,0.041006161936,0.274170000000,3.375000000000,0.059693063731,0.201464090092,2.518301126153,0.037943975536
LN00401,Severely Adverse,0.034672769536,0.309010000000,1.550000000000,0.090340297591,0.140027461266,1.750343265823,0.016607060397
LN00402,Severely Adverse,0.226920620950,0.306410000000,1.310000000000,0.145941465128,0.191183319318,2.389791491479,0.091085279179
LN00403,Severely Adverse,0.100971757873,0.585000000000,4.260000000000,0.214740379609,0.914794017133,11.434925214163,0.251631717795
LN00404,Severely Adverse,0.014444007985,0.585000000000,1.615000000000,0.088526458816,0.142970230987,1.787127887340,0.013646337644
LN00405,Severely Adverse,0.430741678810,0.281840000000,2.140000000000,0.125325202221,0.268195932754,3.352449159423,0.259796502378
LN00406,Severely Adverse,0.195798142791,0.337610000000,2.050000000000,0.147278592452,0.301921114526,3.774013931573,0.135511992525
LN00407,Severely Adverse,0.033864149559,0.273000000000,7.560000000000,0.073440039595,0.555206699335,6.940083741686,0.069891540993
LN00408,Severely Adverse,0.193158529815,0.150930000000,3.550000000000,0.067599401426,0.239977875063,2.999723438288,0.103494630013
LN00409,Severely Adverse,0.015572676839,0.219960000000,3.240000000000,0.034241542015,0.110942596130,1.386782451625,0.011098185832
LN00410,Severely Adverse,0.449671045993,0.845000000000,8.140000000000,0.368697497008,3.001197625643,37.514970320535,3.092972355657
LN00411,Severely Adverse,0.099745849292,0.585000000000,3.890000000000,0.230676903583,0.897333154938,11.216664436720,0.226986641941
LN00412,Severely Adverse,0.111457990724,0.585000000000,3.035000000000,0.191039623601,0.579805257629,7.247565720365,0.197890876080
LN00413,Severely Adverse,0.009534377607,0.228410000000,6.465000000000,0.029138892757,0.188382941671,2.354786770889,0.014079135578
LN00414,Severely Adverse,0.199733676663,0.338130000000,8.740000000000,0.158467594813,1.385006778664,17.312584733302,0.590264186307
LN00415,Severely Adverse,0.003563071074,0.585000000000,3.870000000000,0.086423622340,0.334459418455,4.180742730686,0.008066614758
LN00416,Severely Adverse,0.017224327618,0.130000000000,4.200000000000,0.020997065127,0.088187673532,1.102345919153,0.009404482879
LN00417,Severely Adverse,0.017079681735,0.845000000000,1.895000000000,0.136066690747,0.257846378966,3.223079737078,0.027349267370
LN00418,Severely Adverse,0.109407246152,0.430430000000,1.900000000000,0.174617462027,0.331773177851,4.147164723144,0.089475105826
LN00419,Severely Adverse,0.017064592840,0.273000000000,9.670000000000,0.068795613674,0.665253584225,8.315669802813,0.045048989284
LN00420,Severely Adverse,0.196789163570,0.585000000000,6.990000000000,0.273534945880,1.912009271702,23.900115896277,0.804700408214
LN00421,Severely Adverse,0.106732646948,0.845000000000,7.070000000000,0.340233584533,2.405451442649,30.068143033110,0.637636842762
LN00422,Severely Adverse,0.009343171600,0.305890000000,5.080000000000,0.038673306253,0.196460395764,2.455754947050,0.014518552425
LN00423,Severely Adverse,0.003681299392,0.585000000000,4.690000000000,0.091014183538,0.426856520793,5.335706509915,0.010100197078
LN00424,Severely Adverse,0.009375794518,0.845000000000,8.990000000000,0.150656724331,1.354403951738,16.930049396722,0.071223691845
LN00425,Severely Adverse,0.108769955757,0.260390000000,10.900000000000,0.084203748425,0.917820857836,11.472760722954,0.308716435698
LN00426,Severely Adverse,0.222072866000,0.585000000000,10.267500000000,0.237218167189,2.435637531617,30.445469145216,1.333877893721
LN00427,Severely Adverse,0.015684585221,0.239330000000,3.492500000000,0.037356020610,0.130465901980,1.630823774745,0.013110117795
LN00428,Severely Adverse,0.207487510007,0.292500000000,17.940000000000,0.130000962861,2.332217273725,29.152715921562,1.088780334386
LN00429,Severely Adverse,0.008161602651,0.585000000000,5.630000000000,0.121456466062,0.683799903927,8.547498799085,0.026880646410
LN00430,Severely Adverse,0.201307724284,0.585000000000,8.430000000000,0.274489963358,2.313950391107,28.924379888837,0.992759107692
LN00431,Severely Adverse,0.222119113567,0.175240000000,5.940000000000,0.083279863452,0.494682388905,6.183529861314,0.231209471562
LN00432,Severely Adverse,0.101424388389,0.585000000000,5.740000000000,0.224673151941,1.289623892141,16.120298651766,0.340572953773
LN00433,Severely Adverse,0.100770447070,0.275080000000,2.150000000000,0.108814916188,0.233952069804,2.924400872548,0.059597859347
LN00434,Severely Adverse,0.200057198702,0.354900000000,9.040000000000,0.166367900332,1.503965819004,18.799572737545,0.641842710366
LN00435,Severely Adverse,0.008060092989,0.291720000000,69.682500000000,0.034468686881,2.401864273559,30.023303419490,0.163843788194
LN00436,Severely Adverse,0.017079616435,0.585000000000,2.760000000000,0.094199886696,0.259991687281,3.249896091007,0.027576748696
LN00437,Severely Adverse,0.015423135686,0.275860000000,4.810000000000,0.067951402115,0.326846244171,4.085578052138,0.020464752071
LN00438,Severely Adverse,0.041791379403,0.338780000000,2.870000000000,0.103417836307,0.296809190200,3.710114877504,0.040633699686
LN00439,Severely Adverse,0.101785937904,0.585000000000,2.750000000000,0.232132886149,0.638365436909,7.979567961365,0.163748127604
LN00440,Severely Adverse,0.111480968956,0.325260000000,21.000000000000,0.132700018572,2.786700390020,34.833754875251,0.761466299216
LN00441,Severely Adverse,0.210596222471,0.273000000000,2.290000000000,0.128909322245,0.295202347942,3.690029349270,0.131658440402
LN00442,Severely Adverse,0.015400998030,0.297700000000,2.790000000000,0.073306925992,0.204526323517,2.556579043959,0.012791807147
LN00443,Severely Adverse,0.115379321091,0.219570000000,0.877500000000,0.072695382339,0.063790198002,0.797377475028,0.022230442434
LN00444,Severely Adverse,0.017662798673,0.585000000000,2.100000000000,0.128588663839,0.270036194061,3.375452425764,0.021698748170
LN00445,Severely Adverse,0.040842447980,0.323830000000,0.697500000000,0.070403173676,0.049106213639,0.613827670486,0.009225141926
LN00446,Severely Adverse,0.102866235055,0.260650000000,8.430000000000,0.103766516664,0.874751735482,10.934396693521,0.226025869529
LN00447,Severely Adverse,0.405035489594,0.845000000000,73.680000000000,0.384351593220,28.319025388438,353.987817355473,25.217347567946
LN00448,Severely Adverse,0.111526366277,0.585000000000,3.110000000000,0.238698236553,0.742351515678,9.279393945979,0.202905494486
LN00449,Severely Adverse,0.008322886570,0.585000000000,0.850000000000,0.122194452937,0.103865284996,1.298316062452,0.004138555347
LN00450,Severely Adverse,0.112925878406,0.342680000000,11.020000000000,0.140346447199,1.546617848132,19.332723101656,0.426445788935
LN00451,Severely Adverse,0.008956495373,0.845000000000,1.945000000000,0.104821227158,0.203877286822,2.548466085280,0.014720224058
LN00452,Severely Adverse,0.214506046273,0.267280000000,16.430000000000,0.126505168652,2.078479920947,25.980999011844,0.941984082467
LN00453,Severely Adverse,0.114571937613,0.585000000000,3.380000000000,0.228753189406,0.773185780192,9.664822252402,0.226543092242
LN00454,Severely Adverse,0.016645207540,0.585000000000,2.380000000000,0.146608459274,0.348928133071,4.361601663392,0.023175122458
LN00455,Severely Adverse,0.007713638135,0.227760000000,3.750000000000,0.037410659395,0.140289972730,1.753624659129,0.006588218331
LN00456,Severely Adverse,0.014022532235,0.292500000000,9.560000000000,0.070456125297,0.673560557836,8.419506972945,0.039211206889
LN00457,Severely Adverse,0.436137013785,0.313040000000,3.570000000000,0.138476650447,0.494361642094,6.179520526175,0.487406140939
LN00458,Severely Adverse,0.037633560427,0.585000000000,2.587500000000,0.123518946807,0.319605274864,3.995065935801,0.056965449999
LN00459,Severely Adverse,0.104181261304,0.379080000000,3.670000000000,0.149953989707,0.550331142225,6.879139277809,0.144939429404
LN00460,Severely Adverse,0.107185126654,0.585000000000,1.260000000000,0.235850353349,0.297171445220,3.714643065252,0.079006156857
LN00461,Severely Adverse,0.113334977579,0.130000000000,5.690000000000,0.042736885831,0.243172880379,3.039661004741,0.083833882915
LN00462,Severely Adverse,0.017093083899,0.227500000000,0.682500000000,0.036643710111,0.025009332151,0.312616651885,0.002654021771
LN00463,Severely Adverse,0.214899499858,0.283660000000,2.870000000000,0.131785423386,0.378224165118,4.727802063971,0.174950585412
LN00464,Severely Adverse,0.036773708648,0.239070000000,9.580000000000,0.070819879228,0.678454443008,8.480680537598,0.084222479243
LN00465,Severely Adverse,0.104383341048,0.845000000000,6.070000000000,0.337921658889,2.051184469454,25.639805868177,0.535397813735
LN00466,Severely Adverse,0.109095659066,0.585000000000,8.090000000000,0.228768722713,1.850738966751,23.134237084386,0.516311570877
LN00467,Severely Adverse,0.105225751119,0.845000000000,4.200000000000,0.333570276645,1.400995161910,17.512439523869,0.373446190722
LN00468,Severely Adverse,0.215009019969,0.585000000000,13.332500000000,0.235677457685,3.142169704584,39.277121307300,1.676965538859
LN00469,Severely Adverse,0.016513809136,0.845000000000,11.300000000000,0.184450787929,2.084293903603,26.053673795031,0.157682106531
LN00470,Severely Adverse,0.033982514850,0.260650000000,6.170000000000,0.053111040705,0.327695121147,4.096189014342,0.054651037199
LN00471,Severely Adverse,0.033400860645,0.231920000000,11.330000000000,0.067249758928,0.761939768656,9.524247108204,0.087765891718
LN00472,Severely Adverse,0.035273769518,0.273780000000,7.802500000000,0.056510792023,0.440925454759,5.511568184490,0.075350713556
LN00473,Severely Adverse,0.017353437394,0.273000000000,2.450000000000,0.044212408826,0.108320401623,1.354005020286,0.011606846601
LN00474,Severely Adverse,0.016395794741,0.227500000000,1.170000000000,0.056822434975,0.066482248921,0.831028111512,0.004364150665
LN00475,Severely Adverse,0.034919958955,0.308230000000,6.820000000000,0.090254002088,0.615532294239,7.694153677985,0.073406244431
LN00476,Severely Adverse,0.040983725737,0.845000000000,7.740000000000,0.256734723834,1.987126762477,24.839084530965,0.268045861438
LN00477,Severely Adverse,0.037495763622,0.185120000000,12.360000000000,0.039036309687,0.482488787732,6.031109846653,0.085793426815
LN00478,Severely Adverse,0.108252170659,0.671710000000,1.760000000000,0.271625639058,0.478061124742,5.975764059275,0.127976755374
LN00479,Severely Adverse,0.116419517177,0.585000000000,1.810000000000,0.241760466105,0.437586443650,5.469830545619,0.123270805763
LN00480,Severely Adverse,0.033923744633,0.351000000000,7.100000000000,0.102124742256,0.725085670016,9.063570875200,0.084541364000
LN00481,Severely Adverse,0.035299163337,0.585000000000,3.590000000000,0.120779747598,0.433599293877,5.419991173465,0.074133537882
LN00482,Severely Adverse,0.016159809331,0.294710000000,0.680000000000,0.061954162819,0.042128830717,0.526610383961,0.003238471037
LN00483,Severely Adverse,0.102928344877,0.585000000000,6.520000000000,0.232935859837,1.518741806138,18.984272576728,0.392589293029
LN00484,Severely Adverse,0.039255145772,0.343330000000,0.630000000000,0.073586434429,0.046359453690,0.579493171129,0.008490805595
LN00485,Severely Adverse,0.008149815257,0.845000000000,1.740000000000,0.175358277192,0.305123402315,3.814042528933,0.011982673372
LN00486,Severely Adverse,0.034276676205,0.291330000000,14.397500000000,0.059539209512,0.857215768952,10.715197111896,0.143770902173
LN00487,Severely Adverse,0.035227425805,0.130000000000,27.800000000000,0.038139962268,1.060290951040,13.253636888004,0.127311916860
LN00488,Severely Adverse,0.015519004016,0.585000000000,1.330000000000,0.144305757319,0.191926657235,2.399083215433,0.012074561074
LN00489,Severely Adverse,0.102550530449,0.585000000000,2.747500000000,0.184689634723,0.507434771401,6.342934642511,0.164828185710
LN00490,Severely Adverse,0.101736248299,0.130000000000,4.207500000000,0.040907695331,0.172119128106,2.151489101327,0.055647184414
LN00491,Severely Adverse,0.115123152822,0.585000000000,22.512500000000,0.193512358219,4.356446964414,54.455587055178,1.516150337077
LN00492,Severely Adverse,0.105333235350,0.297050000000,2.740000000000,0.119123336661,0.326397942451,4.079974280643,0.085732510916
LN00493,Severely Adverse,0.106098052778,0.585000000000,2.780000000000,0.233921620874,0.650302106030,8.128776325379,0.172547263233
LN00494,Severely Adverse,0.033886132812,0.130000000000,21.090000000000,0.037814800842,0.797514149761,9.968926872018,0.092905610330
LN00495,Severely Adverse,0.106034056266,0.182000000000,3.080000000000,0.073134211218,0.225253370553,2.815667131911,0.059438450581
LN00496,Severely Adverse,0.035732211490,0.342680000000,9.230000000000,0.095640718359,0.882763830453,11.034547880660,0.113018712374
LN00497,Severely Adverse,0.038680086499,0.179660000000,1.020000000000,0.053843216895,0.054920081233,0.686501015408,0.007088249627
LN00498,Severely Adverse,0.103121174689,0.208650000000,3.780000000000,0.083128486882,0.314225680413,3.927821005163,0.081331361114
LN00499,Severely Adverse,0.040968328175,0.133770000000,0.850000000000,0.035453446311,0.030135429364,0.376692867054,0.004658283271
LN00500,Severely Adverse,0.041302591837,0.146770000000,1.560000000000,0.044676235022,0.069694926635,0.871186582934,0.009456690990
LN00501,Severely Adverse,0.101046018444,0.167050000000,10.370000000000,0.062707486044,0.650276630272,8.128457878405,0.175042876643
LN00502,Severely Adverse,0.197363513690,0.130000000000,3.650000000000,0.051364885093,0.187481830591,2.343522882387,0.093648987246
LN00503,Severely Adverse,0.197673976993,0.310440000000,3.260000000000,0.145258116299,0.473541459135,5.919268239193,0.200052864701
LN00504,Severely Adverse,0.038756002306,0.585000000000,2.120000000000,0.175401800884,0.371851817875,4.648147723434,0.048065194060
LN00505,Severely Adverse,0.034478852303,0.845000000000,3.092500000000,0.173044047681,0.535138717453,6.689233968158,0.090098843881
LN00506,Severely Adverse,0.114986199978,0.177450000000,5.460000000000,0.058671158805,0.320344527074,4.004306588431,0.111407484476
LN00507,Severely Adverse,0.039872781575,0.845000000000,11.980000000000,0.255055998338,3.055570860090,38.194635751129,0.403636155163
LN00508,Severely Adverse,0.224694156548,0.151840000000,0.320000000000,0.072248050989,0.023119376316,0.288992203955,0.010917619434
LN00509,Severely Adverse,0.037970847523,0.161460000000,1.950000000000,0.048181504644,0.093953934056,1.174424175696,0.011955007430
LN00510,Severely Adverse,0.017742959493,0.585000000000,5.250000000000,0.148682678686,0.780584063104,9.757300788797,0.054493064341
LN00511,Severely Adverse,0.007754783604,0.585000000000,3.725000000000,0.067870656198,0.252818194336,3.160227429205,0.016898642822
LN00512,Severely Adverse,0.208772387517,0.585000000000,5.640000000000,0.234189540316,1.320829007384,16.510362592303,0.688823615374
LN00513,Severely Adverse,0.008403065177,0.279760000000,5.860000000000,0.058608670795,0.343446810858,4.293085135727,0.013775931272
LN00514,Severely Adverse,0.041455702194,0.585000000000,2.837500000000,0.127872609208,0.362838528629,4.535481607857,0.068813874661
LN00515,Severely Adverse,0.038398420887,0.149890000000,2.650000000000,0.044844984915,0.118839210026,1.485490125321,0.015252179163
LN00516,Severely Adverse,0.017014550463,0.309920000000,3.510000000000,0.078048805290,0.273951306569,3.424391332108,0.018508754673
LN00517,Severely Adverse,0.034905713777,0.148460000000,12.815000000000,0.030532238576,0.391270637346,4.890882966830,0.066408640555
LN00518,Severely Adverse,0.117155086872,0.845000000000,2.160000000000,0.325912829570,0.703971711870,8.799646398377,0.213831464559
LN00519,Severely Adverse,0.003937165839,0.181610000000,4.210000000000,0.029035914964,0.122241201998,1.528015024970,0.003010270777
LN00520,Severely Adverse,0.212318645278,0.585000000000,5.380000000000,0.270305084285,1.454241353452,18.178016918148,0.668230472282
LN00521,Severely Adverse,0.230357334976,0.413140000000,19.452500000000,0.168672396791,3.281099798574,41.013747482171,1.851291105861
LN00522,Severely Adverse,0.036733920681,0.585000000000,3.320000000000,0.161826674506,0.537264559360,6.715806992005,0.071344620747
LN00523,Severely Adverse,0.015419247908,0.585000000000,11.690000000000,0.129418408027,1.512901189830,18.911264872876,0.105446839703
LN00524,Severely Adverse,0.110241146695,0.585000000000,15.360000000000,0.237868088655,3.653653841742,45.670673021776,0.990582847745
LN00525,Severely Adverse,0.014341154669,0.142870000000,4.200000000000,0.034599164840,0.145316492330,1.816456154125,0.008605467224
LN00526,Severely Adverse,0.036220213482,0.227500000000,3.630000000000,0.067161635209,0.243796735807,3.047459197587,0.029911557799
LN00527,Severely Adverse,0.402707372548,0.585000000000,2.992500000000,0.238368132682,0.713316637050,8.916457963120,0.704984560224
LN00528,Severely Adverse,0.395046208018,0.330850000000,3.127500000000,0.135429271519,0.423555046676,5.294438083446,0.408767496104
LN00529,Severely Adverse,0.115224683746,0.340990000000,8.990000000000,0.112835466156,1.014390840743,12.679885509294,0.353221279545
LN00530,Severely Adverse,0.038503006239,0.261300000000,4.497500000000,0.055620014042,0.250151013156,3.126887664446,0.045248607798
LN00531,Severely Adverse,0.106058669124,0.347230000000,5.670000000000,0.139539532410,0.791189148766,9.889864359579,0.208807682025
LN00532,Severely Adverse,0.106998448088,0.295880000000,1.450000000000,0.119224511074,0.172875541057,2.160944263210,0.045905116189
LN00533,Severely Adverse,0.037168525590,0.284570000000,1.700000000000,0.072162960230,0.122677032391,1.533462904894,0.017980980456
LN00534,Severely Adverse,0.111114963314,0.845000000000,38.220000000000,0.344404209085,13.163128871223,164.539110890283,3.588557743705
LN00535,Severely Adverse,0.004385084334,0.179530000000,3.350000000000,0.015484021443,0.051871471833,0.648393397915,0.002637301538
LN00536,Severely Adverse,0.017499650058,0.845000000000,1.937500000000,0.137260502711,0.265942224002,3.324277800023,0.028650208329
LN00537,Severely Adverse,0.036826208892,0.845000000000,16.432500000000,0.177059067519,2.909523127013,36.369039087659,0.511348942582
LN00538,Severely Adverse,0.015148195164,0.208130000000,5.940000000000,0.051055268878,0.303268297138,3.790853714226,0.018727595525
LN00539,Severely Adverse,0.015630823248,0.585000000000,7.990000000000,0.133873375095,1.069648267011,13.370603337631,0.073060812486
LN00540,Severely Adverse,0.215155388947,0.585000000000,3.900000000000,0.276987062794,1.080249544898,13.503119311222,0.490877019883
LN00541,Severely Adverse,0.424940226969,0.585000000000,3.260000000000,0.256856483020,0.837352134646,10.466901683079,0.810403506852
LN00542,Severely Adverse,0.111574348709,0.227500000000,3.780000000000,0.085433116729,0.322937181234,4.036714765422,0.095948361173
LN00543,Severely Adverse,0.214639211584,0.308360000000,1.120000000000,0.145959780962,0.163474954677,2.043436933464,0.074128484958
LN00544,Severely Adverse,0.413380581087,0.204100000000,4.100000000000,0.089309976227,0.366170902529,4.577136281616,0.345921004059
LN00545,Severely Adverse,0.015213711391,0.585000000000,5.405000000000,0.090279379970,0.487960048738,6.099500609229,0.048104614390
LN00546,Severely Adverse,0.036715555240,0.845000000000,28.520000000000,0.250225044149,7.136418259141,89.205228239259,0.884822851940
LN00547,Severely Adverse,0.034236574786,0.444210000000,4.880000000000,0.114001607650,0.556327845332,6.954098066649,0.074216156963
LN00548,Severely Adverse,0.008038563776,0.585000000000,0.395000000000,0.069034837809,0.027268760934,0.340859511681,0.001857511125
LN00549,Severely Adverse,0.112720413834,0.845000000000,4.080000000000,0.345886384576,1.411216449071,17.640205613391,0.388614898734
LN00550,Severely Adverse,0.036805673974,0.475540000000,62.425000000000,0.099623885184,6.219021032637,77.737762907962,1.092597944846
LN00551,Severely Adverse,0.035293568243,0.240240000000,9.932500000000,0.049597484794,0.492627017717,6.157837721466,0.084216940786
LN00552,Severely Adverse,0.016069473539,0.585000000000,1.990000000000,0.128124967773,0.254968685869,3.187108573365,0.018707277620
LN00553,Severely Adverse,0.016819283171,0.217750000000,7.405000000000,0.034869022019,0.258205108054,3.227563850676,0.027120063932
LN00554,Severely Adverse,0.203214060487,0.264550000000,2.130000000000,0.116685292245,0.248539672482,3.106745906025,0.114509395765
LN00555,Severely Adverse,0.009542565363,0.161200000000,1.027500000000,0.020572548697,0.021138293786,0.264228672330,0.001580563729
LN00556,Severely Adverse,0.017479518713,0.845000000000,2.870000000000,0.137203888255,0.393775159291,4.922189491134,0.042390454807
LN00557,Severely Adverse,0.038570554433,0.334360000000,4.337500000000,0.071215841166,0.308898711059,3.861233888241,0.055938354392
LN00558,Severely Adverse,0.039167314355,0.335920000000,0.690000000000,0.092985989402,0.064160332687,0.802004158590,0.009078388124
LN00559,Severely Adverse,0.100102438566,0.286910000000,1.420000000000,0.110312741183,0.156644092479,1.958051155992,0.040782954722
LN00560,Severely Adverse,0.041430507839,0.138190000000,4.240000000000,0.030199680447,0.128046645093,1.600583063667,0.024275195164
LN00561,Severely Adverse,0.008560287581,0.297310000000,2.517500000000,0.036126781920,0.090949173484,1.136864668551,0.006407186286
LN00562,Severely Adverse,0.017465758077,0.585000000000,6.650000000000,0.148173217005,0.985351893080,12.316898663502,0.067946165357
LN00563,Severely Adverse,0.215576256117,0.585000000000,1.185000000000,0.235806772203,0.279431025060,3.492887813254,0.149442850147
LN00564,Severely Adverse,0.099135247852,0.189410000000,9.150000000000,0.066756472734,0.610821725521,7.635271569008,0.171811446756
LN00565,Severely Adverse,0.099820415543,0.348660000000,1.195000000000,0.108856277881,0.130083252067,1.626040650840,0.041590046370
LN00566,Severely Adverse,0.111961518647,0.360620000000,19.985000000000,0.117977667970,2.357783694382,29.472296179770,0.806905623650
LN00567,Severely Adverse,0.109839969021,0.176670000000,0.810000000000,0.071757234218,0.058123359717,0.726541996458,0.015718396135
LN00568,Severely Adverse,0.007713532093,0.585000000000,1.500000000000,0.119316845522,0.178975268283,2.237190853541,0.006768624412
LN00569,Severely Adverse,0.039783755278,0.585000000000,6.800000000000,0.176483800560,1.200089843806,15.001123047573,0.158259778495
LN00570,Severely Adverse,0.040673970060,0.411320000000,23.670000000000,0.115880063173,2.742881095308,34.286013691353,0.395999511028
LN00571,Severely Adverse,0.037720213118,0.389610000000,6.140000000000,0.116086774777,0.712772797134,8.909659964170,0.090234497510
LN00572,Severely Adverse,0.211249327675,0.351000000000,7.870000000000,0.165807711771,1.304906691638,16.311333645480,0.583548805291
LN00573,Severely Adverse,0.033440425680,0.308880000000,4.560000000000,0.089588882630,0.408525304792,5.106566309895,0.047100598800
LN00574,Severely Adverse,0.113839945091,0.358930000000,1.610000000000,0.147354826149,0.237241270099,2.965515876243,0.065785520101
LN00575,Severely Adverse,0.206052240210,0.845000000000,2.750000000000,0.393283700388,1.081530176068,13.519127200852,0.478813893188
LN00576,Severely Adverse,0.040890406075,0.585000000000,1.222500000000,0.127237578942,0.155547940257,1.944349253208,0.029243285034
LN00577,Severely Adverse,0.207686265192,0.845000000000,1.195000000000,0.337881298688,0.403768151932,5.047101899148,0.209716398435
LN00578,Severely Adverse,0.109883820736,0.845000000000,6.700000000000,0.339807328221,2.276709099082,28.458863738519,0.622107251099
LN00579,Severely Adverse,0.203715271047,0.585000000000,1.265000000000,0.232891849327,0.294608189398,3.682602367477,0.150754393456
LN00580,Severely Adverse,0.034819850153,0.845000000000,6.170000000000,0.247270414429,1.525658457029,19.070730712864,0.181538511753
LN00581,Severely Adverse,0.040042418000,0.296920000000,1.220000000000,0.078184422415,0.095384995346,1.192312441826,0.014505061598
LN00582,Severely Adverse,0.037721678266,0.290550000000,6.030000000000,0.085313314724,0.514439287787,6.430491097339,0.066089002730
LN00583,Severely Adverse,0.015966891637,0.155220000000,2.750000000000,0.035708195436,0.098197537448,1.227469218104,0.006815547530
LN00584,Severely Adverse,0.041590740244,0.221390000000,18.290000000000,0.067503782623,1.234644184182,15.433052302280,0.168410186144
LN00585,Severely Adverse,0.230084481681,0.130000000000,6.190000000000,0.059319894379,0.367190146204,4.589876827556,0.185148982409
LN00586,Severely Adverse,0.115042734963,0.311220000000,13.005000000000,0.102920168397,1.338476789997,16.730959874965,0.465625817679
LN00587,Severely Adverse,0.014581315981,0.585000000000,1.897500000000,0.088845659732,0.168584639341,2.107307991757,0.016185807539
LN00588,Severely Adverse,0.038544409514,0.585000000000,4.740000000000,0.175178221672,0.830344770725,10.379309634059,0.106879793140
LN00589,Severely Adverse,0.017290800217,0.585000000000,1.680000000000,0.137201048368,0.230497761258,2.881222015724,0.016993398453
LN00590,Severely Adverse,0.003805765645,0.316940000000,2.960000000000,0.049982328553,0.147947692518,1.849346156478,0.003570350116
LN00591,Severely Adverse,0.197116667972,0.428870000000,3.000000000000,0.169400875856,0.508202627567,6.352532844585,0.253612276179
LN00592,Severely Adverse,0.040337887733,0.227500000000,1.877500000000,0.049238821931,0.092445888175,1.155573602187,0.017229572410
LN00593,Severely Adverse,0.037596000655,0.328250000000,1.330000000000,0.088484897938,0.117684914258,1.471061428224,0.016413379996
LN00594,Severely Adverse,0.109871353810,0.182000000000,1.090000000000,0.073928468488,0.080582030652,1.007275383149,0.021796279169
LN00595,Severely Adverse,0.004442466643,0.251420000000,0.430000000000,0.042163813542,0.018130439823,0.226630497790,0.000480277734
LN00596,Severely Adverse,0.038652710118,0.130000000000,1.560000000000,0.038953931925,0.060768133803,0.759601672538,0.007838769612
LN00597,Severely Adverse,0.107303149213,0.585000000000,7.432500000000,0.188138424606,1.398338840884,17.479235511048,0.466555434067
LN00598,Severely Adverse,0.106272057881,0.585000000000,0.780000000000,0.187402083925,0.146173625462,1.827170318269,0.048491940011
LN00599,Severely Adverse,0.421347179832,0.585000000000,1.140000000000,0.256996731173,0.292976273537,3.662203419219,0.280996434230
LN00600,Severely Adverse,0.101414268541,0.130000000000,26.870000000000,0.049658950948,1.334336011986,16.679200149821,0.354250181441
LN00601,Severely Adverse,0.040205170987,0.377910000000,2.370000000000,0.106144407290,0.251562245277,3.144528065964,0.036009628718
LN00602,Severely Adverse,0.114731496866,0.585000000000,6.180000000000,0.240721537430,1.487659101317,18.595738766460,0.414788780619
LN00603,Severely Adverse,0.204260094913,0.398320000000,8.520000000000,0.187296038913,1.595762251539,19.947028144232,0.693194706169
LN00604,Severely Adverse,0.105016964555,0.585000000000,8.690000000000,0.230789782954,2.005563213874,25.069540173420,0.533869491859
LN00605,Severely Adverse,0.457307356078,0.130000000000,0.885000000000,0.050758041176,0.044920866441,0.561510830511,0.052613211317
LN00606,Severely Adverse,0.099526705549,0.309920000000,3.560000000000,0.122123747274,0.434760540294,5.434506753675,0.109809327038
LN00607,Severely Adverse,0.213343149667,0.130000000000,0.890000000000,0.061487947492,0.054724273268,0.684053415849,0.024683802416
LN00608,Severely Adverse,0.015680628077,0.224380000000,51.740000000000,0.055480666272,2.870569672916,35.882120911453,0.182043016028
LN00609,Severely Adverse,0.112134548993,0.325130000000,0.910000000000,0.132879408626,0.120920261850,1.511503273125,0.033177058382
LN00610,Severely Adverse,0.034844541308,0.216060000000,1.397500000000,0.044407838529,0.062059954345,0.775749429312,0.010521094954
LN00611,Severely Adverse,0.111745673399,0.294970000000,1.580000000000,0.120427835288,0.190275979755,2.378449746936,0.052079361626
LN00612,Severely Adverse,0.106399172571,0.845000000000,0.852500000000,0.270823533262,0.230877062106,2.885963276328,0.076645973951
LN00613,Severely Adverse,0.437494889491,0.246090000000,14.325000000000,0.097780629063,1.400707511321,17.508843891513,1.542274156109
LN00614,Severely Adverse,0.389595039919,0.225030000000,50.520000000000,0.103580341447,5.232878849919,65.410985623988,4.429117289000
LN00615,Severely Adverse,0.037425828283,0.169780000000,2.790000000000,0.050496117680,0.140884168328,1.761052104100,0.017728098381
LN00616,Severely Adverse,0.109101752569,0.378690000000,1.032500000000,0.122609625853,0.126594438693,1.582430483663,0.042658504318
LN00617,Severely Adverse,0.103294838874,0.292500000000,0.480000000000,0.116595794208,0.055965981220,0.699574765249,0.014502595378
LN00618,Severely Adverse,0.034634936157,0.845000000000,3.510000000000,0.246979543085,0.866898196229,10.836227452859,0.102725488894
LN00619,Severely Adverse,0.014584796067,0.227500000000,3.062500000000,0.034554221402,0.105822303044,1.322778788051,0.010161500885
LN00620,Severely Adverse,0.008449470709,0.197990000000,2.147500000000,0.023914018196,0.051355354076,0.641941925946,0.003592575740
LN00621,Severely Adverse,0.100985973374,0.585000000000,5.590000000000,0.231565336648,1.294450231860,16.180627898254,0.330239280830
LN00622,Severely Adverse,0.041445017217,0.300690000000,6.650000000000,0.078662745146,0.523107255219,6.538840690232,0.082872979810
LN00623,Severely Adverse,0.420316200308,0.585000000000,6.190000000000,0.262643063390,1.625760562387,20.322007029839,1.522028008744
LN00624,Severely Adverse,0.040321582833,0.399490000000,2.847500000000,0.086450777798,0.246168589781,3.077107372264,0.045867726836
LN00625,Severely Adverse,0.464857530531,0.147290000000,1.490000000000,0.063210526238,0.094183684094,1.177296051180,0.102018609851
LN00626,Severely Adverse,0.034112998717,0.845000000000,8.720000000000,0.246155676970,2.146477503176,26.830968789703,0.251358219749
LN00627,Severely Adverse,0.111447449220,0.585000000000,4.075000000000,0.191032395455,0.778457011478,9.730712643480,0.265676788010
LN00628,Severely Adverse,0.009642186630,0.313170000000,10.212500000000,0.040151064143,0.410042742564,5.125534282046,0.030838110133
LN00629,Severely Adverse,0.111134475154,0.321100000000,8.910000000000,0.104737599130,0.933212008248,11.665150103106,0.317955844550
LN00630,Severely Adverse,0.209839715532,0.153530000000,1.080000000000,0.072461669511,0.078258603071,0.978232538394,0.034794026848
LN00631,Severely Adverse,0.209918473362,0.585000000000,1.070000000000,0.276116653280,0.295444819010,3.693060237621,0.131398468401
LN00632,Severely Adverse,0.194554012212,0.270270000000,1.785000000000,0.106409729973,0.189941368002,2.374267100025,0.093859071492
LN00633,Severely Adverse,0.008884300717,0.136370000000,1.480000000000,0.016854536984,0.024944714737,0.311808934207,0.001793097091
LN00634,Severely Adverse,0.041816686685,0.585000000000,9.540000000000,0.159732871544,1.523851594526,19.048144931573,0.233374746718
LN00635,Severely Adverse,0.009836430644,0.182000000000,6.370000000000,0.039948564781,0.254472357653,3.180904470665,0.011403767502
LN00636,Severely Adverse,0.013985677054,0.369850000000,13.450000000000,0.082281433166,1.106685276079,13.833565950992,0.069571505754
LN00637,Severely Adverse,0.112413258731,0.399880000000,6.660000000000,0.163550775470,1.089248164632,13.615602057899,0.299379080584
LN00638,Severely Adverse,0.104978187136,0.277810000000,5.520000000000,0.111292363241,0.614333845089,7.679173063608,0.160985225728
LN00639,Severely Adverse,0.115860640943,0.130000000000,14.880000000000,0.053648558975,0.798290557545,9.978631969318,0.224120823841
LN00640,Severely Adverse,0.194916918309,0.322270000000,7.170000000000,0.150457711756,1.078781793293,13.484772416167,0.450389825639
LN00641,Severely Adverse,0.116425205423,0.303030000000,4.225000000000,0.100684468439,0.425391879154,5.317398489426,0.149059394247
LN00642,Severely Adverse,0.225358613032,0.273130000000,19.700000000000,0.125266030743,2.467740805632,30.846760070405,1.212578300155
LN00643,Severely Adverse,0.007925761602,0.346060000000,5.030000000000,0.071192029507,0.358095908420,4.476198855255,0.013796228972
LN00644,Severely Adverse,0.014064665160,0.423670000000,3.310000000000,0.102125306807,0.338034765531,4.225434569135,0.019723550839
LN00645,Severely Adverse,0.114679161622,0.130000000000,1.940000000000,0.050057922194,0.097112369057,1.213904613211,0.028922084561
LN00646,Severely Adverse,0.199255585490,0.621920000000,9.050000000000,0.282349102317,2.555259375971,31.940742199641,1.121485355237
LN00647,Severely Adverse,0.003975403917,0.585000000000,15.440000000000,0.093893991178,1.449723223789,18.121540297357,0.035907438344
LN00648,Severely Adverse,0.041190082843,0.585000000000,4.260000000000,0.174176080210,0.741990101695,9.274876271192,0.102649805452
LN00649,Severely Adverse,0.109926932203,0.585000000000,16.580000000000,0.237663479273,3.940460486351,49.255756079393,1.066214293517
LN00650,Severely Adverse,0.003829911982,0.585000000000,0.547500000000,0.046699607259,0.025568034974,0.319600437181,0.001226672934
LN00651,Severely Adverse,0.037283598900,0.585000000000,4.240000000000,0.166230588938,0.704817697096,8.810221213694,0.092478238712
LN00652,Severely Adverse,0.195625133428,0.342290000000,3.827500000000,0.134949524566,0.516519305277,6.456491315962,0.256291416791
LN00653,Severely Adverse,0.116986830533,0.265980000000,1.990000000000,0.088541370069,0.176197326437,2.202466580459,0.061921152799
LN00654,Severely Adverse,0.015074069430,0.342940000000,42.247500000000,0.052741119264,2.228180436094,27.852255451172,0.218398509147
LN00655,Severely Adverse,0.200566957372,0.313040000000,4.190000000000,0.146801464427,0.615098135948,7.688726699349,0.263071162607
LN00656,Severely Adverse,0.035916769395,0.585000000000,2.980000000000,0.172374792380,0.513676881294,6.420961016170,0.062613704086
LN00657,Severely Adverse,0.230114117527,0.349440000000,4.600000000000,0.166660831584,0.766639825285,9.582997816068,0.369890955252
LN00658,Severely Adverse,0.034233433753,0.231790000000,0.545000000000,0.047350367378,0.025805950221,0.322574377759,0.004324557347
LN00659,Severely Adverse,0.115244734556,0.297050000000,2.100000000000,0.122394427819,0.257028298420,3.212853730247,0.071890241640
LN00660,Severely Adverse,0.039489733235,0.130000000000,10.475000000000,0.027922541799,0.292488625340,3.656107816753,0.053775144233
LN00661,Severely Adverse,0.040493588091,0.351000000000,2.390000000000,0.106336499428,0.254144233633,3.176802920412,0.033969666114
LN00662,Severely Adverse,0.230544519511,0.585000000000,1.780000000000,0.238871886123,0.425191957298,5.314899466229,0.240066008166
LN00663,Severely Adverse,0.017152787255,0.130000000000,16.600000000000,0.032797043771,0.544430926591,6.805386582386,0.037015714896
LN00664,Severely Adverse,0.009802394589,0.371800000000,17.120000000000,0.081528469591,1.395767399400,17.447092492505,0.062394358874
LN00665,Severely Adverse,0.034522792762,0.209560000000,7.520000000000,0.061207116086,0.460277512965,5.753468912068,0.054404165314
LN00666,Severely Adverse,0.114000029959,0.306800000000,2.840000000000,0.126005985949,0.357857000096,4.473212501201,0.099329594103
LN00667,Severely Adverse,0.214306339136,0.585000000000,3.530000000000,0.276851879516,0.977287134692,12.216089183651,0.442553305632
LN00668,Severely Adverse,0.431514465145,0.585000000000,2.010000000000,0.259939459234,0.522478313060,6.530978913246,0.507396283841
LN00669,Severely Adverse,0.041053902395,0.198640000000,1.660000000000,0.060377262182,0.100226255222,1.252828190271,0.013537212305
LN00670,Severely Adverse,0.041642113273,0.130000000000,1.580000000000,0.039650030551,0.062647048270,0.783088103377,0.008553290066
LN00671,Severely Adverse,0.016623144271,0.509990000000,2.420000000000,0.127772237324,0.309208814324,3.865110179053,0.020515882379
LN00672,Severely Adverse,0.108378629565,0.585000000000,1.420000000000,0.188899502639,0.268237293748,3.352966171851,0.090030127580
LN00673,Severely Adverse,0.424501451437,0.130000000000,0.940000000000,0.058144405904,0.054655741550,0.683196769372,0.051874077366
LN00674,Severely Adverse,0.106579832324,0.307450000000,5.580000000000,0.123738555974,0.690461142333,8.630764279160,0.182845269519
LN00675,Severely Adverse,0.106113914891,0.220740000000,5.670000000000,0.088721775654,0.503052467956,6.288155849448,0.132811730199
LN00676,Severely Adverse,0.036826336289,0.845000000000,24.550000000000,0.215561217629,5.292027892796,66.150348659946,0.763953139729
LN00677,Severely Adverse,0.196671340708,0.246090000000,2.300000000000,0.115056153462,0.264629152964,3.307864412046,0.111317355540
LN00678,Severely Adverse,0.034083646245,0.281190000000,6.030000000000,0.081897574331,0.493842373217,6.173029665216,0.057791402340
LN00679,Severely Adverse,0.016913163586,0.845000000000,5.367500000000,0.135585737839,0.727756447849,9.096955598111,0.076710287690
LN00680,Severely Adverse,0.037292601775,0.585000000000,3.480000000000,0.173849242124,0.604995362590,7.562442032379,0.075920278694
LN00681,Severely Adverse,0.009774173255,0.308490000000,8.485000000000,0.039788434976,0.337604870772,4.220060884646,0.025584266492
LN00682,Severely Adverse,0.016263068774,0.130000000000,9.730000000000,0.032410779149,0.315356881124,3.941961014049,0.020571155692
LN00683,Severely Adverse,0.003443061532,0.276120000000,6.220000000000,0.041788519570,0.259924591723,3.249057396538,0.005913342494
LN00684,Severely Adverse,0.034792845509,0.585000000000,3.470000000000,0.152039646637,0.527577573829,6.594719672860,0.070627736741
LN00685,Severely Adverse,0.103129528527,0.249990000000,3.130000000000,0.099601294527,0.311752051871,3.896900648385,0.080695628118
LN00686,Severely Adverse,0.041673719959,0.731250000000,1.140000000000,0.223072502326,0.254302652652,3.178783158148,0.034740254801
LN00687,Severely Adverse,0.035330014359,0.845000000000,1.745000000000,0.174512600479,0.304524487836,3.806556097956,0.052094989423
LN00688,Severely Adverse,0.429291142629,0.305240000000,2.137500000000,0.122083338182,0.260953135365,3.261914192058,0.280091220654
LN00689,Severely Adverse,0.116430391164,0.585000000000,1.460000000000,0.222810244839,0.325302957465,4.066286968318,0.099443197093
LN00690,Severely Adverse,0.041685425486,0.328770000000,6.960000000000,0.100300236631,0.698089646954,8.726120586919,0.095386224666
LN00691,Severely Adverse,0.035484305858,0.130000000000,14.830000000000,0.038201768409,0.566532225506,7.081652818821,0.068410193264
LN00692,Severely Adverse,0.195074471125,0.362570000000,1.810000000000,0.169294555026,0.306423144597,3.830289307463,0.128017953302
LN00693,Severely Adverse,0.014444315806,0.304850000000,5.950000000000,0.062128667679,0.369665572687,4.620819658592,0.026199930556
LN00694,Severely Adverse,0.033957998735,0.244270000000,1.405000000000,0.049761016154,0.069914227697,0.873927846213,0.011654363093
LN00695,Severely Adverse,0.200791464942,0.310700000000,2.915000000000,0.123272603696,0.359339639774,4.491745497169,0.181854922279
LN00696,Severely Adverse,0.038328802685,0.259090000000,2.250000000000,0.077483454714,0.174337773106,2.179222163821,0.022343871347
LN00697,Severely Adverse,0.116023335054,0.267540000000,8.180000000000,0.110454353863,0.903516614599,11.293957682490,0.253914423433
LN00698,Severely Adverse,0.109375753762,0.585000000000,2.035000000000,0.189598807189,0.385833572630,4.822919657878,0.130209100459
LN00699,Severely Adverse,0.110986149421,0.585000000000,11.290000000000,0.190715432043,2.153177227766,26.914715347070,0.733024671774
LN00700,Severely Adverse,0.035182578571,0.585000000000,3.510000000000,0.171581207936,0.602250039855,7.528125498187,0.072242147709
LN00701,Severely Adverse,0.016992966631,0.585000000000,2.340000000000,0.147282374346,0.344640755971,4.308009449635,0.023261672021
LN00702,Severely Adverse,0.038741130148,0.227500000000,1.052500000000,0.048531703950,0.051079618407,0.638495230090,0.009276321482
LN00703,Severely Adverse,0.017237116829,0.585000000000,5.307500000000,0.094512040796,0.501622656524,6.270283206550,0.053519308577
LN00704,Severely Adverse,0.229533726563,0.302380000000,10.970000000000,0.144182018853,1.581676746814,19.770959335173,0.761388298371
LN00705,Severely Adverse,0.036451601077,0.227500000000,5.340000000000,0.047499158336,0.253645505516,3.170568818950,0.044283227568
LN00706,Severely Adverse,0.100862002962,0.845000000000,42.050000000000,0.334355658485,14.059655439309,175.745692991364,3.583853904755
LN00707,Severely Adverse,0.103519866024,0.306540000000,17.867500000000,0.097151925397,1.735862027028,21.698275337853,0.566989015344
LN00708,Severely Adverse,0.107542796946,0.199810000000,3.300000000000,0.080637751721,0.266104580680,3.326307258505,0.070910816651
LN00709,Severely Adverse,0.041431908679,0.303030000000,3.260000000000,0.092310937919,0.300933657614,3.761670720181,0.040929662796
LN00710,Severely Adverse,0.036713126012,0.333710000000,7.170000000000,0.098818160643,0.708526211812,8.856577647654,0.087843522308
LN00711,Severely Adverse,0.449373814697,0.255580000000,1.940000000000,0.107138666608,0.207849013219,2.598112665232,0.222810861547
LN00712,Severely Adverse,0.109435294865,0.182000000000,14.390000000000,0.073839742513,1.062553894761,13.281923684516,0.286608848545
LN00713,Severely Adverse,0.200311404852,0.585000000000,6.430000000000,0.274285517320,1.763655876370,22.045698454622,0.753481364920
LN00714,Severely Adverse,0.205666448572,0.130000000000,5.790000000000,0.059556571404,0.344832548428,4.310406855345,0.154805135840
LN00715,Severely Adverse,0.111474734117,0.261040000000,8.910000000000,0.106497669169,0.948894232292,11.861177903656,0.259275338531
LN00716,Severely Adverse,0.016499056263,0.275340000000,23.787500000000,0.043783983551,1.041511508709,13.018893858857,0.108063047977
LN00717,Severely Adverse,0.107485427890,0.585000000000,4.962500000000,0.188267916063,0.934279533461,11.678494168263,0.312036915005
LN00718,Severely Adverse,0.014746160506,0.323960000000,3.605000000000,0.049410859723,0.178126149300,2.226576866252,0.017221683997
LN00719,Severely Adverse,0.112699032829,0.287040000000,20.260000000000,0.116321479441,2.356673173468,29.458414668349,0.655393381563
LN00720,Severely Adverse,0.400645191735,0.227500000000,11.790000000000,0.103843464596,1.224314447589,15.303930594857,1.074620549402
LN00721,Severely Adverse,0.041359124376,0.585000000000,2.702500000000,0.127764317535,0.345283068139,4.316038351735,0.065387224672
LN00722,Severely Adverse,0.035060077622,0.292500000000,4.500000000000,0.085724147158,0.385758662210,4.821983277630,0.046147827170
LN00723,Severely Adverse,0.007902043172,0.585000000000,5.450000000000,0.120233548440,0.655272838999,8.190910487485,0.025193689143
LN00724,Severely Adverse,0.427834574833,0.585000000000,5.075000000000,0.234239486878,1.188765395904,14.859567448801,1.270187373358
LN00725,Severely Adverse,0.015900431172,0.228670000000,1.005000000000,0.035872998685,0.036052363678,0.450654545980,0.003654131354
LN00726,Severely Adverse,0.008824288354,0.315510000000,0.960000000000,0.067086844719,0.064403370930,0.805042136628,0.002672785170
LN00727,Severely Adverse,0.015574062469,0.261040000000,1.625000000000,0.040637877623,0.066036551138,0.825456889221,0.006606361559
LN00728,Severely Adverse,0.009916516728,0.153270000000,1.710000000000,0.032337562887,0.055297232537,0.691215406719,0.002599036727
LN00729,Severely Adverse,0.037634311145,0.237250000000,2.010000000000,0.050094147973,0.100689237425,1.258615467813,0.017946768042
LN00730,Severely Adverse,0.037563612447,0.256490000000,8.450000000000,0.068569592659,0.579413057973,7.242663224656,0.081413138584
LN00731,Severely Adverse,0.037085262638,0.301860000000,3.790000000000,0.089592058085,0.339553900143,4.244423751782,0.042427372470
LN00732,Severely Adverse,0.007807678884,0.585000000000,5.450000000000,0.110732465886,0.603491939078,7.543649238470,0.024892832202
LN00733,Severely Adverse,0.016187879761,0.229060000000,1.320000000000,0.057048267387,0.075303712951,0.941296411890,0.004894554374
LN00734,Severely Adverse,0.035411005776,0.585000000000,2.632500000000,0.120912614900,0.318302458724,3.978780734056,0.054533391533
LN00735,Severely Adverse,0.009117554154,0.585000000000,8.060000000000,0.125606050426,1.012384766437,12.654809580457,0.042990179592
LN00736,Severely Adverse,0.100067466334,0.279890000000,7.310000000000,0.087474826804,0.639440983935,7.993012299189,0.204737625842
LN00737,Severely Adverse,0.017684831285,0.365690000000,1.932500000000,0.059626281142,0.115227788307,1.440347353838,0.012497798203
LN00738,Severely Adverse,0.037487685700,0.585000000000,5.270000000000,0.166450989977,0.877196717178,10.964958964727,0.115572660629
LN00739,Severely Adverse,0.041036349718,0.585000000000,33.857500000000,0.127401798097,4.313506379067,53.918829738340,0.812792103179
LN00740,Severely Adverse,0.037543364344,0.338000000000,4.400000000000,0.100600564347,0.442642483126,5.533031039078,0.055834491453
LN00741,Severely Adverse,0.003470144758,0.319150000000,2.240000000000,0.041744496038,0.093507671125,1.168845889061,0.002480792607
LN00742,Severely Adverse,0.017076179445,0.292500000000,3.770000000000,0.073720619155,0.277926734214,3.474084177677,0.018830329979
LN00743,Severely Adverse,0.218208114343,0.585000000000,4.040000000000,0.236393887747,0.955031306500,11.937891331246,0.515713057438
LN00744,Severely Adverse,0.004234229182,0.258960000000,2.982500000000,0.021897592264,0.065309568928,0.816369611601,0.003270299287
LN00745,Severely Adverse,0.037139943797,0.246870000000,3.970000000000,0.051882959692,0.205975349976,2.574691874704,0.036399889563
LN00746,Severely Adverse,0.038909263311,0.585000000000,0.937500000000,0.124988483453,0.117176703237,1.464708790462,0.021339299097
LN00747,Severely Adverse,0.040707214949,0.286650000000,1.590000000000,0.062245276007,0.098969988851,1.237124860635,0.018553269833
LN00748,Severely Adverse,0.038851964846,0.585000000000,3.860000000000,0.175503104431,0.677441983103,8.468024788782,0.087731621819
LN00749,Severely Adverse,0.105850739357,0.292630000000,3.422500000000,0.093591236491,0.320316006889,4.003950086110,0.106012286109
LN00750,Severely Adverse,0.218752474544,0.237770000000,2.540000000000,0.112802474483,0.286518285187,3.581478564841,0.132112450716
